timestamp_utc,kind,relative_path,outcome
2026-08-29T06:35:00.745329+00:00,audio,171/Unknown Album/05 紡 (Live at 京都GROWLY 2024.12.28).m4a,deleted
2026-08-29T06:35:00.745329+00:00,sidecar,171/Unknown Album/05 紡 (Live at 京都GROWLY 2024.12.28).lrc,not_present
2026-08-29T06:35:00.745329+00:00,audio,171/my second car/06 インターセクション - Intersection.m4a,deleted
2026-08-29T06:35:00.745329+00:00,sidecar,171/my second car/06 インターセクション - Intersection.lrc,deleted
2026-08-29T06:35:00.745329+00:00,audio,36km_h/Unknown Album/07 時速36km _ ハロー 【MusicVideo】.m4a,deleted
2026-08-29T06:35:00.745329+00:00,sidecar,36km_h/Unknown Album/07 時速36km _ ハロー 【MusicVideo】.lrc,not_present
2026-08-29T06:35:00.745329+00:00,audio,6OCK/Unknown Album/08 Rche-Todestrieb[Remix].m4a,deleted
2026-08-29T06:35:00.745329+00:00,sidecar,6OCK/Unknown Album/08 Rche-Todestrieb[Remix].lrc,not_present
2026-08-29T06:35:00.745329+00:00,audio,88kasyo junrei/Unknown Album/02 絶妙Σ／八十八ヶ所巡礼.m4a,deleted
2026-08-29T06:35:00.745329+00:00,sidecar,88kasyo junrei/Unknown Album/02 絶妙Σ／八十八ヶ所巡礼.lrc,not_present
2026-08-29T06:35:00.745329+00:00,audio,88kasyo junrei/Unknown Album/03 八十八ヶ所巡礼／紫光.m4a,deleted
2026-08-29T06:35:00.745329+00:00,sidecar,88kasyo junrei/Unknown Album/03 八十八ヶ所巡礼／紫光.lrc,not_present
2026-08-29T06:35:00.745329+00:00,audio,AKAIKO-EN/Kienai - Ep/06 凛々爛々 - Rinrin Ranran.m4a,deleted
2026-08-29T06:35:00.745329+00:00,sidecar,AKAIKO-EN/Kienai - Ep/06 凛々爛々 - Rinrin Ranran.lrc,deleted
2026-08-29T06:35:00.745329+00:00,audio,AKAIKO-EN/Orange _ pray/07 オレンジ - Orange.m4a,deleted
2026-08-29T06:35:00.745329+00:00,sidecar,AKAIKO-EN/Orange _ pray/07 オレンジ - Orange.lrc,deleted
2026-08-29T06:35:00.745329+00:00,audio,ALBA SERA/Ego/08 エゴイスト - EGOIST.m4a,deleted
2026-08-29T06:35:00.745329+00:00,sidecar,ALBA SERA/Ego/08 エゴイスト - EGOIST.lrc,not_present
2026-08-29T06:35:00.745329+00:00,audio,AMAIDANTOUDAI/Memoire Rouge/03 Bloody Dress.m4a,deleted
2026-08-29T06:35:00.745329+00:00,sidecar,AMAIDANTOUDAI/Memoire Rouge/03 Bloody Dress.lrc,not_present
2026-08-29T06:35:00.745329+00:00,audio,ATLANTIS AIRPORT Official YouTube Channel/Unknown Album/05 ATLANTIS AIRPORT - 【映画の中の出来事】MV.m4a,deleted
2026-08-29T06:35:00.745329+00:00,sidecar,ATLANTIS AIRPORT Official YouTube Channel/Unknown Album/05 ATLANTIS AIRPORT - 【映画の中の出来事】MV.lrc,not_present
2026-08-29T06:35:00.745329+00:00,audio,AZgkft/Unknown Album/06 Anri-Shyness Boy.m4a,deleted
2026-08-29T06:35:00.745329+00:00,sidecar,AZgkft/Unknown Album/06 Anri-Shyness Boy.lrc,not_present
2026-08-29T06:35:00.745329+00:00,audio,Ado/Kyougen/02 踊 - Odo.m4a,deleted
2026-08-29T06:35:00.745329+00:00,sidecar,Ado/Kyougen/02 踊 - Odo.lrc,deleted
2026-08-29T06:35:00.745329+00:00,audio,Aelst system/Unknown Album/08 tfvsjs- _阡陌_.m4a,deleted
2026-08-29T06:35:00.745329+00:00,sidecar,Aelst system/Unknown Album/08 tfvsjs- _阡陌_.lrc,not_present
2026-08-29T06:35:00.745329+00:00,audio,Ai Higuchi/Unknown Album/09 ヒグチアイ (Ai Higuchi) _ 前線 (Zensen).m4a,deleted
2026-08-29T06:35:00.745329+00:00,sidecar,Ai Higuchi/Unknown Album/09 ヒグチアイ (Ai Higuchi) _ 前線 (Zensen).lrc,deleted
2026-08-29T06:35:00.745329+00:00,audio,"Aiobahn, Yuka Nagase/sora de oyasumi/13 宙でおやすみ - sora de oyasumi.m4a",deleted
2026-08-29T06:35:00.745329+00:00,sidecar,"Aiobahn, Yuka Nagase/sora de oyasumi/13 宙でおやすみ - sora de oyasumi.lrc",deleted
2026-08-29T06:35:00.745329+00:00,audio,Aiobahn/all connected EP m3 repack/12 宙でおやすみ (demo instrumental).m4a,deleted
2026-08-29T06:35:00.745329+00:00,sidecar,Aiobahn/all connected EP m3 repack/12 宙でおやすみ (demo instrumental).lrc,not_present
2026-08-29T06:35:00.745329+00:00,audio,Akai Ko-En/Journey/15 Journey.m4a,deleted
2026-08-29T06:35:00.745329+00:00,sidecar,Akai Ko-En/Journey/15 Journey.lrc,deleted
2026-08-29T06:35:00.745329+00:00,audio,Akilese/Unknown Album/22 Elena Siegman - Lullaby for a dead man Lyrics.m4a,deleted
2026-08-29T06:35:00.745329+00:00,sidecar,Akilese/Unknown Album/22 Elena Siegman - Lullaby for a dead man Lyrics.lrc,not_present
2026-08-29T06:35:00.745329+00:00,audio,Akilese/Unknown Album/23 Elena Siegman - Beauty Of Annihilation Lyric.m4a,deleted
2026-08-29T06:35:00.745329+00:00,sidecar,Akilese/Unknown Album/23 Elena Siegman - Beauty Of Annihilation Lyric.lrc,not_present
2026-08-29T06:35:00.745329+00:00,audio,Alex B. Argo/Unknown Album/26 Gregory and the Hawk - In Your Dreams (Full Album).m4a,deleted
2026-08-29T06:35:00.745329+00:00,sidecar,Alex B. Argo/Unknown Album/26 Gregory and the Hawk - In Your Dreams (Full Album).lrc,not_present
2026-08-29T06:35:00.745329+00:00,audio,Alex's Brain/Unknown Album/27 80s Remix_ Tronicbox _Somebody That I Used To Know_ Gotye.m4a,deleted
2026-08-29T06:35:00.745329+00:00,sidecar,Alex's Brain/Unknown Album/27 80s Remix_ Tronicbox _Somebody That I Used To Know_ Gotye.lrc,not_present
2026-08-29T06:35:00.745329+00:00,audio,Alexa Melo/Lotus Flower/28 Idioteque.m4a,deleted
2026-08-29T06:35:00.745329+00:00,sidecar,Alexa Melo/Lotus Flower/28 Idioteque.lrc,deleted
2026-08-29T06:35:00.745329+00:00,audio,AmaLee/Unknown Album/32 Courage (From _Sword Art Online II_).m4a,deleted
2026-08-29T06:35:00.745329+00:00,sidecar,AmaLee/Unknown Album/32 Courage (From _Sword Art Online II_).lrc,deleted
2026-08-29T06:35:00.745329+00:00,audio,Amane Kanata/Unknown Album/33 【1人2役】獣ゆく細道／天音かなた(Cover).m4a,deleted
2026-08-29T06:35:00.745329+00:00,sidecar,Amane Kanata/Unknown Album/33 【1人2役】獣ゆく細道／天音かなた(Cover).lrc,not_present
2026-08-29T06:35:00.745329+00:00,audio,Amazing world of JAPANESE MUSIC/Unknown Album/34 Inkya Impulse (インキャインパルス) Asobi Asobase Ending Full.m4a,deleted
2026-08-29T06:35:00.745329+00:00,sidecar,Amazing world of JAPANESE MUSIC/Unknown Album/34 Inkya Impulse (インキャインパルス) Asobi Asobase Ending Full.lrc,not_present
2026-08-29T06:35:00.745329+00:00,audio,Aooo/Aooo/37 イエロートイ.m4a,deleted
2026-08-29T06:35:00.745329+00:00,sidecar,Aooo/Aooo/37 イエロートイ.lrc,not_present
2026-08-29T06:35:00.745329+00:00,audio,Aooo/Aooo/38 サラダボウル.m4a,deleted
2026-08-29T06:35:00.745329+00:00,sidecar,Aooo/Aooo/38 サラダボウル.lrc,deleted
2026-08-29T06:35:00.745329+00:00,audio,Aooo/SALAD BOWL/01 サラダボウル - SALAD BOWL.m4a,deleted
2026-08-29T06:35:00.745329+00:00,sidecar,Aooo/SALAD BOWL/01 サラダボウル - SALAD BOWL.lrc,deleted
2026-08-29T06:35:00.745329+00:00,audio,April/Unknown Album/42 ねこぼーろ - 嘘と絵画.m4a,deleted
2026-08-29T06:35:00.745329+00:00,sidecar,April/Unknown Album/42 ねこぼーろ - 嘘と絵画.lrc,not_present
2026-08-29T06:35:00.745329+00:00,audio,Aquarifa/Tsukiakari No Seinishite/45 switch.m4a,deleted
2026-08-29T06:35:00.745329+00:00,sidecar,Aquarifa/Tsukiakari No Seinishite/45 switch.lrc,not_present
2026-08-29T06:35:00.745329+00:00,audio,Aquarifa/kimi-to-mita-tuki-wo-sagashite/07 switch.m4a,deleted
2026-08-29T06:35:00.745329+00:00,sidecar,Aquarifa/kimi-to-mita-tuki-wo-sagashite/07 switch.lrc,not_present
2026-08-29T06:35:00.745329+00:00,audio,Arknights Official - Yostar/Unknown Album/46 Arknights EP - [Requiem].m4a,deleted
2026-08-29T06:35:00.745329+00:00,sidecar,Arknights Official - Yostar/Unknown Album/46 Arknights EP - [Requiem].lrc,not_present
2026-08-29T06:35:00.745329+00:00,audio,Arlo Parks/Collapsed In Sunbeams/47 Caroline.m4a,deleted
2026-08-29T06:35:00.745329+00:00,sidecar,Arlo Parks/Collapsed In Sunbeams/47 Caroline.lrc,deleted
2026-08-29T06:35:00.745329+00:00,audio,Asian Shoegaze/Unknown Album/50 揺らぎ - night life e. p. [HQ].m4a,deleted
2026-08-29T06:35:00.745329+00:00,sidecar,Asian Shoegaze/Unknown Album/50 揺らぎ - night life e. p. [HQ].lrc,not_present
2026-08-29T06:35:00.745329+00:00,audio,AsianIceCreamJK/Unknown Album/51 Tommy Heavenly - Pray [Opening 1 Gintama](Sub Español - Romaji).m4a,deleted
2026-08-29T06:35:00.745329+00:00,sidecar,AsianIceCreamJK/Unknown Album/51 Tommy Heavenly - Pray [Opening 1 Gintama](Sub Español - Romaji).lrc,not_present
2026-08-29T06:35:00.745329+00:00,audio,Astrophysics/Unknown Album/52 Sewerslvt - Pretty Cvnt (Astrophysics Remix).m4a,deleted
2026-08-29T06:35:00.745329+00:00,sidecar,Astrophysics/Unknown Album/52 Sewerslvt - Pretty Cvnt (Astrophysics Remix).lrc,not_present
2026-08-29T06:35:00.745329+00:00,audio,Audiotree/Unknown Album/53 Delta Sleep on Audiotree Live (Full Session).m4a,deleted
2026-08-29T06:35:00.745329+00:00,sidecar,Audiotree/Unknown Album/53 Delta Sleep on Audiotree Live (Full Session).lrc,not_present
2026-08-29T06:35:00.745329+00:00,audio,Audiotree/Unknown Album/54 La Dispute on Audiotree Live (Full Session).m4a,deleted
2026-08-29T06:35:00.745329+00:00,sidecar,Audiotree/Unknown Album/54 La Dispute on Audiotree Live (Full Session).lrc,not_present
2026-08-29T06:35:00.745329+00:00,audio,"Audiotree/Unknown Album/55 Beat 'em Up, Donatello! - Casey Jones _ Dancing Alone _ Audiotree Worldwide.m4a",deleted
2026-08-29T06:35:00.745329+00:00,sidecar,"Audiotree/Unknown Album/55 Beat 'em Up, Donatello! - Casey Jones _ Dancing Alone _ Audiotree Worldwide.lrc",not_present
2026-08-29T06:35:00.745329+00:00,audio,Audiotree/Unknown Album/56 Hana Vu on Audiotree Live (Full Session).m4a,deleted
2026-08-29T06:35:00.745329+00:00,sidecar,Audiotree/Unknown Album/56 Hana Vu on Audiotree Live (Full Session).lrc,not_present
2026-08-29T06:35:00.745329+00:00,audio,Austin Weber/Unknown Album/57 THIS MAN FLEW TO JAPAN TO SING ABBA IN A BIG COLD RIVER - _Mamma Mia_ (Official Music Video).m4a,deleted
2026-08-29T06:35:00.745329+00:00,sidecar,Austin Weber/Unknown Album/57 THIS MAN FLEW TO JAPAN TO SING ABBA IN A BIG COLD RIVER - _Mamma Mia_ (Official Music Video).lrc,deleted
2026-08-29T06:35:00.745329+00:00,audio,Avenged Sevenfold/Unknown Album/58 Malagueña Salerosa.m4a,deleted
2026-08-29T06:35:00.745329+00:00,sidecar,Avenged Sevenfold/Unknown Album/58 Malagueña Salerosa.lrc,deleted
2026-08-29T06:35:00.745329+00:00,audio,BABYSBARTER/Unknown Album/1381 Heatmiser - Christian Brothers.m4a,deleted
2026-08-29T06:35:00.745329+00:00,sidecar,BABYSBARTER/Unknown Album/1381 Heatmiser - Christian Brothers.lrc,not_present
2026-08-29T06:35:00.745329+00:00,audio,BADBADNOTGOOD/BBNG x Odd Future/60 SHE.m4a,deleted
2026-08-29T06:35:00.745329+00:00,sidecar,BADBADNOTGOOD/BBNG x Odd Future/60 SHE.lrc,not_present
2026-08-29T06:35:00.745329+00:00,audio,BAND-MAID/Sense/61 Sense.m4a,deleted
2026-08-29T06:35:00.745329+00:00,sidecar,BAND-MAID/Sense/61 Sense.lrc,deleted
2026-08-29T06:35:00.745329+00:00,audio,BASI/MELLOW/64 BASI _ 果てない (Official Video).m4a,deleted
2026-08-29T06:35:00.745329+00:00,sidecar,BASI/MELLOW/64 BASI _ 果てない (Official Video).lrc,deleted
2026-08-29T06:35:00.745329+00:00,audio,BLACKBUTZ/Unknown Album/66 Blurry Eyes _ L'Arc〜en〜Ciel(cover).m4a,deleted
2026-08-29T06:35:00.745329+00:00,sidecar,BLACKBUTZ/Unknown Album/66 Blurry Eyes _ L'Arc〜en〜Ciel(cover).lrc,not_present
2026-08-29T06:35:00.745329+00:00,audio,BRDNST/Aruarian Dance/69 _Samurai Champloo - Shiki No Uta_ (Nujabes) - The Brotet.m4a,deleted
2026-08-29T06:35:00.745329+00:00,sidecar,BRDNST/Aruarian Dance/69 _Samurai Champloo - Shiki No Uta_ (Nujabes) - The Brotet.lrc,not_present
2026-08-29T06:35:00.745329+00:00,audio,BRDNST/Unknown Album/70 JBird - I'm Kool Now [Official Music Video].m4a,deleted
2026-08-29T06:35:00.745329+00:00,sidecar,BRDNST/Unknown Album/70 JBird - I'm Kool Now [Official Music Video].lrc,not_present
2026-08-29T06:35:00.745329+00:00,audio,BRDNST/Unknown Album/71 Luv[sic] VI (JBird Ver.).m4a,deleted
2026-08-29T06:35:00.745329+00:00,sidecar,BRDNST/Unknown Album/71 Luv[sic] VI (JBird Ver.).lrc,not_present
2026-08-29T06:35:00.745329+00:00,audio,BUTAOTOME/Trauma Recorder/72 トラウマレコーダー - Trauma Recorder.m4a,deleted
2026-08-29T06:35:00.745329+00:00,sidecar,BUTAOTOME/Trauma Recorder/72 トラウマレコーダー - Trauma Recorder.lrc,deleted
2026-08-29T06:35:00.745329+00:00,audio,Bad__Scooter/Unknown Album/73 Christone _Kingfish_ Ingram - Hey Joe_Redbone_Old Town Road.m4a,deleted
2026-08-29T06:35:00.745329+00:00,sidecar,Bad__Scooter/Unknown Album/73 Christone _Kingfish_ Ingram - Hey Joe_Redbone_Old Town Road.lrc,not_present
2026-08-29T06:35:00.745329+00:00,audio,Bentham/Re_ Public (2014-2019)/07 TONIGHT.m4a,deleted
2026-08-29T06:35:00.745329+00:00,sidecar,Bentham/Re_ Public (2014-2019)/07 TONIGHT.lrc,not_present
2026-08-29T06:35:00.745329+00:00,audio,Bentham/Re_ Wonder/78 Bentham _ Chicago【Official Music Video】.m4a,deleted
2026-08-29T06:35:00.745329+00:00,sidecar,Bentham/Re_ Wonder/78 Bentham _ Chicago【Official Music Video】.lrc,deleted
2026-08-29T06:35:00.745329+00:00,audio,Bentham/Unknown Album/77 Bentham _ White【Official Music Video】.m4a,deleted
2026-08-29T06:35:00.745329+00:00,sidecar,Bentham/Unknown Album/77 Bentham _ White【Official Music Video】.lrc,deleted
2026-08-29T06:35:00.745329+00:00,audio,BetoCrazy/Unknown Album/79 CINDY - Angel Touch (1990) - Track 7 - 私達を信じていて.m4a,deleted
2026-08-29T06:35:00.745329+00:00,sidecar,BetoCrazy/Unknown Album/79 CINDY - Angel Touch (1990) - Track 7 - 私達を信じていて.lrc,not_present
2026-08-29T06:35:00.745329+00:00,audio,Between The Buried And Me/Colors_Live/80 Mordecai.m4a,deleted
2026-08-29T06:35:00.745329+00:00,sidecar,Between The Buried And Me/Colors_Live/80 Mordecai.lrc,deleted
2026-08-29T06:35:00.745329+00:00,audio,Black Midi/Slow (loud)/83 Slow (Loud).m4a,deleted
2026-08-29T06:35:00.745329+00:00,sidecar,Black Midi/Slow (loud)/83 Slow (Loud).lrc,deleted
2026-08-29T06:35:00.745329+00:00,audio,Blume popo/apocalypsis/88 ゴルゴダ - Golgotha.m4a,deleted
2026-08-29T06:35:00.745329+00:00,sidecar,Blume popo/apocalypsis/88 ゴルゴダ - Golgotha.lrc,not_present
2026-08-29T06:35:00.745329+00:00,audio,Blumepopo/hana-wo-okuru/91 花を贈る - hana-wo-okuru.m4a,deleted
2026-08-29T06:35:00.745329+00:00,sidecar,Blumepopo/hana-wo-okuru/91 花を贈る - hana-wo-okuru.lrc,not_present
2026-08-29T06:35:00.745329+00:00,audio,Boris/Japanese Heavy Rock Hits Live -25th Anniversary Show-/93 BORIS _PINK_(official video).m4a,deleted
2026-08-29T06:35:00.745329+00:00,sidecar,Boris/Japanese Heavy Rock Hits Live -25th Anniversary Show-/93 BORIS _PINK_(official video).lrc,not_present
2026-08-29T06:35:00.745329+00:00,audio,"Bradframe/Unknown Album/94 Let Us Just Call It Abstract - And As Technique Became Invisible, All That Was Left Was Pure Emotion.m4a",deleted
2026-08-29T06:35:00.745329+00:00,sidecar,"Bradframe/Unknown Album/94 Let Us Just Call It Abstract - And As Technique Became Invisible, All That Was Left Was Pure Emotion.lrc",not_present
2026-08-29T06:35:00.745329+00:00,audio,Brandy Senki/Unknown Album/96 ブランデー戦記 1st EP『人類滅亡ワンダーランド』トレーラー.m4a,deleted
2026-08-29T06:35:00.745329+00:00,sidecar,Brandy Senki/Unknown Album/96 ブランデー戦記 1st EP『人類滅亡ワンダーランド』トレーラー.lrc,not_present
2026-08-29T06:35:00.745329+00:00,audio,Burak Yiğit Ova/Unknown Album/97 Weeping Willows - Last Night I Dreamt That Somebody Loved Me.m4a,deleted
2026-08-29T06:35:00.745329+00:00,sidecar,Burak Yiğit Ova/Unknown Album/97 Weeping Willows - Last Night I Dreamt That Somebody Loved Me.lrc,not_present
2026-08-29T06:35:00.745329+00:00,audio,Burak Yiğit Ova/Unknown Album/99 Weeping Willows - Last Night I Dreamt That Somebody Loved Me.m4a,deleted
2026-08-29T06:35:00.745329+00:00,sidecar,Burak Yiğit Ova/Unknown Album/99 Weeping Willows - Last Night I Dreamt That Somebody Loved Me.lrc,not_present
2026-08-29T06:35:00.745329+00:00,audio,Butaotome/Trauma Recorder/74 トラウマレコーダー - Trauma Recorder.m4a,deleted
2026-08-29T06:35:00.745329+00:00,sidecar,Butaotome/Trauma Recorder/74 トラウマレコーダー - Trauma Recorder.lrc,not_present
2026-08-29T06:35:00.745329+00:00,audio,CAT ATE HOTDOGS/Cankeri/01 CANKERI.m4a,deleted
2026-08-29T06:35:00.745329+00:00,sidecar,CAT ATE HOTDOGS/Cankeri/01 CANKERI.lrc,not_present
2026-08-29T06:35:00.745329+00:00,audio,COIL/ROPELAND MUSIC/15 天才ヴァガボンド.m4a,deleted
2026-08-29T06:35:00.745329+00:00,sidecar,COIL/ROPELAND MUSIC/15 天才ヴァガボンド.lrc,not_present
2026-08-29T06:35:00.745329+00:00,audio,CRUX labe/Unknown Album/101 WHITE ASH _ Crowds【Music Video Short Ver】.m4a,deleted
2026-08-29T06:35:00.745329+00:00,sidecar,CRUX labe/Unknown Album/101 WHITE ASH _ Crowds【Music Video Short Ver】.lrc,not_present
2026-08-29T06:35:00.745329+00:00,audio,Cafuné/Acoustic Vibes/103 Tek It.m4a,deleted
2026-08-29T06:35:00.745329+00:00,sidecar,Cafuné/Acoustic Vibes/103 Tek It.lrc,deleted
2026-08-29T06:35:00.745329+00:00,audio,Cafuné/Running/102 Want Me Out.m4a,deleted
2026-08-29T06:35:00.745329+00:00,sidecar,Cafuné/Running/102 Want Me Out.lrc,deleted
2026-08-29T06:35:00.745329+00:00,audio,Chilli Beans./d a n c i n g a l o n e/112 Chilli Beans. - lemonade (Official Music Video).m4a,deleted
2026-08-29T06:35:00.745329+00:00,sidecar,Chilli Beans./d a n c i n g a l o n e/112 Chilli Beans. - lemonade (Official Music Video).lrc,deleted
2026-08-29T06:35:00.745329+00:00,audio,Christone _Kingfish_ Ingram/Live in London/118 662.m4a,deleted
2026-08-29T06:35:00.745329+00:00,sidecar,Christone _Kingfish_ Ingram/Live in London/118 662.lrc,deleted
2026-08-29T06:35:00.745329+00:00,audio,Cinema Staff/Best Of The Super Cinema 2008-2011_2012-2019/16 Great Escape.m4a,deleted
2026-08-29T06:35:00.745329+00:00,sidecar,Cinema Staff/Best Of The Super Cinema 2008-2011_2012-2019/16 Great Escape.lrc,deleted
2026-08-29T06:35:00.745329+00:00,audio,CodyLee/Dancing Lights/01 おどる ひかり - Dancing Lights.m4a,deleted
2026-08-29T06:35:00.745329+00:00,sidecar,CodyLee/Dancing Lights/01 おどる ひかり - Dancing Lights.lrc,deleted
2026-08-29T06:35:00.745329+00:00,audio,Coil/Unknown Album/126 COIL／天才ヴァガボンド.m4a,deleted
2026-08-29T06:35:00.745329+00:00,sidecar,Coil/Unknown Album/126 COIL／天才ヴァガボンド.lrc,not_present
2026-08-29T06:35:00.745329+00:00,audio,Coletta/Mind & Time/127 Coletta - Blossom.m4a,deleted
2026-08-29T06:35:00.745329+00:00,sidecar,Coletta/Mind & Time/127 Coletta - Blossom.lrc,deleted
2026-08-29T06:35:00.745329+00:00,audio,Covet/Combinisions IV/131 Nero.m4a,deleted
2026-08-29T06:35:00.745329+00:00,sidecar,Covet/Combinisions IV/131 Nero.lrc,not_present
2026-08-29T06:35:00.745329+00:00,audio,CreepHyp/Unknown Album/134 クリープ - Creap.m4a,deleted
2026-08-29T06:35:00.745329+00:00,sidecar,CreepHyp/Unknown Album/134 クリープ - Creap.lrc,deleted
2026-08-29T06:35:00.745329+00:00,audio,CrushingDreams/Unknown Album/135 石橋英子(Eiko Ishibashi) - Drifting Devil (2009) [Full Album].m4a,deleted
2026-08-29T06:35:00.745329+00:00,sidecar,CrushingDreams/Unknown Album/135 石橋英子(Eiko Ishibashi) - Drifting Devil (2009) [Full Album].lrc,not_present
2026-08-29T06:35:00.745329+00:00,audio,Cö shu Nie/Aurora/134 Defection.m4a,deleted
2026-08-29T06:35:00.745329+00:00,sidecar,Cö shu Nie/Aurora/134 Defection.lrc,deleted
2026-08-29T06:35:00.745329+00:00,audio,Cö shu Nie/Aurora/136 Defection.m4a,deleted
2026-08-29T06:35:00.745329+00:00,sidecar,Cö shu Nie/Aurora/136 Defection.lrc,deleted
2026-08-29T06:35:00.745329+00:00,audio,Cö shu Nie/Flos Ex Machina/08 夏の深雪 - Deep Summer Snow.m4a,deleted
2026-08-29T06:35:00.745329+00:00,sidecar,Cö shu Nie/Flos Ex Machina/08 夏の深雪 - Deep Summer Snow.lrc,deleted
2026-08-29T06:35:00.745329+00:00,audio,Cö shu Nie/I am the light/01 I am the light.m4a,deleted
2026-08-29T06:35:00.745329+00:00,sidecar,Cö shu Nie/I am the light/01 I am the light.lrc,deleted
2026-08-29T06:35:00.745329+00:00,audio,"Cö shu Nie/SAKURA BURST/03 o=私とペットと電話線 - o=Me, pet, and wire.m4a",deleted
2026-08-29T06:35:00.745329+00:00,sidecar,"Cö shu Nie/SAKURA BURST/03 o=私とペットと電話線 - o=Me, pet, and wire.lrc",not_present
2026-08-29T06:35:00.745329+00:00,audio,Cö shu Nie/Unknown Album/138 Cö shu Nie – asphyxia (Official Video) _ “東京喰種トーキョーグール_re” OP.m4a,deleted
2026-08-29T06:35:00.745329+00:00,sidecar,Cö shu Nie/Unknown Album/138 Cö shu Nie – asphyxia (Official Video) _ “東京喰種トーキョーグール_re” OP.lrc,not_present
2026-08-29T06:35:00.745329+00:00,audio,Cö shu Nie/Unknown Album/139 Cö shu Nie feat. HYDE -MAISIE(Official Video) (feat. HYDE).m4a,deleted
2026-08-29T06:35:00.745329+00:00,sidecar,Cö shu Nie/Unknown Album/139 Cö shu Nie feat. HYDE -MAISIE(Official Video) (feat. HYDE).lrc,not_present
2026-08-29T06:35:00.745329+00:00,audio,Cö shu Nie/Unknown Album/143 Cö shu Nie – asphyxia (Official Video) _ “東京喰種トーキョーグール_re” OP.m4a,deleted
2026-08-29T06:35:00.745329+00:00,sidecar,Cö shu Nie/Unknown Album/143 Cö shu Nie – asphyxia (Official Video) _ “東京喰種トーキョーグール_re” OP.lrc,not_present
2026-08-29T06:35:00.745329+00:00,audio,Cö shu Nie/Unknown Album/144 Cö shu Nie feat. HYDE -MAISIE(Official Video) (feat. HYDE).m4a,deleted
2026-08-29T06:35:00.745329+00:00,sidecar,Cö shu Nie/Unknown Album/144 Cö shu Nie feat. HYDE -MAISIE(Official Video) (feat. HYDE).lrc,deleted
2026-08-29T06:35:00.745329+00:00,audio,Cö shu Nie/Won't Leave You Behind/01 Won’t Leave You Behind - Won't Leave You Behind.m4a,deleted
2026-08-29T06:35:00.745329+00:00,sidecar,Cö shu Nie/Won't Leave You Behind/01 Won’t Leave You Behind - Won't Leave You Behind.lrc,deleted
2026-08-29T06:35:00.745329+00:00,audio,Cö shu Nie/asphyxia/01 asphyxia.m4a,deleted
2026-08-29T06:35:00.745329+00:00,sidecar,Cö shu Nie/asphyxia/01 asphyxia.lrc,deleted
2026-08-29T06:35:00.745329+00:00,audio,Cö shu Nie/undress me/01 undress me.m4a,deleted
2026-08-29T06:35:00.745329+00:00,sidecar,Cö shu Nie/undress me/01 undress me.lrc,deleted
2026-08-29T06:35:00.745329+00:00,audio,DADARAY/DADASTATION/145 イキツクシ - Ikitsukushi.m4a,deleted
2026-08-29T06:35:00.745329+00:00,sidecar,DADARAY/DADASTATION/145 イキツクシ - Ikitsukushi.lrc,deleted
2026-08-29T06:35:00.745329+00:00,audio,DAX -Space Shower Digital Archives X-/Unknown Album/147 NATSUMEN - LIVE @ KAIKOO POPWAVE FESTIVAL'10.m4a,deleted
2026-08-29T06:35:00.745329+00:00,sidecar,DAX -Space Shower Digital Archives X-/Unknown Album/147 NATSUMEN - LIVE @ KAIKOO POPWAVE FESTIVAL'10.lrc,not_present
2026-08-29T06:35:00.745329+00:00,audio,DAX -Space Shower Digital Archives X-/Unknown Album/148 カネコアヤノ - さよーならあなた @ 森、道、市場 2019.m4a,deleted
2026-08-29T06:35:00.745329+00:00,sidecar,DAX -Space Shower Digital Archives X-/Unknown Album/148 カネコアヤノ - さよーならあなた @ 森、道、市場 2019.lrc,not_present
2026-08-29T06:35:00.745329+00:00,audio,DEBOIN/Unknown Album/149 泉まくら _ Izumi Makura - 棄てるなどして (prod. EVISBEATS).m4a,deleted
2026-08-29T06:35:00.745329+00:00,sidecar,DEBOIN/Unknown Album/149 泉まくら _ Izumi Makura - 棄てるなどして (prod. EVISBEATS).lrc,not_present
2026-08-29T06:35:00.745329+00:00,audio,DECO_27/Aimai Elegy/02 モザイクロール - Mozaik Role (feat. marina).m4a,deleted
2026-08-29T06:35:00.745329+00:00,sidecar,DECO_27/Aimai Elegy/02 モザイクロール - Mozaik Role (feat. marina).lrc,not_present
2026-08-29T06:35:00.745329+00:00,audio,DEXCORE/Unknown Album/151 DRAGOUT..m4a,deleted
2026-08-29T06:35:00.745329+00:00,sidecar,DEXCORE/Unknown Album/151 DRAGOUT..lrc,not_present
2026-08-29T06:35:00.745329+00:00,audio,DIR EN GREY/DECADE 2003-2007/152 OBSCURE.m4a,deleted
2026-08-29T06:35:00.745329+00:00,sidecar,DIR EN GREY/DECADE 2003-2007/152 OBSCURE.lrc,deleted
2026-08-29T06:35:00.745329+00:00,audio,DROPS/Unknown Album/153 Drop's「Tシャツと涙」Music Video.m4a,deleted
2026-08-29T06:35:00.745329+00:00,sidecar,DROPS/Unknown Album/153 Drop's「Tシャツと涙」Music Video.lrc,deleted
2026-08-29T06:35:00.745329+00:00,audio,David Dean Burkhart/Unknown Album/156 Rosemary Fairweather - Chemicals.m4a,deleted
2026-08-29T06:35:00.745329+00:00,sidecar,David Dean Burkhart/Unknown Album/156 Rosemary Fairweather - Chemicals.lrc,not_present
2026-08-29T06:35:00.745329+00:00,audio,David Dean Burkhart/Unknown Album/157 Skinshape - I Didn't Know.m4a,deleted
2026-08-29T06:35:00.745329+00:00,sidecar,David Dean Burkhart/Unknown Album/157 Skinshape - I Didn't Know.lrc,not_present
2026-08-29T06:35:00.745329+00:00,audio,David Hoffman/Unknown Album/158 BB King Was Afraid To Perform At Sing Sing Prison But Called It His Best Performance Ever.m4a,deleted
2026-08-29T06:35:00.745329+00:00,sidecar,David Hoffman/Unknown Album/158 BB King Was Afraid To Perform At Sing Sing Prison But Called It His Best Performance Ever.lrc,not_present
2026-08-29T06:35:00.745329+00:00,audio,DeNeel/Ignition _ Blackout/159 導火 - Ignition.m4a,deleted
2026-08-29T06:35:00.745329+00:00,sidecar,DeNeel/Ignition _ Blackout/159 導火 - Ignition.lrc,not_present
2026-08-29T06:35:00.745329+00:00,audio,Deco VGM/Unknown Album/161 Deco Mixing - Diagonal.m4a,deleted
2026-08-29T06:35:00.745329+00:00,sidecar,Deco VGM/Unknown Album/161 Deco Mixing - Diagonal.lrc,not_present
2026-08-29T06:35:00.745329+00:00,audio,Develop One's Faculties/Best/163 Develop One's Faculties「ねえ」MV.m4a,deleted
2026-08-29T06:35:00.745329+00:00,sidecar,Develop One's Faculties/Best/163 Develop One's Faculties「ねえ」MV.lrc,not_present
2026-08-29T06:35:00.745329+00:00,audio,Dios/CASTLE Tour 2022 - Live Selection/167 逃避行 - Live ver. - Runaway - Live ver..m4a,deleted
2026-08-29T06:35:00.745329+00:00,sidecar,Dios/CASTLE Tour 2022 - Live Selection/167 逃避行 - Live ver. - Runaway - Live ver..lrc,deleted
2026-08-29T06:35:00.745329+00:00,audio,Dios/Theater - Kan Sano Remix/02 劇場 - Theater.m4a,deleted
2026-08-29T06:35:00.745329+00:00,sidecar,Dios/Theater - Kan Sano Remix/02 劇場 - Theater.lrc,deleted
2026-08-29T06:35:00.745329+00:00,audio,Dire Straits/Unknown Album/169 Sultans Of Swing (Alchemy Live).m4a,deleted
2026-08-29T06:35:00.745329+00:00,sidecar,Dire Straits/Unknown Album/169 Sultans Of Swing (Alchemy Live).lrc,deleted
2026-08-29T06:35:00.745329+00:00,audio,Dirty Loops/Unknown Album/170 Rock You.m4a,deleted
2026-08-29T06:35:00.745329+00:00,sidecar,Dirty Loops/Unknown Album/170 Rock You.lrc,deleted
2026-08-29T06:35:00.745329+00:00,audio,Dna Volkov Lohan Kikuchi/Unknown Album/171 Yuuwaku no Akai Kiss💋 MutanT👹 mOnsteR.m4a,deleted
2026-08-29T06:35:00.745329+00:00,sidecar,Dna Volkov Lohan Kikuchi/Unknown Album/171 Yuuwaku no Akai Kiss💋 MutanT👹 mOnsteR.lrc,not_present
2026-08-29T06:35:00.745329+00:00,audio,Dopamine Cloud/Unknown Album/172 Sajjanu - Marv Merchants + Annie Wilkes.m4a,deleted
2026-08-29T06:35:00.745329+00:00,sidecar,Dopamine Cloud/Unknown Album/172 Sajjanu - Marv Merchants + Annie Wilkes.lrc,not_present
2026-08-29T06:35:00.745329+00:00,audio,Douglas Azzevedo./Unknown Album/173 Gang Jah Mind - Roots Rai Reggae.m4a,deleted
2026-08-29T06:35:00.745329+00:00,sidecar,Douglas Azzevedo./Unknown Album/173 Gang Jah Mind - Roots Rai Reggae.lrc,not_present
2026-08-29T06:35:00.745329+00:00,audio,Drop's/Unknown Album/1385 Drop's「こわして」Studio Session.m4a,deleted
2026-08-29T06:35:00.745329+00:00,sidecar,Drop's/Unknown Album/1385 Drop's「こわして」Studio Session.lrc,deleted
2026-08-29T06:35:00.745329+00:00,audio,Drops152/Unknown Album/174 Oddisee - The Gospel.m4a,deleted
2026-08-29T06:35:00.745329+00:00,sidecar,Drops152/Unknown Album/174 Oddisee - The Gospel.lrc,not_present
2026-08-29T06:35:00.745329+00:00,audio,EGO-WRAPPIN'/Night Food/176 Kuchibashi Ni Cherry.m4a,deleted
2026-08-29T06:35:00.745329+00:00,sidecar,EGO-WRAPPIN'/Night Food/176 Kuchibashi Ni Cherry.lrc,deleted
2026-08-29T06:35:00.745329+00:00,audio,ELFENSJóN/LUEUR BLANCHE/01 LUEUR BLANCHE.m4a,deleted
2026-08-29T06:35:00.745329+00:00,sidecar,ELFENSJóN/LUEUR BLANCHE/01 LUEUR BLANCHE.lrc,not_present
2026-08-29T06:35:00.745329+00:00,audio,EVISBEATS/ムスヒ/179 夢の続き - Yumenotsuduki (feat. DENGARYU).m4a,deleted
2026-08-29T06:35:00.745329+00:00,sidecar,EVISBEATS/ムスヒ/179 夢の続き - Yumenotsuduki (feat. DENGARYU).lrc,deleted
2026-08-29T06:35:00.745329+00:00,audio,EVOL RECORDS OFFICIAL CHANNEL/Unknown Album/180 VELTPUNCH【New cinema paradox】(Official Music Video).m4a,deleted
2026-08-29T06:35:00.745329+00:00,sidecar,EVOL RECORDS OFFICIAL CHANNEL/Unknown Album/180 VELTPUNCH【New cinema paradox】(Official Music Video).lrc,not_present
2026-08-29T06:35:00.745329+00:00,audio,EVOL RECORDS OFFICIAL CHANNEL/Unknown Album/181 VELTPUNCH【Suicide King】(Official Music Video).m4a,deleted
2026-08-29T06:35:00.745329+00:00,sidecar,EVOL RECORDS OFFICIAL CHANNEL/Unknown Album/181 VELTPUNCH【Suicide King】(Official Music Video).lrc,not_present
2026-08-29T06:35:00.745329+00:00,audio,East Of Eden/The First Eden - Seeds Of Hope (Selected Edition)/183 IKIZAMA.m4a,deleted
2026-08-29T06:35:00.745329+00:00,sidecar,East Of Eden/The First Eden - Seeds Of Hope (Selected Edition)/183 IKIZAMA.lrc,not_present
2026-08-29T06:35:00.745329+00:00,audio,Ecosystem/Dilemma/01 ジレンマ - Dilemma.m4a,deleted
2026-08-29T06:35:00.745329+00:00,sidecar,Ecosystem/Dilemma/01 ジレンマ - Dilemma.lrc,deleted
2026-08-29T06:35:00.745329+00:00,audio,EdgeOfTheEarth91/Unknown Album/185 The Tony Danza Tapdance Extravaganza - The Alpha The Omega (feat. Phil Bozeman & Alex Erian).m4a,deleted
2026-08-29T06:35:00.745329+00:00,sidecar,EdgeOfTheEarth91/Unknown Album/185 The Tony Danza Tapdance Extravaganza - The Alpha The Omega (feat. Phil Bozeman & Alex Erian).lrc,deleted
2026-08-29T06:35:00.745329+00:00,audio,Eiko Ishibashi/Unknown Album/186 To The East.m4a,deleted
2026-08-29T06:35:00.745329+00:00,sidecar,Eiko Ishibashi/Unknown Album/186 To The East.lrc,not_present
2026-08-29T06:35:00.745329+00:00,audio,Electric Young President/Unknown Album/187 Sakana Hosomi - TOKOSHIE [2013.11.06] (Full Album).m4a,deleted
2026-08-29T06:35:00.745329+00:00,sidecar,Electric Young President/Unknown Album/187 Sakana Hosomi - TOKOSHIE [2013.11.06] (Full Album).lrc,not_present
2026-08-29T06:35:00.745329+00:00,audio,Elza Kanzaki/ELZA2/188 革命 - Kakumei.m4a,deleted
2026-08-29T06:35:00.745329+00:00,sidecar,Elza Kanzaki/ELZA2/188 革命 - Kakumei.lrc,deleted
2026-08-29T06:35:00.745329+00:00,audio,Ema “BadSound” Tank/Unknown Album/189 Sōtaisei Riron ( 相対性理论)-Synchroniciteen (Full Album).m4a,deleted
2026-08-29T06:35:00.745329+00:00,sidecar,Ema “BadSound” Tank/Unknown Album/189 Sōtaisei Riron ( 相対性理论)-Synchroniciteen (Full Album).lrc,not_present
2026-08-29T06:35:00.745329+00:00,audio,Empty old City/From Noir into Clair/191 From Noir.m4a,deleted
2026-08-29T06:35:00.745329+00:00,sidecar,Empty old City/From Noir into Clair/191 From Noir.lrc,not_present
2026-08-29T06:35:00.745329+00:00,audio,Eve/Unknown Album/195 ドーナツホール 歌ってみた【Eve】.m4a,deleted
2026-08-29T06:35:00.745329+00:00,sidecar,Eve/Unknown Album/195 ドーナツホール 歌ってみた【Eve】.lrc,not_present
2026-08-29T06:35:00.745329+00:00,audio,Everoid/Unknown Album/196 Koxx - A Fool Moon Night.m4a,deleted
2026-08-29T06:35:00.745329+00:00,sidecar,Everoid/Unknown Album/196 Koxx - A Fool Moon Night.lrc,deleted
2026-08-29T06:35:00.745329+00:00,audio,FERN PLANET/Unknown Album/197 FERN PLANET［ソルジャーガールズ］(Official Music Video).m4a,deleted
2026-08-29T06:35:00.745329+00:00,sidecar,FERN PLANET/Unknown Album/197 FERN PLANET［ソルジャーガールズ］(Official Music Video).lrc,not_present
2026-08-29T06:35:00.745329+00:00,audio,"FKJ, Masego/Unknown Album/199 Masego_ NPR Music Tiny Desk Concert.m4a",deleted
2026-08-29T06:35:00.745329+00:00,sidecar,"FKJ, Masego/Unknown Album/199 Masego_ NPR Music Tiny Desk Concert.lrc",not_present
2026-08-29T06:35:00.745329+00:00,audio,FKJ/Unknown Album/198 FKJ - On my own (feat. Bas).m4a,deleted
2026-08-29T06:35:00.745329+00:00,sidecar,FKJ/Unknown Album/198 FKJ - On my own (feat. Bas).lrc,not_present
2026-08-29T06:35:00.745329+00:00,audio,FLiP/XX emotion/04 ワンダーランド - wonderland.m4a,deleted
2026-08-29T06:35:00.745329+00:00,sidecar,FLiP/XX emotion/04 ワンダーランド - wonderland.lrc,deleted
2026-08-29T06:35:00.745329+00:00,audio,FUJIYAMA PROJECT JAPAN/Unknown Album/205 sora tob sakana _ ribbon（MV）.m4a,deleted
2026-08-29T06:35:00.745329+00:00,sidecar,FUJIYAMA PROJECT JAPAN/Unknown Album/205 sora tob sakana _ ribbon（MV）.lrc,deleted
2026-08-29T06:35:00.745329+00:00,audio,Favio D/Unknown Album/206 Sorairo Days - Masaaki Endoh Version.m4a,deleted
2026-08-29T06:35:00.745329+00:00,sidecar,Favio D/Unknown Album/206 Sorairo Days - Masaaki Endoh Version.lrc,not_present
2026-08-29T06:35:00.745329+00:00,audio,Fearless Records/Unknown Album/208 Punk Goes Pop Vol. 6 - Slaves _Sweater Weather_.m4a,deleted
2026-08-29T06:35:00.745329+00:00,sidecar,Fearless Records/Unknown Album/208 Punk Goes Pop Vol. 6 - Slaves _Sweater Weather_.lrc,not_present
2026-08-29T06:35:00.745329+00:00,audio,Flying Lotus/Flamagra Instrumentals/210 More (Instrumental).m4a,deleted
2026-08-29T06:35:00.745329+00:00,sidecar,Flying Lotus/Flamagra Instrumentals/210 More (Instrumental).lrc,not_present
2026-08-29T06:35:00.745329+00:00,audio,"Foo Fighters/2017-10-28_ Voodoo Music + Arts Experience Festival, New Orleans, LA, USA/211 Run (Official Music Video).m4a",deleted
2026-08-29T06:35:00.745329+00:00,sidecar,"Foo Fighters/2017-10-28_ Voodoo Music + Arts Experience Festival, New Orleans, LA, USA/211 Run (Official Music Video).lrc",deleted
2026-08-29T06:35:00.745329+00:00,audio,Fullkawa Honpo/Hail Against the Barn Door/03 問うてはその応え - Toute Wa Sono Kotae.m4a,deleted
2026-08-29T06:35:00.745329+00:00,sidecar,Fullkawa Honpo/Hail Against the Barn Door/03 問うてはその応え - Toute Wa Sono Kotae.lrc,deleted
2026-08-29T06:35:00.745329+00:00,audio,GALNERYUS/HUNTING FOR YOUR DREAM/214 HUNTING FOR YOUR DREAM (Single Version).m4a,deleted
2026-08-29T06:35:00.745329+00:00,sidecar,GALNERYUS/HUNTING FOR YOUR DREAM/214 HUNTING FOR YOUR DREAM (Single Version).lrc,deleted
2026-08-29T06:35:00.745329+00:00,audio,GEZAN/狂 (KLUE)/215 東京.m4a,deleted
2026-08-29T06:35:00.745329+00:00,sidecar,GEZAN/狂 (KLUE)/215 東京.lrc,not_present
2026-08-29T06:35:00.745329+00:00,audio,GO TO THE BEDS/Unknown Album/216 majikami.m4a,deleted
2026-08-29T06:35:00.745329+00:00,sidecar,GO TO THE BEDS/Unknown Album/216 majikami.lrc,not_present
2026-08-29T06:35:00.745329+00:00,audio,GYARI（ココアシガレットP）、なきゃむりゃ/超銀河キズユカ歌合戦/01 アカリがやってきたぞっ.m4a,deleted
2026-08-29T06:35:00.745329+00:00,sidecar,GYARI（ココアシガレットP）、なきゃむりゃ/超銀河キズユカ歌合戦/01 アカリがやってきたぞっ.lrc,deleted
2026-08-29T06:35:00.745329+00:00,audio,Galileo Galilei Official/Unknown Album/218 僕らのthe pillows.m4a,deleted
2026-08-29T06:35:00.745329+00:00,sidecar,Galileo Galilei Official/Unknown Album/218 僕らのthe pillows.lrc,not_present
2026-08-29T06:35:00.745329+00:00,audio,Gen Hoshino/Unknown Album/219 星野源 – さらしもの [Official Video] (feat. PUNPEE).m4a,deleted
2026-08-29T06:35:00.745329+00:00,sidecar,Gen Hoshino/Unknown Album/219 星野源 – さらしもの [Official Video] (feat. PUNPEE).lrc,not_present
2026-08-29T06:35:00.745329+00:00,audio,Genie High/Genie High Story/03 不便な可愛げ feat. アイナ・ジ・エンド(BiSH) - Fuben Na Kawaige (feat. AiNA THE END).m4a,deleted
2026-08-29T06:35:00.745329+00:00,sidecar,Genie High/Genie High Story/03 不便な可愛げ feat. アイナ・ジ・エンド(BiSH) - Fuben Na Kawaige (feat. AiNA THE END).lrc,not_present
2026-08-29T06:35:00.745329+00:00,audio,Genie High/Genie High Story/221 シャミナミ - Shaminami.m4a,deleted
2026-08-29T06:35:00.745329+00:00,sidecar,Genie High/Genie High Story/221 シャミナミ - Shaminami.lrc,deleted
2026-08-29T06:35:00.745329+00:00,audio,Genie High/Monster (feat. yama)/01 モンスター - Monster (feat. yama).m4a,deleted
2026-08-29T06:35:00.745329+00:00,sidecar,Genie High/Monster (feat. yama)/01 モンスター - Monster (feat. yama).lrc,deleted
2026-08-29T06:35:00.745329+00:00,audio,Genie High/geniestar/223 コクーンさん - Cocoonsan.m4a,deleted
2026-08-29T06:35:00.745329+00:00,sidecar,Genie High/geniestar/223 コクーンさん - Cocoonsan.lrc,not_present
2026-08-29T06:35:00.745329+00:00,audio,Gestalt Girl/Umarekawattara/224 生まれ変わったら - Umarekawattara.m4a,deleted
2026-08-29T06:35:00.745329+00:00,sidecar,Gestalt Girl/Umarekawattara/224 生まれ変わったら - Umarekawattara.lrc,deleted
2026-08-29T06:35:00.745329+00:00,audio,Ghost like girlfriend/Manhattan Records presents CITY HIP POP MIX - Special Chapter -/225 Ghost like girlfriend - 煙と唾.m4a,deleted
2026-08-29T06:35:00.745329+00:00,sidecar,Ghost like girlfriend/Manhattan Records presents CITY HIP POP MIX - Special Chapter -/225 Ghost like girlfriend - 煙と唾.lrc,not_present
2026-08-29T06:35:00.745329+00:00,audio,Gill Snatch/Unknown Album/226 Gill Snatch - サニーサイドブルース [OFFICIAL MUSIC VIDEO].m4a,deleted
2026-08-29T06:35:00.745329+00:00,sidecar,Gill Snatch/Unknown Album/226 Gill Snatch - サニーサイドブルース [OFFICIAL MUSIC VIDEO].lrc,not_present
2026-08-29T06:35:00.745329+00:00,audio,Glim Spanky/Next One/228 怒りをくれよ - Ikari Wo Kureyo.m4a,deleted
2026-08-29T06:35:00.745329+00:00,sidecar,Glim Spanky/Next One/228 怒りをくれよ - Ikari Wo Kureyo.lrc,deleted
2026-08-29T06:35:00.745329+00:00,audio,Goose house/Unknown Album/229 少女S／SCANDAL（Cover）.m4a,deleted
2026-08-29T06:35:00.745329+00:00,sidecar,Goose house/Unknown Album/229 少女S／SCANDAL（Cover）.lrc,not_present
2026-08-29T06:35:00.745329+00:00,audio,Goose house/Unknown Album/230 Ref_rain／Aimer（Cover）.m4a,deleted
2026-08-29T06:35:00.745329+00:00,sidecar,Goose house/Unknown Album/230 Ref_rain／Aimer（Cover）.lrc,not_present
2026-08-29T06:35:00.745329+00:00,audio,Green Day/Revolution Radio/232 Revolution Radio.m4a,deleted
2026-08-29T06:35:00.745329+00:00,sidecar,Green Day/Revolution Radio/232 Revolution Radio.lrc,deleted
2026-08-29T06:35:00.745329+00:00,audio,HANABIE./Unknown Album/236 花冷え。- 踊 _ Ado(Band cover Metal ver.) (歌ってみた第3弾).m4a,deleted
2026-08-29T06:35:00.745329+00:00,sidecar,HANABIE./Unknown Album/236 花冷え。- 踊 _ Ado(Band cover Metal ver.) (歌ってみた第3弾).lrc,not_present
2026-08-29T06:35:00.745329+00:00,audio,HANABIE./Unknown Album/237 花冷え。「L.C.G」 MusicVideo【Official】.m4a,deleted
2026-08-29T06:35:00.745329+00:00,sidecar,HANABIE./Unknown Album/237 花冷え。「L.C.G」 MusicVideo【Official】.lrc,not_present
2026-08-29T06:35:00.745329+00:00,audio,HANABIE./Unknown Album/238 【呪術廻戦】女子大生がデスボとハイトーンで廻廻奇譚歌ってみた【花冷え。歌ってみた第二弾】.m4a,deleted
2026-08-29T06:35:00.745329+00:00,sidecar,HANABIE./Unknown Album/238 【呪術廻戦】女子大生がデスボとハイトーンで廻廻奇譚歌ってみた【花冷え。歌ってみた第二弾】.lrc,not_present
2026-08-29T06:35:00.745329+00:00,audio,HARUKA SUZUKI/Unknown Album/241 ∞(360°).m4a,deleted
2026-08-29T06:35:00.745329+00:00,sidecar,HARUKA SUZUKI/Unknown Album/241 ∞(360°).lrc,not_present
2026-08-29T06:35:00.745329+00:00,audio,"HOTEL DONUTS, TOSHIKI HAYASHI(%C), maco marets, Moka Sato/Convenience Boy _ Insomnia Girl/01 コンビニエンスボーイ - Convenience Boy.m4a",deleted
2026-08-29T06:35:00.745329+00:00,sidecar,"HOTEL DONUTS, TOSHIKI HAYASHI(%C), maco marets, Moka Sato/Convenience Boy _ Insomnia Girl/01 コンビニエンスボーイ - Convenience Boy.lrc",deleted
2026-08-29T06:35:00.745329+00:00,audio,Haku./Wakamono Nikki/246 ふたり基地 - Futari Kichi.m4a,deleted
2026-08-29T06:35:00.745329+00:00,sidecar,Haku./Wakamono Nikki/246 ふたり基地 - Futari Kichi.lrc,not_present
2026-08-29T06:35:00.745329+00:00,audio,HandsDown3003/Unknown Album/248 Jamiroquai - Canned Heat.m4a,deleted
2026-08-29T06:35:00.745329+00:00,sidecar,HandsDown3003/Unknown Album/248 Jamiroquai - Canned Heat.lrc,not_present
2026-08-29T06:35:00.745329+00:00,audio,Haze/NOIZE/06 死んだふりBABY - shindafuri baby.m4a,deleted
2026-08-29T06:35:00.745329+00:00,sidecar,Haze/NOIZE/06 死んだふりBABY - shindafuri baby.lrc,not_present
2026-08-29T06:35:00.745329+00:00,audio,Hechizeros Band/Sonidito (Remix)/01 El Sonidito (Discoteque Version).m4a,deleted
2026-08-29T06:35:00.745329+00:00,sidecar,Hechizeros Band/Sonidito (Remix)/01 El Sonidito (Discoteque Version).lrc,deleted
2026-08-29T06:35:00.745329+00:00,audio,Hello Sleepwalkers/Planless Perfection/258 神話崩壊 - Shinwa Houkai.m4a,deleted
2026-08-29T06:35:00.745329+00:00,sidecar,Hello Sleepwalkers/Planless Perfection/258 神話崩壊 - Shinwa Houkai.lrc,deleted
2026-08-29T06:35:00.745329+00:00,audio,Hello Sleepwalkers/Shin Sekai/257 新世界 - Shin Sekai.m4a,deleted
2026-08-29T06:35:00.745329+00:00,sidecar,Hello Sleepwalkers/Shin Sekai/257 新世界 - Shin Sekai.lrc,deleted
2026-08-29T06:35:00.745329+00:00,audio,Hema Label/Unknown Album/259 Annie Hall - The Wall (Official Audio).m4a,deleted
2026-08-29T06:35:00.745329+00:00,sidecar,Hema Label/Unknown Album/259 Annie Hall - The Wall (Official Audio).lrc,not_present
2026-08-29T06:35:00.745329+00:00,audio,High & Rooted Rock/Unknown Album/260 SING FOR YOUR SUPPER. The Mamas and the Papas.m4a,deleted
2026-08-29T06:35:00.745329+00:00,sidecar,High & Rooted Rock/Unknown Album/260 SING FOR YOUR SUPPER. The Mamas and the Papas.lrc,not_present
2026-08-29T06:35:00.745329+00:00,audio,Hitsujibungaku/our hope/265 OOPARTS.m4a,deleted
2026-08-29T06:35:00.745329+00:00,sidecar,Hitsujibungaku/our hope/265 OOPARTS.lrc,deleted
2026-08-29T06:35:00.745329+00:00,audio,Hoi Yan Tang/Unknown Album/266 Cadence - The Long Faces.m4a,deleted
2026-08-29T06:35:00.745329+00:00,sidecar,Hoi Yan Tang/Unknown Album/266 Cadence - The Long Faces.lrc,not_present
2026-08-29T06:35:00.745329+00:00,audio,Homecomings/Hurts/267 Hurts.m4a,deleted
2026-08-29T06:35:00.745329+00:00,sidecar,Homecomings/Hurts/267 Hurts.lrc,deleted
2026-08-29T06:35:00.745329+00:00,audio,Hump Back/Ningen Nanosa/271 Haikei Shounenyo.m4a,deleted
2026-08-29T06:35:00.745329+00:00,sidecar,Hump Back/Ningen Nanosa/271 Haikei Shounenyo.lrc,deleted
2026-08-29T06:35:00.745329+00:00,audio,Hump Back/人間なのさ/273 月まで - TSUKIMADE.m4a,deleted
2026-08-29T06:35:00.745329+00:00,sidecar,Hump Back/人間なのさ/273 月まで - TSUKIMADE.lrc,not_present
2026-08-29T06:35:00.745329+00:00,audio,IA PROJECT/Unknown Album/274 IA _ 日本橋高架下R計画 (じん) 【MUSIC VIDEO】.m4a,deleted
2026-08-29T06:35:00.745329+00:00,sidecar,IA PROJECT/Unknown Album/274 IA _ 日本橋高架下R計画 (じん) 【MUSIC VIDEO】.lrc,not_present
2026-08-29T06:35:00.745329+00:00,audio,INO hidefumi/Unknown Album/1362 Squall 「スコール」_ INO hidefumi.m4a,deleted
2026-08-29T06:35:00.745329+00:00,sidecar,INO hidefumi/Unknown Album/1362 Squall 「スコール」_ INO hidefumi.lrc,deleted
2026-08-29T06:35:00.745329+00:00,audio,Iain Ball/Unknown Album/276 Ichiko Aoba - Creep (Radiohead Cover).m4a,deleted
2026-08-29T06:35:00.745329+00:00,sidecar,Iain Ball/Unknown Album/276 Ichiko Aoba - Creep (Radiohead Cover).lrc,not_present
2026-08-29T06:35:00.745329+00:00,audio,"Ichika Nito/Unknown Album/281 I found my wallet, but having no money.m4a",deleted
2026-08-29T06:35:00.745329+00:00,sidecar,"Ichika Nito/Unknown Album/281 I found my wallet, but having no money.lrc",not_present
2026-08-29T06:35:00.745329+00:00,audio,Ichika Nito/Unknown Album/282 When you're unable to speak and the only thing you got is a guitar.m4a,deleted
2026-08-29T06:35:00.745329+00:00,sidecar,Ichika Nito/Unknown Album/282 When you're unable to speak and the only thing you got is a guitar.lrc,not_present
2026-08-29T06:35:00.745329+00:00,audio,Ichika/Unknown Album/277 _Sprout_ w_ Yvette Young.m4a,deleted
2026-08-29T06:35:00.745329+00:00,sidecar,Ichika/Unknown Album/277 _Sprout_ w_ Yvette Young.lrc,not_present
2026-08-29T06:35:00.745329+00:00,audio,Ichika/Unknown Album/278 THE 100 LEVELS OF Pokemon SOLO GUITAR.m4a,deleted
2026-08-29T06:35:00.745329+00:00,sidecar,Ichika/Unknown Album/278 THE 100 LEVELS OF Pokemon SOLO GUITAR.lrc,not_present
2026-08-29T06:35:00.745329+00:00,audio,Ichika/Unknown Album/279 When you hit 1million subscribers (feat. enon kawatani).m4a,deleted
2026-08-29T06:35:00.745329+00:00,sidecar,Ichika/Unknown Album/279 When you hit 1million subscribers (feat. enon kawatani).lrc,not_present
2026-08-29T06:35:00.745329+00:00,audio,Importan Joe/Unknown Album/286 OMEGAH RED feat. MF DOOM and RZA - Books of War.m4a,deleted
2026-08-29T06:35:00.745329+00:00,sidecar,Importan Joe/Unknown Album/286 OMEGAH RED feat. MF DOOM and RZA - Books of War.lrc,not_present
2026-08-29T06:35:00.745329+00:00,audio,Ines K./Unknown Album/287 Youth - Daughter.m4a,deleted
2026-08-29T06:35:00.745329+00:00,sidecar,Ines K./Unknown Album/287 Youth - Daughter.lrc,not_present
2026-08-29T06:35:00.745329+00:00,audio,Inspira/Unknown Album/288 Sonicbrat - A Matter of Time.m4a,deleted
2026-08-29T06:35:00.745329+00:00,sidecar,Inspira/Unknown Album/288 Sonicbrat - A Matter of Time.lrc,not_present
2026-08-29T06:35:00.745329+00:00,audio,Instinct of Sight/Blended Abstract/289 光影.m4a,deleted
2026-08-29T06:35:00.745329+00:00,sidecar,Instinct of Sight/Blended Abstract/289 光影.lrc,deleted
2026-08-29T06:35:00.745329+00:00,audio,Insurgent/Sentient/01 Colours Bleed.m4a,deleted
2026-08-29T06:35:00.745329+00:00,sidecar,Insurgent/Sentient/01 Colours Bleed.lrc,not_present
2026-08-29T06:35:00.745329+00:00,audio,Itoki Hana/Unknown Album/292 もしもいちばんに_ If I could be the _ONE_【糸奇はな_Itoki Hana】.m4a,deleted
2026-08-29T06:35:00.745329+00:00,sidecar,Itoki Hana/Unknown Album/292 もしもいちばんに_ If I could be the _ONE_【糸奇はな_Itoki Hana】.lrc,not_present
2026-08-29T06:35:00.745329+00:00,audio,Itoki Hana/Unknown Album/293 Nightmare _ Itoki Hana.m4a,deleted
2026-08-29T06:35:00.745329+00:00,sidecar,Itoki Hana/Unknown Album/293 Nightmare _ Itoki Hana.lrc,not_present
2026-08-29T06:35:00.745329+00:00,audio,Itoki Hana/Unknown Album/294 とうしんだい(As You Are)_【糸奇はな_Itoki Hana】.m4a,deleted
2026-08-29T06:35:00.745329+00:00,sidecar,Itoki Hana/Unknown Album/294 とうしんだい(As You Are)_【糸奇はな_Itoki Hana】.lrc,not_present
2026-08-29T06:35:00.745329+00:00,audio,Itoki Hana/Unknown Album/295 ◆ぼくの死因◇CAUSE of MY DEATH◆.m4a,deleted
2026-08-29T06:35:00.745329+00:00,sidecar,Itoki Hana/Unknown Album/295 ◆ぼくの死因◇CAUSE of MY DEATH◆.lrc,not_present
2026-08-29T06:35:00.745329+00:00,audio,Itoki Hana/Unknown Album/296 【糸奇はな_Itoki Hana】74【Composed by Toby Fox】.m4a,deleted
2026-08-29T06:35:00.745329+00:00,sidecar,Itoki Hana/Unknown Album/296 【糸奇はな_Itoki Hana】74【Composed by Toby Fox】.lrc,not_present
2026-08-29T06:35:00.745329+00:00,audio,Ivory/Unknown Album/297 Berserk soundtrack - Silver Fins - Waiting So Long (full song).m4a,deleted
2026-08-29T06:35:00.745329+00:00,sidecar,Ivory/Unknown Album/297 Berserk soundtrack - Silver Fins - Waiting So Long (full song).lrc,not_present
2026-08-29T06:35:00.745329+00:00,audio,JSASL/Unknown Album/298 loqto - 107.5.m4a,deleted
2026-08-29T06:35:00.745329+00:00,sidecar,JSASL/Unknown Album/298 loqto - 107.5.lrc,not_present
2026-08-29T06:35:00.745329+00:00,audio,JYOCHO/TVアニメ「伊藤潤二『コレクション』」オリジナル・サウンドトラック/300 互いの宇宙 (short ver.) - A Parallel Universe (Short Ver.).m4a,deleted
2026-08-29T06:35:00.745329+00:00,sidecar,JYOCHO/TVアニメ「伊藤潤二『コレクション』」オリジナル・サウンドトラック/300 互いの宇宙 (short ver.) - A Parallel Universe (Short Ver.).lrc,not_present
2026-08-29T06:35:00.745329+00:00,audio,JYOCHO/TVアニメ「伊藤潤二『コレクション』」オリジナル・サウンドトラック/311 互いの宇宙 (short ver.) - A Parallel Universe (Short Ver.).m4a,deleted
2026-08-29T06:35:00.745329+00:00,sidecar,JYOCHO/TVアニメ「伊藤潤二『コレクション』」オリジナル・サウンドトラック/311 互いの宇宙 (short ver.) - A Parallel Universe (Short Ver.).lrc,not_present
2026-08-29T06:35:00.745329+00:00,audio,Jeison Fabián parra Guevara/Unknown Album/306 Soutaisei Riron - Natsu no Ougonhi (相対性理論 - 夏の黄金比).m4a,deleted
2026-08-29T06:35:00.745329+00:00,sidecar,Jeison Fabián parra Guevara/Unknown Album/306 Soutaisei Riron - Natsu no Ougonhi (相対性理論 - 夏の黄金比).lrc,not_present
2026-08-29T06:35:00.745329+00:00,audio,Jeison Fabián parra Guevara/Unknown Album/316 Soutaisei Riron - Natsu no Ougonhi (相対性理論 - 夏の黄金比).m4a,deleted
2026-08-29T06:35:00.745329+00:00,sidecar,Jeison Fabián parra Guevara/Unknown Album/316 Soutaisei Riron - Natsu no Ougonhi (相対性理論 - 夏の黄金比).lrc,not_present
2026-08-29T06:35:00.745329+00:00,audio,Jitterin' Jinn/パンチアウト/307 夏祭り - Natsumatsuri.m4a,deleted
2026-08-29T06:35:00.745329+00:00,sidecar,Jitterin' Jinn/パンチアウト/307 夏祭り - Natsumatsuri.lrc,deleted
2026-08-29T06:35:00.745329+00:00,audio,Jitterin' Jinn/パンチアウト/317 夏祭り.m4a,deleted
2026-08-29T06:35:00.745329+00:00,sidecar,Jitterin' Jinn/パンチアウト/317 夏祭り.lrc,deleted
2026-08-29T06:35:00.745329+00:00,audio,Jmontes1111/Unknown Album/308 Sweet Trip - Darkness.m4a,deleted
2026-08-29T06:35:00.745329+00:00,sidecar,Jmontes1111/Unknown Album/308 Sweet Trip - Darkness.lrc,deleted
2026-08-29T06:35:00.745329+00:00,audio,Jools Reid/Unknown Album/310 Disconnection.m4a,deleted
2026-08-29T06:35:00.745329+00:00,sidecar,Jools Reid/Unknown Album/310 Disconnection.lrc,not_present
2026-08-29T06:35:00.745329+00:00,audio,Jun Sembommatsu/Unknown Album/311 mouse on the keys - Aom (Machinic Phylum) HD quality.m4a,deleted
2026-08-29T06:35:00.745329+00:00,sidecar,Jun Sembommatsu/Unknown Album/311 mouse on the keys - Aom (Machinic Phylum) HD quality.lrc,not_present
2026-08-29T06:35:00.745329+00:00,audio,"Junko Yagami/Communication (+3, 2012 Remastered)/03 COMMUNICATION - Communication (2012 Remastered).m4a",deleted
2026-08-29T06:35:00.745329+00:00,sidecar,"Junko Yagami/Communication (+3, 2012 Remastered)/03 COMMUNICATION - Communication (2012 Remastered).lrc",deleted
2026-08-29T06:35:00.745329+00:00,audio,Jyocho/A Parallel Universe/02 Pure Circle.m4a,deleted
2026-08-29T06:35:00.745329+00:00,sidecar,Jyocho/A Parallel Universe/02 Pure Circle.lrc,not_present
2026-08-29T06:35:00.745329+00:00,audio,Jyocho/A Prayer in Vain/05 太陽と暮らしてきた.m4a,deleted
2026-08-29T06:35:00.745329+00:00,sidecar,Jyocho/A Prayer in Vain/05 太陽と暮らしてきた.lrc,deleted
2026-08-29T06:35:00.745329+00:00,audio,KAKUBARHYTHM/Unknown Album/313 SAKEROCK _ SAYONARA 【Music Video】.m4a,deleted
2026-08-29T06:35:00.745329+00:00,sidecar,KAKUBARHYTHM/Unknown Album/313 SAKEROCK _ SAYONARA 【Music Video】.lrc,not_present
2026-08-29T06:35:00.745329+00:00,audio,KEXP/Unknown Album/315 Kælan mikla - Ætli Það sé óhollt að láta sig dreyma (Live on KEXP).m4a,deleted
2026-08-29T06:35:00.745329+00:00,sidecar,KEXP/Unknown Album/315 Kælan mikla - Ætli Það sé óhollt að láta sig dreyma (Live on KEXP).lrc,not_present
2026-08-29T06:35:00.745329+00:00,audio,KEXP/Unknown Album/316 Slow Pulp - Full Performance (Live on KEXP at Home).m4a,deleted
2026-08-29T06:35:00.745329+00:00,sidecar,KEXP/Unknown Album/316 Slow Pulp - Full Performance (Live on KEXP at Home).lrc,not_present
2026-08-29T06:35:00.745329+00:00,audio,KEXP/Unknown Album/317 black midi - Full Performance (Live on KEXP at Home).m4a,deleted
2026-08-29T06:35:00.745329+00:00,sidecar,KEXP/Unknown Album/317 black midi - Full Performance (Live on KEXP at Home).lrc,not_present
2026-08-29T06:35:00.745329+00:00,audio,KEYTALK/HOT!/318 パラレル.m4a,deleted
2026-08-29T06:35:00.745329+00:00,sidecar,KEYTALK/HOT!/318 パラレル.lrc,deleted
2026-08-29T06:35:00.745329+00:00,audio,KISIDA KYODAN & THE AKEBOSI ROCKETS/BERSERKERS/320 entertainment punks.m4a,deleted
2026-08-29T06:35:00.745329+00:00,sidecar,KISIDA KYODAN & THE AKEBOSI ROCKETS/BERSERKERS/320 entertainment punks.lrc,not_present
2026-08-29T06:35:00.745329+00:00,audio,KISIDA KYODAN & THE AKEBOSI ROCKETS/BERSERKERS/321 エイトビート･バーサーカー - Eight Beat Berserker.m4a,deleted
2026-08-29T06:35:00.745329+00:00,sidecar,KISIDA KYODAN & THE AKEBOSI ROCKETS/BERSERKERS/321 エイトビート･バーサーカー - Eight Beat Berserker.lrc,not_present
2026-08-29T06:35:00.745329+00:00,audio,KISIDA KYODAN & THE AKEBOSI ROCKETS/GATE Ⅱ -Sekaiwo koete/322 GATE Ⅱ ～世界を超えて～ - GATE Ⅱ -Sekaiwo koete.m4a,deleted
2026-08-29T06:35:00.745329+00:00,sidecar,KISIDA KYODAN & THE AKEBOSI ROCKETS/GATE Ⅱ -Sekaiwo koete/322 GATE Ⅱ ～世界を超えて～ - GATE Ⅱ -Sekaiwo koete.lrc,deleted
2026-08-29T06:35:00.745329+00:00,audio,KISIDA KYODAN & THE AKEBOSI ROCKETS/Level up and physical attack/324 レベルを上げて物理で殴る - Level up and physical attack.m4a,deleted
2026-08-29T06:35:00.745329+00:00,sidecar,KISIDA KYODAN & THE AKEBOSI ROCKETS/Level up and physical attack/324 レベルを上げて物理で殴る - Level up and physical attack.lrc,not_present
2026-08-29T06:35:00.745329+00:00,audio,KISIDA KYODAN & THE AKEBOSI ROCKETS/Level up and physical attack/621 レベルを上げて物理で殴る - Level up and physical attack.m4a,deleted
2026-08-29T06:35:00.745329+00:00,sidecar,KISIDA KYODAN & THE AKEBOSI ROCKETS/Level up and physical attack/621 レベルを上げて物理で殴る - Level up and physical attack.lrc,not_present
2026-08-29T06:35:00.745329+00:00,audio,KISIDA KYODAN & THE AKEBOSI ROCKETS/Super Pro Max Ti/325 TRIGGER.m4a,deleted
2026-08-29T06:35:00.745329+00:00,sidecar,KISIDA KYODAN & THE AKEBOSI ROCKETS/Super Pro Max Ti/325 TRIGGER.lrc,not_present
2026-08-29T06:35:00.745329+00:00,audio,KISIDAKYOUDAN & THEAKEBOSHIROCKETS/LITERAL WORLD/327 暁を映して - akatsuki wo utushite.m4a,deleted
2026-08-29T06:35:00.745329+00:00,sidecar,KISIDAKYOUDAN & THEAKEBOSHIROCKETS/LITERAL WORLD/327 暁を映して - akatsuki wo utushite.lrc,not_present
2026-08-29T06:35:00.745329+00:00,audio,KOIAI/Come see me/330 Come see me.m4a,deleted
2026-08-29T06:35:00.745329+00:00,sidecar,KOIAI/Come see me/330 Come see me.lrc,not_present
2026-08-29T06:35:00.745329+00:00,audio,Kanaria/identity/01 アイデンティティ - identity.m4a,deleted
2026-08-29T06:35:00.745329+00:00,sidecar,Kanaria/identity/01 アイデンティティ - identity.lrc,deleted
2026-08-29T06:35:00.745329+00:00,audio,Kaneko Ayano/Unknown Album/335 カネコアヤノ『やさしい生活』.m4a,deleted
2026-08-29T06:35:00.745329+00:00,sidecar,Kaneko Ayano/Unknown Album/335 カネコアヤノ『やさしい生活』.lrc,not_present
2026-08-29T06:35:00.745329+00:00,audio,Kazuyoshi Saito/Unknown Album/337 Boy.m4a,deleted
2026-08-29T06:35:00.745329+00:00,sidecar,Kazuyoshi Saito/Unknown Album/337 Boy.lrc,not_present
2026-08-29T06:35:00.745329+00:00,audio,KenjiShumizu/Unknown Album/341 Let's go together - Afromania.m4a,deleted
2026-08-29T06:35:00.745329+00:00,sidecar,KenjiShumizu/Unknown Album/341 Let's go together - Afromania.lrc,not_present
2026-08-29T06:35:00.745329+00:00,audio,Kevin Zamora/Unknown Album/343 tricot - Pork Ginger (ポークジンジャー) _ english_japanese_romaji lyrics 歌詞.m4a,deleted
2026-08-29T06:35:00.745329+00:00,sidecar,Kevin Zamora/Unknown Album/343 tricot - Pork Ginger (ポークジンジャー) _ english_japanese_romaji lyrics 歌詞.lrc,not_present
2026-08-29T06:35:00.745329+00:00,audio,King Gnu/Ceremony/05 白日 - Hakujitsu.m4a,deleted
2026-08-29T06:35:00.745329+00:00,sidecar,King Gnu/Ceremony/05 白日 - Hakujitsu.lrc,deleted
2026-08-29T06:35:00.745329+00:00,audio,Kiro Akiyama/Unknown Album/348 秋山黄色『Caffeine』.m4a,deleted
2026-08-29T06:35:00.745329+00:00,sidecar,Kiro Akiyama/Unknown Album/348 秋山黄色『Caffeine』.lrc,deleted
2026-08-29T06:35:00.745329+00:00,audio,Kishida Kyoudan & The Akeboshi Rockets/Unknown Album/349 岸田教団&THE.m4a,deleted
2026-08-29T06:35:00.745329+00:00,sidecar,Kishida Kyoudan & The Akeboshi Rockets/Unknown Album/349 岸田教団&THE.lrc,not_present
2026-08-29T06:35:00.745329+00:00,audio,"Klangkarussell, GIVVEN/Ghostkeeper/350 Ghostkeeper.m4a",deleted
2026-08-29T06:35:00.745329+00:00,sidecar,"Klangkarussell, GIVVEN/Ghostkeeper/350 Ghostkeeper.lrc",deleted
2026-08-29T06:35:00.745329+00:00,audio,Knuxfan24's Song Gallery/Unknown Album/351 Dragon's Dogma - Into Free ~Dangan~.m4a,deleted
2026-08-29T06:35:00.745329+00:00,sidecar,Knuxfan24's Song Gallery/Unknown Album/351 Dragon's Dogma - Into Free ~Dangan~.lrc,not_present
2026-08-29T06:35:00.745329+00:00,audio,Kweh Wilde/Unknown Album/352 Every Time I Die - LOW TEENS [[ FULL ALBUM ]].m4a,deleted
2026-08-29T06:35:00.745329+00:00,sidecar,Kweh Wilde/Unknown Album/352 Every Time I Die - LOW TEENS [[ FULL ALBUM ]].lrc,not_present
2026-08-29T06:35:00.745329+00:00,audio,Kyro/Unknown Album/353 【Mashup】 Everybody's Circulation - TMABird (Lyrics).m4a,deleted
2026-08-29T06:35:00.745329+00:00,sidecar,Kyro/Unknown Album/353 【Mashup】 Everybody's Circulation - TMABird (Lyrics).lrc,not_present
2026-08-29T06:35:00.745329+00:00,audio,LD&K music/Unknown Album/354 日食なつこ - '水流のロック' Official Music Video.m4a,deleted
2026-08-29T06:35:00.745329+00:00,sidecar,LD&K music/Unknown Album/354 日食なつこ - '水流のロック' Official Music Video.lrc,not_present
2026-08-29T06:35:00.745329+00:00,audio,LING TOSITE SIGURE/Enigmatic Feeling/355 Enigmatic Feeling.m4a,deleted
2026-08-29T06:35:00.745329+00:00,sidecar,LING TOSITE SIGURE/Enigmatic Feeling/355 Enigmatic Feeling.lrc,deleted
2026-08-29T06:35:00.745329+00:00,audio,LING TOSITE SIGURE/Inspiration is DEAD/356 DISCO FLIGHT.m4a,deleted
2026-08-29T06:35:00.745329+00:00,sidecar,LING TOSITE SIGURE/Inspiration is DEAD/356 DISCO FLIGHT.lrc,deleted
2026-08-29T06:35:00.745329+00:00,audio,LING TOSITE SIGURE/Just a Moment/357 Telecastic Fake Show.m4a,deleted
2026-08-29T06:35:00.745329+00:00,sidecar,LING TOSITE SIGURE/Just a Moment/357 Telecastic Fake Show.lrc,deleted
2026-08-29T06:35:00.745329+00:00,audio,LING TOSITE SIGURE/i'mperfect/359 Abnormalize.m4a,deleted
2026-08-29T06:35:00.745329+00:00,sidecar,LING TOSITE SIGURE/i'mperfect/359 Abnormalize.lrc,deleted
2026-08-29T06:35:00.745329+00:00,audio,LING TOSITE SIGURE/last aurorally/360 アレキシサイミアスペア - alexithymiaspare.m4a,deleted
2026-08-29T06:35:00.745329+00:00,sidecar,LING TOSITE SIGURE/last aurorally/360 アレキシサイミアスペア - alexithymiaspare.lrc,deleted
2026-08-29T06:35:00.745329+00:00,audio,Lantis Channel/Unknown Album/366 [Official MV] 青空のラプソディ（スーパーちょろゴンず ver.）-9.22 Release-.m4a,deleted
2026-08-29T06:35:00.745329+00:00,sidecar,Lantis Channel/Unknown Album/366 [Official MV] 青空のラプソディ（スーパーちょろゴンず ver.）-9.22 Release-.lrc,not_present
2026-08-29T06:35:00.745329+00:00,audio,Laur/Collapse/367 【MV】Laur feat.藍月なくる - Collapse.m4a,deleted
2026-08-29T06:35:00.745329+00:00,sidecar,Laur/Collapse/367 【MV】Laur feat.藍月なくる - Collapse.lrc,not_present
2026-08-29T06:35:00.745329+00:00,audio,Leo/Unknown Album/369 Africa (Metal Cover) (feat. Hannah Boulton & Rabea Massaad).m4a,deleted
2026-08-29T06:35:00.745329+00:00,sidecar,Leo/Unknown Album/369 Africa (Metal Cover) (feat. Hannah Boulton & Rabea Massaad).lrc,not_present
2026-08-29T06:35:00.745329+00:00,audio,Leví Poblete/Unknown Album/370 Eiko Ishibashi - The Dream My Bones Dream [Full Album].m4a,deleted
2026-08-29T06:35:00.745329+00:00,sidecar,Leví Poblete/Unknown Album/370 Eiko Ishibashi - The Dream My Bones Dream [Full Album].lrc,not_present
2026-08-29T06:35:00.745329+00:00,audio,Leví Poblete/Unknown Album/371 Spangle call Lilli line - Dreams Never End [Full Album].m4a,deleted
2026-08-29T06:35:00.745329+00:00,sidecar,Leví Poblete/Unknown Album/371 Spangle call Lilli line - Dreams Never End [Full Album].lrc,not_present
2026-08-29T06:35:00.745329+00:00,audio,Lie and a Chameleon/WOTOSHIANA/11 されど奇術師は賽を振る - Saredo Kijutsushi wa Sai wo Furu.m4a,deleted
2026-08-29T06:35:00.745329+00:00,sidecar,Lie and a Chameleon/WOTOSHIANA/11 されど奇術師は賽を振る - Saredo Kijutsushi wa Sai wo Furu.lrc,deleted
2026-08-29T06:35:00.745329+00:00,audio,"Lil' Chief Records/Unknown Album/373 Sheep, Dog & Wolf - Breathe.m4a",deleted
2026-08-29T06:35:00.745329+00:00,sidecar,"Lil' Chief Records/Unknown Album/373 Sheep, Dog & Wolf - Breathe.lrc",deleted
2026-08-29T06:35:00.745329+00:00,audio,LilyChouChou2000/Unknown Album/378 Lily Chou-Chou「エーテル」Music Video.m4a,deleted
2026-08-29T06:35:00.745329+00:00,sidecar,LilyChouChou2000/Unknown Album/378 Lily Chou-Chou「エーテル」Music Video.lrc,not_present
2026-08-29T06:35:00.745329+00:00,audio,Ling tosite sigure/Enigmatic Feeling/366 Enigmatic Feeling.m4a,deleted
2026-08-29T06:35:00.745329+00:00,sidecar,Ling tosite sigure/Enigmatic Feeling/366 Enigmatic Feeling.lrc,deleted
2026-08-29T06:35:00.745329+00:00,audio,Ling tosite sigure/Just a Moment/07 Telecastic Fake Show.m4a,deleted
2026-08-29T06:35:00.745329+00:00,sidecar,Ling tosite sigure/Just a Moment/07 Telecastic Fake Show.lrc,deleted
2026-08-29T06:35:00.745329+00:00,audio,Ling tosite sigure/Just a Moment/369 Telecastic Fake Show.m4a,deleted
2026-08-29T06:35:00.745329+00:00,sidecar,Ling tosite sigure/Just a Moment/369 Telecastic Fake Show.lrc,deleted
2026-08-29T06:35:00.745329+00:00,audio,Ling tosite sigure/i'mperfect/370 Abnormalize.m4a,deleted
2026-08-29T06:35:00.745329+00:00,sidecar,Ling tosite sigure/i'mperfect/370 Abnormalize.lrc,deleted
2026-08-29T06:35:00.745329+00:00,audio,Ling tosite sigure/last aurorally/371 アレキシサイミアスペア - alexithymiaspare.m4a,deleted
2026-08-29T06:35:00.745329+00:00,sidecar,Ling tosite sigure/last aurorally/371 アレキシサイミアスペア - alexithymiaspare.lrc,deleted
2026-08-29T06:35:00.745329+00:00,audio,Lithuania HQ/Unknown Album/380 MILKSHAKE (TRFN Remix).m4a,deleted
2026-08-29T06:35:00.745329+00:00,sidecar,Lithuania HQ/Unknown Album/380 MILKSHAKE (TRFN Remix).lrc,not_present
2026-08-29T06:35:00.745329+00:00,audio,"LonePi, BCNO/MARBLE!!/04 ニンゲンでよかった - To be human, after all.m4a",deleted
2026-08-29T06:35:00.745329+00:00,sidecar,"LonePi, BCNO/MARBLE!!/04 ニンゲンでよかった - To be human, after all.lrc",not_present
2026-08-29T06:35:00.745329+00:00,audio,Lost in the Fog Official/Unknown Album/382 Lost in the Fog - Suicide Parade.m4a,deleted
2026-08-29T06:35:00.745329+00:00,sidecar,Lost in the Fog Official/Unknown Album/382 Lost in the Fog - Suicide Parade.lrc,not_present
2026-08-29T06:35:00.745329+00:00,audio,Lovely Summer Chan/LSC/10 ベッドルームの夢 (New Recording) - Bedroom no yume (New Recording).m4a,deleted
2026-08-29T06:35:00.745329+00:00,sidecar,Lovely Summer Chan/LSC/10 ベッドルームの夢 (New Recording) - Bedroom no yume (New Recording).lrc,not_present
2026-08-29T06:35:00.745329+00:00,audio,"Luca, haruka nakamura/船出 _ アストレイア/384 Astrea.m4a",deleted
2026-08-29T06:35:00.745329+00:00,sidecar,"Luca, haruka nakamura/船出 _ アストレイア/384 Astrea.lrc",not_present
2026-08-29T06:35:00.745329+00:00,audio,Ludo/The Edge 103.9 FM_ Acoustic Live and Rare 2008/386 Love Me Dead.m4a,deleted
2026-08-29T06:35:00.745329+00:00,sidecar,Ludo/The Edge 103.9 FM_ Acoustic Live and Rare 2008/386 Love Me Dead.lrc,deleted
2026-08-29T06:35:00.745329+00:00,audio,MEMAI SIREN/Unknown Album/390 眩暈SIREN - image _____ (OFFICIAL VIDEO) _ TVアニメ「pet」ED曲.m4a,deleted
2026-08-29T06:35:00.745329+00:00,sidecar,MEMAI SIREN/Unknown Album/390 眩暈SIREN - image _____ (OFFICIAL VIDEO) _ TVアニメ「pet」ED曲.lrc,not_present
2026-08-29T06:35:00.745329+00:00,audio,MFUB/Unknown Album/391 [BB against TheEvolutionFusion] Across The Ocean [WON].m4a,deleted
2026-08-29T06:35:00.745329+00:00,sidecar,MFUB/Unknown Album/391 [BB against TheEvolutionFusion] Across The Ocean [WON].lrc,not_present
2026-08-29T06:35:00.745329+00:00,audio,MONDO GROSSO/ラビリンス/392 MONDO GROSSO _ ラビリンス.m4a,deleted
2026-08-29T06:35:00.745329+00:00,sidecar,MONDO GROSSO/ラビリンス/392 MONDO GROSSO _ ラビリンス.lrc,not_present
2026-08-29T06:35:00.745329+00:00,audio,MY FIRST STORY/ALL LEAD TRACKS/393 REVIVER.m4a,deleted
2026-08-29T06:35:00.745329+00:00,sidecar,MY FIRST STORY/ALL LEAD TRACKS/393 REVIVER.lrc,deleted
2026-08-29T06:35:00.745329+00:00,audio,MYTH & ROID/MYTH & ROIDアルバム「eYe's」/395 ANGER_ANGER.m4a,deleted
2026-08-29T06:35:00.745329+00:00,sidecar,MYTH & ROID/MYTH & ROIDアルバム「eYe's」/395 ANGER_ANGER.lrc,deleted
2026-08-29T06:35:00.745329+00:00,audio,MYTH & ROID/MYTH & ROIDアルバム「eYe's」/405 ANGER_ANGER.m4a,deleted
2026-08-29T06:35:00.745329+00:00,sidecar,MYTH & ROID/MYTH & ROIDアルバム「eYe's」/405 ANGER_ANGER.lrc,deleted
2026-08-29T06:35:00.745329+00:00,audio,MYTH & ROID/TVアニメ「Re_ゼロから始める異世界生活 3rd season」エンディングテーマソング「NOX LUX」/01 NOX LUX.m4a,deleted
2026-08-29T06:35:00.745329+00:00,sidecar,MYTH & ROID/TVアニメ「Re_ゼロから始める異世界生活 3rd season」エンディングテーマソング「NOX LUX」/01 NOX LUX.lrc,deleted
2026-08-29T06:35:00.745329+00:00,audio,Mafumafu/Sore Wo Ai To Yobudake/01 それを愛と呼ぶだけ - Sore Wo Ai To Yobudake.m4a,deleted
2026-08-29T06:35:00.745329+00:00,sidecar,Mafumafu/Sore Wo Ai To Yobudake/01 それを愛と呼ぶだけ - Sore Wo Ai To Yobudake.lrc,deleted
2026-08-29T06:35:00.745329+00:00,audio,Majestic Casual/Unknown Album/398 NASAYA - Milk.m4a,deleted
2026-08-29T06:35:00.745329+00:00,sidecar,Majestic Casual/Unknown Album/398 NASAYA - Milk.lrc,deleted
2026-08-29T06:35:00.745329+00:00,audio,Manami Kakudo/Oar/400 わたしの金曜日 - Watashino Kinyobi.m4a,deleted
2026-08-29T06:35:00.745329+00:00,sidecar,Manami Kakudo/Oar/400 わたしの金曜日 - Watashino Kinyobi.lrc,not_present
2026-08-29T06:35:00.745329+00:00,audio,Mao Sasagawa/Japan's September Air Layer/01 日本の九月の気層です - Japan's September Air Layer.m4a,deleted
2026-08-29T06:35:00.745329+00:00,sidecar,Mao Sasagawa/Japan's September Air Layer/01 日本の九月の気層です - Japan's September Air Layer.lrc,deleted
2026-08-29T06:35:00.745329+00:00,audio,Mao Sasagawa/Unknown Album/403 笹川真生 単独公演『ひかりのそこ』 LIVE @新宿MARZ 2020.9.23.m4a,deleted
2026-08-29T06:35:00.745329+00:00,sidecar,Mao Sasagawa/Unknown Album/403 笹川真生 単独公演『ひかりのそこ』 LIVE @新宿MARZ 2020.9.23.lrc,not_present
2026-08-29T06:35:00.745329+00:00,audio,Mao Sasagawa/we are friends/404 rooftop.m4a,deleted
2026-08-29T06:35:00.745329+00:00,sidecar,Mao Sasagawa/we are friends/404 rooftop.lrc,not_present
2026-08-29T06:35:00.745329+00:00,audio,Marija Jevtic/Unknown Album/405 Negative - Bez straha (lyrics).m4a,deleted
2026-08-29T06:35:00.745329+00:00,sidecar,Marija Jevtic/Unknown Album/405 Negative - Bez straha (lyrics).lrc,not_present
2026-08-29T06:35:00.745329+00:00,audio,Marissa/Unknown Album/406 Marissa - Cold Blooded (studio cover).m4a,deleted
2026-08-29T06:35:00.745329+00:00,sidecar,Marissa/Unknown Album/406 Marissa - Cold Blooded (studio cover).lrc,not_present
2026-08-29T06:35:00.745329+00:00,audio,Marmalade butcher/Onomatomani[a]kus/409 XXXphobia.m4a,deleted
2026-08-29T06:35:00.745329+00:00,sidecar,Marmalade butcher/Onomatomani[a]kus/409 XXXphobia.lrc,not_present
2026-08-29T06:35:00.745329+00:00,audio,Marmalade butcher/Uteruchesis/410 Marmalade butcher - Anima.m4a,deleted
2026-08-29T06:35:00.745329+00:00,sidecar,Marmalade butcher/Uteruchesis/410 Marmalade butcher - Anima.lrc,not_present
2026-08-29T06:35:00.745329+00:00,audio,Mashinomi/Unknown Album/413 淡々とメロウ(tantan to mellow) _ ましのみ(Mashinomi).m4a,deleted
2026-08-29T06:35:00.745329+00:00,sidecar,Mashinomi/Unknown Album/413 淡々とメロウ(tantan to mellow) _ ましのみ(Mashinomi).lrc,deleted
2026-08-29T06:35:00.745329+00:00,audio,Mattis Dovier/Unknown Album/415 XXX - FLIGHT ATTENDANT _ 승무원.m4a,deleted
2026-08-29T06:35:00.745329+00:00,sidecar,Mattis Dovier/Unknown Album/415 XXX - FLIGHT ATTENDANT _ 승무원.lrc,deleted
2026-08-29T06:35:00.745329+00:00,audio,Maverick Mom/COMPASS/416 儚夏 - Mouka.m4a,deleted
2026-08-29T06:35:00.745329+00:00,sidecar,Maverick Mom/COMPASS/416 儚夏 - Mouka.lrc,deleted
2026-08-29T06:35:00.745329+00:00,audio,Maya/Unknown Album/418 Soundgarden - 4th Of July.m4a,deleted
2026-08-29T06:35:00.745329+00:00,sidecar,Maya/Unknown Album/418 Soundgarden - 4th Of July.lrc,deleted
2026-08-29T06:35:00.745329+00:00,audio,Mega Shinnosuke/シティポとシブヤ。/420 桃源郷とタクシー - Togenkyo To Taxi.m4a,deleted
2026-08-29T06:35:00.745329+00:00,sidecar,Mega Shinnosuke/シティポとシブヤ。/420 桃源郷とタクシー - Togenkyo To Taxi.lrc,deleted
2026-08-29T06:35:00.745329+00:00,audio,Meidogai/Unknown Album/422 東方 Touhou Eurobeat _ Chained Lady.m4a,deleted
2026-08-29T06:35:00.745329+00:00,sidecar,Meidogai/Unknown Album/422 東方 Touhou Eurobeat _ Chained Lady.lrc,not_present
2026-08-29T06:35:00.745329+00:00,audio,Memaisiren/Rokka/424 偽物の宴 - Nisemononoutage.m4a,deleted
2026-08-29T06:35:00.745329+00:00,sidecar,Memaisiren/Rokka/424 偽物の宴 - Nisemononoutage.lrc,deleted
2026-08-29T06:35:00.745329+00:00,audio,MichaelQ93/Unknown Album/425 Ningyo Hime by Rie Tanaka.m4a,deleted
2026-08-29T06:35:00.745329+00:00,sidecar,MichaelQ93/Unknown Album/425 Ningyo Hime by Rie Tanaka.lrc,not_present
2026-08-29T06:35:00.745329+00:00,audio,Michel/Unknown Album/426 Sokoninaru_ Less Than Zero @Sauna-Klub Wolfsburg.m4a,deleted
2026-08-29T06:35:00.745329+00:00,sidecar,Michel/Unknown Album/426 Sokoninaru_ Less Than Zero @Sauna-Klub Wolfsburg.lrc,not_present
2026-08-29T06:35:00.745329+00:00,audio,Mickey 3d/Tu Vas Pas Mourir De Rire/02 Respire.m4a,deleted
2026-08-29T06:35:00.745329+00:00,sidecar,Mickey 3d/Tu Vas Pas Mourir De Rire/02 Respire.lrc,deleted
2026-08-29T06:35:00.745329+00:00,audio,Milky Chance/Chartboxx 3_2017/1387 Cocoon.m4a,deleted
2026-08-29T06:35:00.745329+00:00,sidecar,Milky Chance/Chartboxx 3_2017/1387 Cocoon.lrc,deleted
2026-08-29T06:35:00.745329+00:00,audio,Mizgf.C/Unknown Album/431 MIZGF.C x NAYZA Mashup - Write This Down x Dead Wrong.m4a,deleted
2026-08-29T06:35:00.745329+00:00,sidecar,Mizgf.C/Unknown Album/431 MIZGF.C x NAYZA Mashup - Write This Down x Dead Wrong.lrc,not_present
2026-08-29T06:35:00.745329+00:00,audio,Modest Mouse/Good News For People Who Love Bad News/432 The World At Large.m4a,deleted
2026-08-29T06:35:00.745329+00:00,sidecar,Modest Mouse/Good News For People Who Love Bad News/432 The World At Large.lrc,deleted
2026-08-29T06:35:00.745329+00:00,audio,Monteiro 00s/Unknown Album/434 majiko - Hypocrite Syndrome.m4a,deleted
2026-08-29T06:35:00.745329+00:00,sidecar,Monteiro 00s/Unknown Album/434 majiko - Hypocrite Syndrome.lrc,not_present
2026-08-29T06:35:00.745329+00:00,audio,Montell Fish/JAMIE/435 Destroy Myself Just For You.m4a,deleted
2026-08-29T06:35:00.745329+00:00,sidecar,Montell Fish/JAMIE/435 Destroy Myself Just For You.lrc,deleted
2026-08-29T06:35:00.745329+00:00,audio,Moran Plant/Unknown Album/437 BadBadNotGood_ Kaleidoscope.m4a,deleted
2026-08-29T06:35:00.745329+00:00,sidecar,Moran Plant/Unknown Album/437 BadBadNotGood_ Kaleidoscope.lrc,not_present
2026-08-29T06:35:00.745329+00:00,audio,Mori Calliope/DEAD BEATS/02 失礼しますが、RIP▽.m4a,deleted
2026-08-29T06:35:00.745329+00:00,sidecar,Mori Calliope/DEAD BEATS/02 失礼しますが、RIP▽.lrc,deleted
2026-08-29T06:35:00.745329+00:00,audio,Mother Mother/Touch Up/440 Oh Ana.m4a,deleted
2026-08-29T06:35:00.745329+00:00,sidecar,Mother Mother/Touch Up/440 Oh Ana.lrc,deleted
2026-08-29T06:35:00.745329+00:00,audio,Mouse on the Keys/tres/09 Dark Lights (tres version).m4a,deleted
2026-08-29T06:35:00.745329+00:00,sidecar,Mouse on the Keys/tres/09 Dark Lights (tres version).lrc,not_present
2026-08-29T06:35:00.745329+00:00,audio,Mr J Medeiros/Milk and Eggs/441 Weight.m4a,deleted
2026-08-29T06:35:00.745329+00:00,sidecar,Mr J Medeiros/Milk and Eggs/441 Weight.lrc,deleted
2026-08-29T06:35:00.745329+00:00,audio,MrMuseLyrics/Unknown Album/442 Muse - Space Dementia [HD].m4a,deleted
2026-08-29T06:35:00.745329+00:00,sidecar,MrMuseLyrics/Unknown Album/442 Muse - Space Dementia [HD].lrc,deleted
2026-08-29T06:35:00.745329+00:00,audio,Musicprecedence/Unknown Album/443 黄昏のBay City.m4a,deleted
2026-08-29T06:35:00.745329+00:00,sidecar,Musicprecedence/Unknown Album/443 黄昏のBay City.lrc,deleted
2026-08-29T06:35:00.745329+00:00,audio,My Favorite Anime Songs/Unknown Album/445 Sayonara No Tsubasa - Macross Frontier.m4a,deleted
2026-08-29T06:35:00.745329+00:00,sidecar,My Favorite Anime Songs/Unknown Album/445 Sayonara No Tsubasa - Macross Frontier.lrc,not_present
2026-08-29T06:35:00.745329+00:00,audio,My Hair Is Bad/Woman's/01 告白 - Kokuhaku.m4a,deleted
2026-08-29T06:35:00.745329+00:00,sidecar,My Hair Is Bad/Woman's/01 告白 - Kokuhaku.lrc,deleted
2026-08-29T06:35:00.745329+00:00,audio,NECRY TALKIE/Band Yarouze/01 バンドやろうぜ - Band Yarouze.m4a,deleted
2026-08-29T06:35:00.745329+00:00,sidecar,NECRY TALKIE/Band Yarouze/01 バンドやろうぜ - Band Yarouze.lrc,deleted
2026-08-29T06:35:00.745329+00:00,audio,NECRY TALKIE/Unknown Album/449 渋谷ハチ公口前もふもふ動物大行進 - Shibuyahachikouguchimae Mofumofu Doubutsu Daikoushin.m4a,deleted
2026-08-29T06:35:00.745329+00:00,sidecar,NECRY TALKIE/Unknown Album/449 渋谷ハチ公口前もふもふ動物大行進 - Shibuyahachikouguchimae Mofumofu Doubutsu Daikoushin.lrc,not_present
2026-08-29T06:35:00.745329+00:00,audio,NECRY TALKIE/Unknown Album/450 ネクライトーキーMV「北上のススメ」.m4a,deleted
2026-08-29T06:35:00.745329+00:00,sidecar,NECRY TALKIE/Unknown Album/450 ネクライトーキーMV「北上のススメ」.lrc,deleted
2026-08-29T06:35:00.745329+00:00,audio,NECRY TALKIE/Unknown Album/451 こんがらがった！.m4a,deleted
2026-08-29T06:35:00.745329+00:00,sidecar,NECRY TALKIE/Unknown Album/451 こんがらがった！.lrc,deleted
2026-08-29T06:35:00.745329+00:00,audio,NEGOTO/ETERNALBEAT/452 Destiny.m4a,deleted
2026-08-29T06:35:00.745329+00:00,sidecar,NEGOTO/ETERNALBEAT/452 Destiny.lrc,deleted
2026-08-29T06:35:00.745329+00:00,audio,NEGOTO/sharp/453 sharp ♯ - Sharp.m4a,deleted
2026-08-29T06:35:00.745329+00:00,sidecar,NEGOTO/sharp/453 sharp ♯ - Sharp.lrc,deleted
2026-08-29T06:35:00.745329+00:00,audio,NEMOPHILA/Dissension/03 雷霆 -RAITEI- -Instrumental- - Raitei Instrumental.m4a,deleted
2026-08-29T06:35:00.745329+00:00,sidecar,NEMOPHILA/Dissension/03 雷霆 -RAITEI- -Instrumental- - Raitei Instrumental.lrc,not_present
2026-08-29T06:35:00.745329+00:00,audio,NEWFOLK/Unknown Album/458 ラッキーオールドサン _深夜テンション_ (Official Music Video).m4a,deleted
2026-08-29T06:35:00.745329+00:00,sidecar,NEWFOLK/Unknown Album/458 ラッキーオールドサン _深夜テンション_ (Official Music Video).lrc,not_present
2026-08-29T06:35:00.745329+00:00,audio,NINEOKMAI/Unknown Album/459 โลกใบเก่า.m4a,deleted
2026-08-29T06:35:00.745329+00:00,sidecar,NINEOKMAI/Unknown Album/459 โลกใบเก่า.lrc,not_present
2026-08-29T06:35:00.745329+00:00,audio,NINEOKMAI/Unknown Album/460 NINEOKMAI - นายโอเคมั๊ย_ [Official MV].m4a,deleted
2026-08-29T06:35:00.745329+00:00,sidecar,NINEOKMAI/Unknown Album/460 NINEOKMAI - นายโอเคมั๊ย_ [Official MV].lrc,not_present
2026-08-29T06:35:00.745329+00:00,audio,NINGEN ISU/Shinseinen/13 NINGEN ISU _ Heartless Scat（人間椅子 _ 無情のスキャット）.m4a,deleted
2026-08-29T06:35:00.745329+00:00,sidecar,NINGEN ISU/Shinseinen/13 NINGEN ISU _ Heartless Scat（人間椅子 _ 無情のスキャット）.lrc,not_present
2026-08-29T06:35:00.745329+00:00,audio,NPR Music/Unknown Album/461 Anderson .Paak & The Free Nationals_ NPR Music Tiny Desk Concert.m4a,deleted
2026-08-29T06:35:00.745329+00:00,sidecar,NPR Music/Unknown Album/461 Anderson .Paak & The Free Nationals_ NPR Music Tiny Desk Concert.lrc,not_present
2026-08-29T06:35:00.745329+00:00,audio,NPR Music/Unknown Album/462 Hozier_ NPR Music Tiny Desk Concert.m4a,deleted
2026-08-29T06:35:00.745329+00:00,sidecar,NPR Music/Unknown Album/462 Hozier_ NPR Music Tiny Desk Concert.lrc,not_present
2026-08-29T06:35:00.745329+00:00,audio,NPR Music/Unknown Album/463 Kingfish_ Tiny Desk (Home) Concert.m4a,deleted
2026-08-29T06:35:00.745329+00:00,sidecar,NPR Music/Unknown Album/463 Kingfish_ Tiny Desk (Home) Concert.lrc,not_present
2026-08-29T06:35:00.745329+00:00,audio,NTS/Unknown Album/464 BADBADNOTGOOD NTS Live at The Brass and Crimson.m4a,deleted
2026-08-29T06:35:00.745329+00:00,sidecar,NTS/Unknown Album/464 BADBADNOTGOOD NTS Live at The Brass and Crimson.lrc,not_present
2026-08-29T06:35:00.745329+00:00,audio,Nate Mercereau/Joy Techniques/466 There You Are.m4a,deleted
2026-08-29T06:35:00.745329+00:00,sidecar,Nate Mercereau/Joy Techniques/466 There You Are.lrc,not_present
2026-08-29T06:35:00.745329+00:00,audio,Nathaniel Sun/Unknown Album/467 Kanye West - _Ghost Town_ but you're in church.m4a,deleted
2026-08-29T06:35:00.745329+00:00,sidecar,Nathaniel Sun/Unknown Album/467 Kanye West - _Ghost Town_ but you're in church.lrc,not_present
2026-08-29T06:35:00.745329+00:00,audio,"Necone, Conecone./Kotoba No Umi/01 ことばの海 - Kotoba No Umi.m4a",deleted
2026-08-29T06:35:00.745329+00:00,sidecar,"Necone, Conecone./Kotoba No Umi/01 ことばの海 - Kotoba No Umi.lrc",not_present
2026-08-29T06:35:00.745329+00:00,audio,Necry Talkie/One!/02 こんがらがった!.m4a,deleted
2026-08-29T06:35:00.745329+00:00,sidecar,Necry Talkie/One!/02 こんがらがった!.lrc,deleted
2026-08-29T06:35:00.745329+00:00,audio,Necry Talkie/Unknown Album/460 渋谷ハチ公口前もふもふ動物大行進 - Shibuyahachikouguchimae Mofumofu Doubutsu Daikoushin.m4a,deleted
2026-08-29T06:35:00.745329+00:00,sidecar,Necry Talkie/Unknown Album/460 渋谷ハチ公口前もふもふ動物大行進 - Shibuyahachikouguchimae Mofumofu Doubutsu Daikoushin.lrc,not_present
2026-08-29T06:35:00.745329+00:00,audio,Necry Talkie/Unknown Album/461 北上のススメ.m4a,deleted
2026-08-29T06:35:00.745329+00:00,sidecar,Necry Talkie/Unknown Album/461 北上のススメ.lrc,deleted
2026-08-29T06:35:00.745329+00:00,audio,NeveaTearss/Unknown Album/470 La dispute - such small hands. With lyrics.m4a,deleted
2026-08-29T06:35:00.745329+00:00,sidecar,NeveaTearss/Unknown Album/470 La dispute - such small hands. With lyrics.lrc,deleted
2026-08-29T06:35:00.745329+00:00,audio,Never Get Used To People/Unknown Album/471 Life Letters (Slowed).m4a,deleted
2026-08-29T06:35:00.745329+00:00,sidecar,Never Get Used To People/Unknown Album/471 Life Letters (Slowed).lrc,not_present
2026-08-29T06:35:00.745329+00:00,audio,Nightsquad/Unknown Album/472 Utae - サヨナライズ.m4a,deleted
2026-08-29T06:35:00.745329+00:00,sidecar,Nightsquad/Unknown Album/472 Utae - サヨナライズ.lrc,not_present
2026-08-29T06:35:00.745329+00:00,audio,Nikoん/fragile Report/473 とぅ～ばっど.m4a,deleted
2026-08-29T06:35:00.745329+00:00,sidecar,Nikoん/fragile Report/473 とぅ～ばっど.lrc,not_present
2026-08-29T06:35:00.745329+00:00,audio,Ningen Isu/Shinseinen/13 無情のスキャット - Mujou No Scat.m4a,deleted
2026-08-29T06:35:00.745329+00:00,sidecar,Ningen Isu/Shinseinen/13 無情のスキャット - Mujou No Scat.lrc,not_present
2026-08-29T06:35:00.745329+00:00,audio,NinthMelody/Unknown Album/475 Mutyumu -- repetitional existence _ 反復する世界の果てで白夜は散る.m4a,deleted
2026-08-29T06:35:00.745329+00:00,sidecar,NinthMelody/Unknown Album/475 Mutyumu -- repetitional existence _ 反復する世界の果てで白夜は散る.lrc,not_present
2026-08-29T06:35:00.745329+00:00,audio,No Big Deal Records CH/Unknown Album/476 猫田ねたこ[Netako Nekota] - Minimize (Official Lyric Video).m4a,deleted
2026-08-29T06:35:00.745329+00:00,sidecar,No Big Deal Records CH/Unknown Album/476 猫田ねたこ[Netako Nekota] - Minimize (Official Lyric Video).lrc,not_present
2026-08-29T06:35:00.745329+00:00,audio,No Buses/Boys Loved Her/477 Untouchable You.m4a,deleted
2026-08-29T06:35:00.745329+00:00,sidecar,No Buses/Boys Loved Her/477 Untouchable You.lrc,deleted
2026-08-29T06:35:00.745329+00:00,audio,No Name/Unknown Album/478 The Dead Kennedys - Holiday in Cambodia.m4a,deleted
2026-08-29T06:35:00.745329+00:00,sidecar,No Name/Unknown Album/478 The Dead Kennedys - Holiday in Cambodia.lrc,deleted
2026-08-29T06:35:00.745329+00:00,audio,No Sleep Records/Unknown Album/479 _Incantations_ by State Faults - Resonate_Desperate out November 12th.m4a,deleted
2026-08-29T06:35:00.745329+00:00,sidecar,No Sleep Records/Unknown Album/479 _Incantations_ by State Faults - Resonate_Desperate out November 12th.lrc,not_present
2026-08-29T06:35:00.745329+00:00,audio,Novectacle/The House in Fata Morgana (Original Sound Track)/483 Giselle.m4a,deleted
2026-08-29T06:35:00.745329+00:00,sidecar,Novectacle/The House in Fata Morgana (Original Sound Track)/483 Giselle.lrc,deleted
2026-08-29T06:35:00.745329+00:00,audio,Numcha/Unknown Album/484 Merry Midnight (feat. Tseng Kuo Hung).m4a,deleted
2026-08-29T06:35:00.745329+00:00,sidecar,Numcha/Unknown Album/484 Merry Midnight (feat. Tseng Kuo Hung).lrc,deleted
2026-08-29T06:35:00.745329+00:00,audio,Nyarons/Unknown Album/485 HARUKAKANATA.m4a,deleted
2026-08-29T06:35:00.745329+00:00,sidecar,Nyarons/Unknown Album/485 HARUKAKANATA.lrc,not_present
2026-08-29T06:35:00.745329+00:00,audio,OlmoLane/Unknown Album/489 Low-Pass － Trimurti （2012）－ Full Album.m4a,deleted
2026-08-29T06:35:00.745329+00:00,sidecar,OlmoLane/Unknown Album/489 Low-Pass － Trimurti （2012）－ Full Album.lrc,not_present
2026-08-29T06:35:00.745329+00:00,audio,Omoinotake/EVERBLUE/490 EVERBLUE.m4a,deleted
2026-08-29T06:35:00.745329+00:00,sidecar,Omoinotake/EVERBLUE/490 EVERBLUE.lrc,deleted
2026-08-29T06:35:00.745329+00:00,audio,Omoinotake/Moratorium- With ensemble/01 モラトリアム - With ensemble - Moratorium- With ensemble.m4a,deleted
2026-08-29T06:35:00.745329+00:00,sidecar,Omoinotake/Moratorium- With ensemble/01 モラトリアム - With ensemble - Moratorium- With ensemble.lrc,deleted
2026-08-29T06:35:00.745329+00:00,audio,Omoinotake/Omoinotake SPECIAL LIVE 2023 SUEHIROGARI 2023.4.28 @Zepp DiverCity (TOKYO)/05 One Day- SUEHIROGARI live ver. - - One Day- SUEHIROGARI live Version -.m4a,deleted
2026-08-29T06:35:00.745329+00:00,sidecar,Omoinotake/Omoinotake SPECIAL LIVE 2023 SUEHIROGARI 2023.4.28 @Zepp DiverCity (TOKYO)/05 One Day- SUEHIROGARI live ver. - - One Day- SUEHIROGARI live Version -.lrc,deleted
2026-08-29T06:35:00.745329+00:00,audio,Or So He Sphynx/Unknown Album/494 Funeral Diner - I Was The Sword.m4a,deleted
2026-08-29T06:35:00.745329+00:00,sidecar,Or So He Sphynx/Unknown Album/494 Funeral Diner - I Was The Sword.lrc,not_present
2026-08-29T06:35:00.745329+00:00,audio,"Or So He Sphynx/Unknown Album/495 The Newfound Interest in Connecticut - I can hear your footsteps just outside camp, sah sah sah....m4a",deleted
2026-08-29T06:35:00.745329+00:00,sidecar,"Or So He Sphynx/Unknown Album/495 The Newfound Interest in Connecticut - I can hear your footsteps just outside camp, sah sah sah....lrc",deleted
2026-08-29T06:35:00.745329+00:00,audio,Organic Call/Hakuchuumu mo Izure/02 海が見える街 - Umi Ga Mieru Machi.m4a,deleted
2026-08-29T06:35:00.745329+00:00,sidecar,Organic Call/Hakuchuumu mo Izure/02 海が見える街 - Umi Ga Mieru Machi.lrc,deleted
2026-08-29T06:35:00.745329+00:00,audio,Otomekaiga/Unknown Album/497 日が落ちた - hi ga ochita.m4a,deleted
2026-08-29T06:35:00.745329+00:00,sidecar,Otomekaiga/Unknown Album/497 日が落ちた - hi ga ochita.lrc,not_present
2026-08-29T06:35:00.745329+00:00,audio,Ov1cen/Unknown Album/499 Akiakane 【秋赤音】 Drowning in a Wave of Sadness 【かなしみのなみにおぼれる】.m4a,deleted
2026-08-29T06:35:00.745329+00:00,sidecar,Ov1cen/Unknown Album/499 Akiakane 【秋赤音】 Drowning in a Wave of Sadness 【かなしみのなみにおぼれる】.lrc,not_present
2026-08-29T06:35:00.745329+00:00,audio,PANICROOMTAKESHIT/Unknown Album/501 八十八ヶ所巡礼「仏滅トリシュナー」.m4a,deleted
2026-08-29T06:35:00.745329+00:00,sidecar,PANICROOMTAKESHIT/Unknown Album/501 八十八ヶ所巡礼「仏滅トリシュナー」.lrc,not_present
2026-08-29T06:35:00.745329+00:00,audio,PENs+/RULES!/503 PENs+『旅に出たい、と言って』MV.m4a,deleted
2026-08-29T06:35:00.745329+00:00,sidecar,PENs+/RULES!/503 PENs+『旅に出たい、と言って』MV.lrc,not_present
2026-08-29T06:35:00.745329+00:00,audio,POLICEMAN110Tube/Unknown Album/504 ポリスマン／GAL男宣言.m4a,deleted
2026-08-29T06:35:00.745329+00:00,sidecar,POLICEMAN110Tube/Unknown Album/504 ポリスマン／GAL男宣言.lrc,not_present
2026-08-29T06:35:00.745329+00:00,audio,POLYSICS/We Ate The Machine & Karate House/506 Electric Surfin' Go Go.m4a,deleted
2026-08-29T06:35:00.745329+00:00,sidecar,POLYSICS/We Ate The Machine & Karate House/506 Electric Surfin' Go Go.lrc,not_present
2026-08-29T06:35:00.745329+00:00,audio,POSITIVE+/The Thought of Losing You/508 Lost Youth.m4a,deleted
2026-08-29T06:35:00.745329+00:00,sidecar,POSITIVE+/The Thought of Losing You/508 Lost Youth.lrc,not_present
2026-08-29T06:35:00.745329+00:00,audio,Paradox Sphere/Unknown Album/510 PSYQUI - Pallet feat. mikanzil.m4a,deleted
2026-08-29T06:35:00.745329+00:00,sidecar,Paradox Sphere/Unknown Album/510 PSYQUI - Pallet feat. mikanzil.lrc,not_present
2026-08-29T06:35:00.745329+00:00,audio,Paramore/Unknown Album/511 Paramore - Still Into You (Studio Vocals).m4a,deleted
2026-08-29T06:35:00.745329+00:00,sidecar,Paramore/Unknown Album/511 Paramore - Still Into You (Studio Vocals).lrc,deleted
2026-08-29T06:35:00.745329+00:00,audio,Passcode/Zenith/11 Miss Unlimited.m4a,deleted
2026-08-29T06:35:00.745329+00:00,sidecar,Passcode/Zenith/11 Miss Unlimited.lrc,deleted
2026-08-29T06:35:00.745329+00:00,audio,PastelQuartet/Unknown Album/514 PastelQuartet (パステルカルテット) - SOS.m4a,deleted
2026-08-29T06:35:00.745329+00:00,sidecar,PastelQuartet/Unknown Album/514 PastelQuartet (パステルカルテット) - SOS.lrc,not_present
2026-08-29T06:35:00.745329+00:00,audio,Pe'z/Pe'z Best 1st Stage _Ai_/515 Akatsuki.m4a,deleted
2026-08-29T06:35:00.745329+00:00,sidecar,Pe'z/Pe'z Best 1st Stage _Ai_/515 Akatsuki.lrc,not_present
2026-08-29T06:35:00.745329+00:00,audio,Pierce The Veil/Unknown Album/519 King for a Day (feat. Kellin Quinn).m4a,deleted
2026-08-29T06:35:00.745329+00:00,sidecar,Pierce The Veil/Unknown Album/519 King for a Day (feat. Kellin Quinn).lrc,deleted
2026-08-29T06:35:00.745329+00:00,audio,PinocchioP/Non-breath oblige/01 ノンブレス・オブリージュ - Non-breath oblige.m4a,deleted
2026-08-29T06:35:00.745329+00:00,sidecar,PinocchioP/Non-breath oblige/01 ノンブレス・オブリージュ - Non-breath oblige.lrc,deleted
2026-08-29T06:35:00.745329+00:00,audio,"Platina Jazz, Rasmus Faber/Platina Jazz ~Anime Standards Vol.6~/521 The Real Folk Blues - The Real Folk Blue (From _Cowboy Bepop_).m4a",deleted
2026-08-29T06:35:00.745329+00:00,sidecar,"Platina Jazz, Rasmus Faber/Platina Jazz ~Anime Standards Vol.6~/521 The Real Folk Blues - The Real Folk Blue (From _Cowboy Bepop_).lrc",not_present
2026-08-29T06:35:00.745329+00:00,audio,Polkadot Stingray/Capacity/01 テレキャスター・ストライプ (全知全能 ver.) - Telecaster Stripes (Capacity Version).m4a,deleted
2026-08-29T06:35:00.745329+00:00,sidecar,Polkadot Stingray/Capacity/01 テレキャスター・ストライプ (全知全能 ver.) - Telecaster Stripes (Capacity Version).lrc,deleted
2026-08-29T06:35:00.745329+00:00,audio,PompadollS/Spotlight Junkie/01 スポットライト・ジャンキー - Spotlight Junkie.m4a,deleted
2026-08-29T06:35:00.745329+00:00,sidecar,PompadollS/Spotlight Junkie/01 スポットライト・ジャンキー - Spotlight Junkie.lrc,not_present
2026-08-29T06:35:00.745329+00:00,audio,Pop Never Dies/Jô-Jô/02 夢見る熱帯夜 - Yume Miru Nettaiya.m4a,deleted
2026-08-29T06:35:00.745329+00:00,sidecar,Pop Never Dies/Jô-Jô/02 夢見る熱帯夜 - Yume Miru Nettaiya.lrc,deleted
2026-08-29T06:35:00.745329+00:00,audio,"Porter Robinson, Madeon/SMILE! _D World Tour Live at ACL Festival/528 Shelter.m4a",deleted
2026-08-29T06:35:00.745329+00:00,sidecar,"Porter Robinson, Madeon/SMILE! _D World Tour Live at ACL Festival/528 Shelter.lrc",deleted
2026-08-29T06:35:00.745329+00:00,audio,Primera Starrk/Unknown Album/529 Deftones - Entombed.m4a,deleted
2026-08-29T06:35:00.745329+00:00,sidecar,Primera Starrk/Unknown Album/529 Deftones - Entombed.lrc,not_present
2026-08-29T06:35:00.745329+00:00,audio,Protest The Hero/Palimpsest/03 From the Sky.m4a,deleted
2026-08-29T06:35:00.745329+00:00,sidecar,Protest The Hero/Palimpsest/03 From the Sky.lrc,deleted
2026-08-29T06:35:00.745329+00:00,audio,Protest The Hero/Unknown Album/541 Sequoia Throne Closed Captioned.m4a,deleted
2026-08-29T06:35:00.745329+00:00,sidecar,Protest The Hero/Unknown Album/541 Sequoia Throne Closed Captioned.lrc,deleted
2026-08-29T06:35:00.745329+00:00,audio,Protest the Hero/Unknown Album/532 Sequoia Throne Closed Captioned.m4a,deleted
2026-08-29T06:35:00.745329+00:00,sidecar,Protest the Hero/Unknown Album/532 Sequoia Throne Closed Captioned.lrc,deleted
2026-08-29T06:35:00.745329+00:00,audio,Prune Deer/Insufficient Postage/534 By Air (feat. Ashley Tsang & LK-072).m4a,deleted
2026-08-29T06:35:00.745329+00:00,sidecar,Prune Deer/Insufficient Postage/534 By Air (feat. Ashley Tsang & LK-072).lrc,deleted
2026-08-29T06:35:00.745329+00:00,audio,Prune Deer/Unknown Album/535 Prune Deer 話梅鹿 - HeatDeath 熱寂 (Official Music Video).m4a,deleted
2026-08-29T06:35:00.745329+00:00,sidecar,Prune Deer/Unknown Album/535 Prune Deer 話梅鹿 - HeatDeath 熱寂 (Official Music Video).lrc,not_present
2026-08-29T06:35:00.745329+00:00,audio,Puma Blue/In Praise Of Shadows/536 Already Falling.m4a,deleted
2026-08-29T06:35:00.745329+00:00,sidecar,Puma Blue/In Praise Of Shadows/536 Already Falling.lrc,deleted
2026-08-29T06:35:00.745329+00:00,audio,P丸様｡/Sunny!!/02 シャーベット.m4a,deleted
2026-08-29T06:35:00.745329+00:00,sidecar,P丸様｡/Sunny!!/02 シャーベット.lrc,deleted
2026-08-29T06:35:00.745329+00:00,audio,QUEEN BEE/Unknown Album/538 女王蜂 『夜天(STARRY NIGHT)』Official MV.m4a,deleted
2026-08-29T06:35:00.745329+00:00,sidecar,QUEEN BEE/Unknown Album/538 女王蜂 『夜天(STARRY NIGHT)』Official MV.lrc,deleted
2026-08-29T06:35:00.745329+00:00,audio,Qualia/Unknown Album/539 Nujabes - F.I.L.O. Feat. Shing02.m4a,deleted
2026-08-29T06:35:00.745329+00:00,sidecar,Qualia/Unknown Album/539 Nujabes - F.I.L.O. Feat. Shing02.lrc,not_present
2026-08-29T06:35:00.745329+00:00,audio,ROSSONERO114/Unknown Album/541 Spangle call Lilli line - veek.m4a,deleted
2026-08-29T06:35:00.745329+00:00,sidecar,ROSSONERO114/Unknown Album/541 Spangle call Lilli line - veek.lrc,deleted
2026-08-29T06:35:00.745329+00:00,audio,ROTTENGRAFFTY/HELLO/542 秋桜.m4a,deleted
2026-08-29T06:35:00.745329+00:00,sidecar,ROTTENGRAFFTY/HELLO/542 秋桜.lrc,not_present
2026-08-29T06:35:00.745329+00:00,audio,Rachid Aseyakhe/Unknown Album/543 The Weeknd - Blinding lights (Arabic Version)النسخة العربية (On Spotify & Apple Music)[Cover].m4a,deleted
2026-08-29T06:35:00.745329+00:00,sidecar,Rachid Aseyakhe/Unknown Album/543 The Weeknd - Blinding lights (Arabic Version)النسخة العربية (On Spotify & Apple Music)[Cover].lrc,not_present
2026-08-29T06:35:00.745329+00:00,audio,Red Bull Music Academy/Unknown Album/545 BADBADNOTGOOD - The IV Recording Sessions _ Red Bull Music Academy.m4a,deleted
2026-08-29T06:35:00.745329+00:00,sidecar,Red Bull Music Academy/Unknown Album/545 BADBADNOTGOOD - The IV Recording Sessions _ Red Bull Music Academy.lrc,not_present
2026-08-29T06:35:00.745329+00:00,audio,Red Bullet/Unknown Album/546 Focus - Hocus Pocus.m4a,deleted
2026-08-29T06:35:00.745329+00:00,sidecar,Red Bullet/Unknown Album/546 Focus - Hocus Pocus.lrc,not_present
2026-08-29T06:35:00.745329+00:00,audio,Regallily/The Post/03 リッケンバッカー - Rickenbacker.m4a,deleted
2026-08-29T06:35:00.745329+00:00,sidecar,Regallily/The Post/03 リッケンバッカー - Rickenbacker.lrc,deleted
2026-08-29T06:35:00.745329+00:00,audio,Regallily/Unknown Album/547 1997 (Live at 中野サンプラザ 2022.2.8) - 1997 (Live at Nakano Sunplaza 2022.2.8).m4a,deleted
2026-08-29T06:35:00.745329+00:00,sidecar,Regallily/Unknown Album/547 1997 (Live at 中野サンプラザ 2022.2.8) - 1997 (Live at Nakano Sunplaza 2022.2.8).lrc,not_present
2026-08-29T06:35:00.745329+00:00,audio,Relu/Mahoutsukai ni Narenai Bokuha (2025 Extended Edition)/29 ピリカ - Pirica.m4a,deleted
2026-08-29T06:35:00.745329+00:00,sidecar,Relu/Mahoutsukai ni Narenai Bokuha (2025 Extended Edition)/29 ピリカ - Pirica.lrc,not_present
2026-08-29T06:35:00.745329+00:00,audio,Remo Drive/Greatest Hits/551 Art School.m4a,deleted
2026-08-29T06:35:00.745329+00:00,sidecar,Remo Drive/Greatest Hits/551 Art School.lrc,deleted
2026-08-29T06:35:00.745329+00:00,audio,Remo Drive/Greatest Hits/552 Yer Killin’ Me.m4a,deleted
2026-08-29T06:35:00.745329+00:00,sidecar,Remo Drive/Greatest Hits/552 Yer Killin’ Me.lrc,deleted
2026-08-29T06:35:00.745329+00:00,audio,Rocket/Versions of You/554 Take Your Aim.m4a,deleted
2026-08-29T06:35:00.745329+00:00,sidecar,Rocket/Versions of You/554 Take Your Aim.lrc,not_present
2026-08-29T06:35:00.745329+00:00,audio,Rolling Quartz/Unknown Album/555 Misery Business (Paramore) by Rolling Quartz 롤링쿼츠 (M_V).m4a,deleted
2026-08-29T06:35:00.745329+00:00,sidecar,Rolling Quartz/Unknown Album/555 Misery Business (Paramore) by Rolling Quartz 롤링쿼츠 (M_V).lrc,not_present
2026-08-29T06:35:00.745329+00:00,audio,"Rolling Quartz/Unknown Album/556 [MV] 015B(공일오비), 롤링쿼츠(Rolling Quartz)_Random.m4a",deleted
2026-08-29T06:35:00.745329+00:00,sidecar,"Rolling Quartz/Unknown Album/556 [MV] 015B(공일오비), 롤링쿼츠(Rolling Quartz)_Random.lrc",not_present
2026-08-29T06:35:00.745329+00:00,audio,Rousseau/Unknown Album/557 Rachmaninoff - Prelude in C Sharp Minor (Op. 3 No. 2).m4a,deleted
2026-08-29T06:35:00.745329+00:00,sidecar,Rousseau/Unknown Album/557 Rachmaninoff - Prelude in C Sharp Minor (Op. 3 No. 2).lrc,not_present
2026-08-29T06:35:00.745329+00:00,audio,"S3RL, Zero-2, yurino/Through the Years/558 Through the Years - DJ Edit.m4a",deleted
2026-08-29T06:35:00.745329+00:00,sidecar,"S3RL, Zero-2, yurino/Through the Years/558 Through the Years - DJ Edit.lrc",not_present
2026-08-29T06:35:00.745329+00:00,audio,SCANDAL/HONEY/559 プラットホームシンドローム - Platform Syndrome.m4a,deleted
2026-08-29T06:35:00.745329+00:00,sidecar,SCANDAL/HONEY/559 プラットホームシンドローム - Platform Syndrome.lrc,deleted
2026-08-29T06:35:00.745329+00:00,audio,SCHOOL OF LOCK!/Unknown Album/560 イクラノドン deep マイナビ閃光ライオット2023 3次ライブ.m4a,deleted
2026-08-29T06:35:00.745329+00:00,sidecar,SCHOOL OF LOCK!/Unknown Album/560 イクラノドン deep マイナビ閃光ライオット2023 3次ライブ.lrc,not_present
2026-08-29T06:35:00.745329+00:00,audio,SCHOOL OF LOCK!/Unknown Album/561 三四少女 シュガースーサイド マイナビ閃光ライオット2023 3次ライブ.m4a,deleted
2026-08-29T06:35:00.745329+00:00,sidecar,SCHOOL OF LOCK!/Unknown Album/561 三四少女 シュガースーサイド マイナビ閃光ライオット2023 3次ライブ.lrc,not_present
2026-08-29T06:35:00.745329+00:00,audio,SCHOOL OF LOCK!/Unknown Album/562 Gill Snatch Cry B Cry マイナビ閃光ライオット2023 3次ライブ.m4a,deleted
2026-08-29T06:35:00.745329+00:00,sidecar,SCHOOL OF LOCK!/Unknown Album/562 Gill Snatch Cry B Cry マイナビ閃光ライオット2023 3次ライブ.lrc,not_present
2026-08-29T06:35:00.745329+00:00,audio,SE SO NEON/joke!/566 joke!.m4a,deleted
2026-08-29T06:35:00.745329+00:00,sidecar,SE SO NEON/joke!/566 joke!.lrc,deleted
2026-08-29T06:35:00.745329+00:00,audio,SHISHAMO/ひとつの恋が終わってしまったあなたへ/06 終わり - Owari.m4a,deleted
2026-08-29T06:35:00.745329+00:00,sidecar,SHISHAMO/ひとつの恋が終わってしまったあなたへ/06 終わり - Owari.lrc,deleted
2026-08-29T06:35:00.745329+00:00,audio,SIAMÉS/HOME/570 No Lullaby.m4a,deleted
2026-08-29T06:35:00.745329+00:00,sidecar,SIAMÉS/HOME/570 No Lullaby.lrc,deleted
2026-08-29T06:35:00.745329+00:00,audio,SPACE SHOWER TV/Unknown Album/571 DRIP TOKYO #21 羊文学.m4a,deleted
2026-08-29T06:35:00.745329+00:00,sidecar,SPACE SHOWER TV/Unknown Album/571 DRIP TOKYO #21 羊文学.lrc,not_present
2026-08-29T06:35:00.745329+00:00,audio,SPAZZ 17'/Unknown Album/572 XXXTENTACION - Tightrope (Feat. Scott James).m4a,deleted
2026-08-29T06:35:00.745329+00:00,sidecar,SPAZZ 17'/Unknown Album/572 XXXTENTACION - Tightrope (Feat. Scott James).lrc,not_present
2026-08-29T06:35:00.745329+00:00,audio,SPOOL/SPOOL/573 Blooming in the Morning.m4a,deleted
2026-08-29T06:35:00.745329+00:00,sidecar,SPOOL/SPOOL/573 Blooming in the Morning.lrc,deleted
2026-08-29T06:35:00.745329+00:00,audio,SPOOL/Spool/08 Blooming In The Morning.m4a,deleted
2026-08-29T06:35:00.745329+00:00,sidecar,SPOOL/Spool/08 Blooming In The Morning.lrc,deleted
2026-08-29T06:35:00.745329+00:00,audio,SUMERIAN/Unknown Album/575 BETWEEN THE BURIED AND ME - Voice of Trespass.m4a,deleted
2026-08-29T06:35:00.745329+00:00,sidecar,SUMERIAN/Unknown Album/575 BETWEEN THE BURIED AND ME - Voice of Trespass.lrc,deleted
2026-08-29T06:35:00.745329+00:00,audio,SUMERIAN/Unknown Album/576 BETWEEN THE BURIED AND ME - Condemned To The Gallows (Official Music Video).m4a,deleted
2026-08-29T06:35:00.745329+00:00,sidecar,SUMERIAN/Unknown Album/576 BETWEEN THE BURIED AND ME - Condemned To The Gallows (Official Music Video).lrc,deleted
2026-08-29T06:35:00.745329+00:00,audio,Sadistic Tomato/Unknown Album/577 掌で踊る_そこに鳴る 弾いてみた.m4a,deleted
2026-08-29T06:35:00.745329+00:00,sidecar,Sadistic Tomato/Unknown Album/577 掌で踊る_そこに鳴る 弾いてみた.lrc,not_present
2026-08-29T06:35:00.745329+00:00,audio,"Sager52/Unknown Album/578 Dore Mear Beon - Bimbos, Bozos, and Buffoons.m4a",deleted
2026-08-29T06:35:00.745329+00:00,sidecar,"Sager52/Unknown Album/578 Dore Mear Beon - Bimbos, Bozos, and Buffoons.lrc",not_present
2026-08-29T06:35:00.745329+00:00,audio,Salyu/Terminal/04 プラットホーム - Platform.m4a,deleted
2026-08-29T06:35:00.745329+00:00,sidecar,Salyu/Terminal/04 プラットホーム - Platform.lrc,deleted
2026-08-29T06:35:00.745329+00:00,audio,Salyu/maiden voyage/580 Salyu「VALON-1」.m4a,deleted
2026-08-29T06:35:00.745329+00:00,sidecar,Salyu/maiden voyage/580 Salyu「VALON-1」.lrc,deleted
2026-08-29T06:35:00.745329+00:00,audio,Saxontop/Unknown Album/585 The Notorious B.I.G. - Big Poppa (Saxophone Cover - Saxontop).m4a,deleted
2026-08-29T06:35:00.745329+00:00,sidecar,Saxontop/Unknown Album/585 The Notorious B.I.G. - Big Poppa (Saxophone Cover - Saxontop).lrc,not_present
2026-08-29T06:35:00.745329+00:00,audio,Scott Bradlee's Postmodern Jukebox/Emoji Anitque/04 Creep (feat. Haley Reinhart).m4a,deleted
2026-08-29T06:35:00.745329+00:00,sidecar,Scott Bradlee's Postmodern Jukebox/Emoji Anitque/04 Creep (feat. Haley Reinhart).lrc,deleted
2026-08-29T06:35:00.745329+00:00,audio,Sekkenya/Primitive Communication/11 シャボン - Shabon.m4a,deleted
2026-08-29T06:35:00.745329+00:00,sidecar,Sekkenya/Primitive Communication/11 シャボン - Shabon.lrc,not_present
2026-08-29T06:35:00.745329+00:00,audio,Serwas7Kaizoku/Unknown Album/588 ONE PIECE AMV - His World.m4a,deleted
2026-08-29T06:35:00.745329+00:00,sidecar,Serwas7Kaizoku/Unknown Album/588 ONE PIECE AMV - His World.lrc,not_present
2026-08-29T06:35:00.745329+00:00,audio,Seventeen Years Old And Berlin Wall/Reflect/589 プリズム - Prism.m4a,deleted
2026-08-29T06:35:00.745329+00:00,sidecar,Seventeen Years Old And Berlin Wall/Reflect/589 プリズム - Prism.lrc,not_present
2026-08-29T06:35:00.745329+00:00,audio,SharpTone Records/Unknown Album/590 Loathe - Two-Way Mirror (Official Music Video).m4a,deleted
2026-08-29T06:35:00.745329+00:00,sidecar,SharpTone Records/Unknown Album/590 Loathe - Two-Way Mirror (Official Music Video).lrc,not_present
2026-08-29T06:35:00.745329+00:00,audio,Shaun Ambu/Unknown Album/591 Ichikoro - Enemy (Short Cover) Feat. Rema and Mapuia.m4a,deleted
2026-08-29T06:35:00.745329+00:00,sidecar,Shaun Ambu/Unknown Album/591 Ichikoro - Enemy (Short Cover) Feat. Rema and Mapuia.lrc,not_present
2026-08-29T06:35:00.745329+00:00,audio,"Sheena Ringo/Apple Of Universal Gravity/25 人生は夢だらけ - Ma Vie, Mes Rêves.m4a",deleted
2026-08-29T06:35:00.745329+00:00,sidecar,"Sheena Ringo/Apple Of Universal Gravity/25 人生は夢だらけ - Ma Vie, Mes Rêves.lrc",deleted
2026-08-29T06:35:00.745329+00:00,audio,ShibayanRecords/Unknown Album/593 タイニーリトル・アジアンタム - Tiny Little Adiantum.m4a,deleted
2026-08-29T06:35:00.745329+00:00,sidecar,ShibayanRecords/Unknown Album/593 タイニーリトル・アジアンタム - Tiny Little Adiantum.lrc,deleted
2026-08-29T06:35:00.745329+00:00,audio,Shinsei kamattechan/Unknown Album/595 るるちゃんの自殺配信 (2023 Remaster) - Ruru's suicide show on a livestream (2023 Remaster).m4a,deleted
2026-08-29T06:35:00.745329+00:00,sidecar,Shinsei kamattechan/Unknown Album/595 るるちゃんの自殺配信 (2023 Remaster) - Ruru's suicide show on a livestream (2023 Remaster).lrc,deleted
2026-08-29T06:35:00.745329+00:00,audio,Shirotsume/reminder/596 アクセルペダル - accelerator pedal.m4a,deleted
2026-08-29T06:35:00.745329+00:00,sidecar,Shirotsume/reminder/596 アクセルペダル - accelerator pedal.lrc,not_present
2026-08-29T06:35:00.745329+00:00,audio,Shogo Hamada/Club Surf & Snowbound/10 Midnight Flight -ひとりぼっちのクリスマス・イブ-.m4a,deleted
2026-08-29T06:35:00.745329+00:00,sidecar,Shogo Hamada/Club Surf & Snowbound/10 Midnight Flight -ひとりぼっちのクリスマス・イブ-.lrc,not_present
2026-08-29T06:35:00.745329+00:00,audio,Showmore/Circus/01 Circus.m4a,deleted
2026-08-29T06:35:00.745329+00:00,sidecar,Showmore/Circus/01 Circus.lrc,deleted
2026-08-29T06:35:00.745329+00:00,audio,SiM/THE BEAUTiFUL PEOPLE/598 SiM - EXiSTENCE (OFFICIAL VIDEO).m4a,deleted
2026-08-29T06:35:00.745329+00:00,sidecar,SiM/THE BEAUTiFUL PEOPLE/598 SiM - EXiSTENCE (OFFICIAL VIDEO).lrc,not_present
2026-08-29T06:35:00.745329+00:00,audio,Sigrid Evangelista/Unknown Album/599 Shiki No Uta - our rendition.m4a,deleted
2026-08-29T06:35:00.745329+00:00,sidecar,Sigrid Evangelista/Unknown Album/599 Shiki No Uta - our rendition.lrc,not_present
2026-08-29T06:35:00.745329+00:00,audio,"Skatune Network/Ska Goes Emo, Vol. 1/601 Dammit - Blink 182 (SKA COVER).m4a",deleted
2026-08-29T06:35:00.745329+00:00,sidecar,"Skatune Network/Ska Goes Emo, Vol. 1/601 Dammit - Blink 182 (SKA COVER).lrc",deleted
2026-08-29T06:35:00.745329+00:00,audio,"Skatune Network/Ska Goes Emo, Vol. 1/602 Never Meant - American Football Ska Punk Cover.m4a",deleted
2026-08-29T06:35:00.745329+00:00,sidecar,"Skatune Network/Ska Goes Emo, Vol. 1/602 Never Meant - American Football Ska Punk Cover.lrc",not_present
2026-08-29T06:35:00.745329+00:00,audio,Skatune Network/Unknown Album/600 Spooky Scary Skeletons (SKA PUNK COVER) - Andrew Gold.m4a,deleted
2026-08-29T06:35:00.745329+00:00,sidecar,Skatune Network/Unknown Album/600 Spooky Scary Skeletons (SKA PUNK COVER) - Andrew Gold.lrc,deleted
2026-08-29T06:35:00.745329+00:00,audio,Skyward/Unknown Album/603 Camellia - Light It Up.m4a,deleted
2026-08-29T06:35:00.745329+00:00,sidecar,Skyward/Unknown Album/603 Camellia - Light It Up.lrc,not_present
2026-08-29T06:35:00.745329+00:00,audio,Slipknot/Antennas to Hell_ The Best of Slipknot/605 Psychosocial.m4a,deleted
2026-08-29T06:35:00.745329+00:00,sidecar,Slipknot/Antennas to Hell_ The Best of Slipknot/605 Psychosocial.lrc,deleted
2026-08-29T06:35:00.745329+00:00,audio,Snarky Puppy/Unknown Album/607 Snarky Puppy_ NPR Music Tiny Desk Concert.m4a,deleted
2026-08-29T06:35:00.745329+00:00,sidecar,Snarky Puppy/Unknown Album/607 Snarky Puppy_ NPR Music Tiny Desk Concert.lrc,not_present
2026-08-29T06:35:00.745329+00:00,audio,Snor Drake/Unknown Album/608 Cokiyu - Recall.m4a,deleted
2026-08-29T06:35:00.745329+00:00,sidecar,Snor Drake/Unknown Album/608 Cokiyu - Recall.lrc,not_present
2026-08-29T06:35:00.745329+00:00,audio,Sofar Sounds/Unknown Album/609 Sylvan LaCue - Grateful _ Sofar Los Angeles.m4a,deleted
2026-08-29T06:35:00.745329+00:00,sidecar,Sofar Sounds/Unknown Album/609 Sylvan LaCue - Grateful _ Sofar Los Angeles.lrc,not_present
2026-08-29T06:35:00.745329+00:00,audio,Sokoninaru/Choetsu/01 Lament Moment.m4a,deleted
2026-08-29T06:35:00.745329+00:00,sidecar,Sokoninaru/Choetsu/01 Lament Moment.lrc,deleted
2026-08-29T06:35:00.745329+00:00,audio,Sokoninaru/Choetsu/06 そこに鳴る _ 極限は刹那【Official Music Video】Sokoninaru - kyokugen ha setsuna.m4a,deleted
2026-08-29T06:35:00.745329+00:00,sidecar,Sokoninaru/Choetsu/06 そこに鳴る _ 極限は刹那【Official Music Video】Sokoninaru - kyokugen ha setsuna.lrc,not_present
2026-08-29T06:35:00.745329+00:00,audio,Sokoninaru/Choetsu/08 White For.m4a,deleted
2026-08-29T06:35:00.745329+00:00,sidecar,Sokoninaru/Choetsu/08 White For.lrc,not_present
2026-08-29T06:35:00.745329+00:00,audio,Sokoninaru/Tenohira De Odoru/01 掌で踊る - Tenohira De Odoru.m4a,deleted
2026-08-29T06:35:00.745329+00:00,sidecar,Sokoninaru/Tenohira De Odoru/01 掌で踊る - Tenohira De Odoru.lrc,not_present
2026-08-29T06:35:00.745329+00:00,audio,Sokoninaru/Unknown Album/1046 BABYMETAL『メギツネ』弾いてみた【そこに鳴る軽音部】BABYMETAL - Megitsune（cover）.m4a,deleted
2026-08-29T06:35:00.745329+00:00,sidecar,Sokoninaru/Unknown Album/1046 BABYMETAL『メギツネ』弾いてみた【そこに鳴る軽音部】BABYMETAL - Megitsune（cover）.lrc,not_present
2026-08-29T06:35:00.745329+00:00,audio,Sokoninaru/Unknown Album/1047 ヨルシカ『藍二乗』弾いてみた【そこに鳴る軽音部】Yorushika - Blur（cover）.m4a,deleted
2026-08-29T06:35:00.745329+00:00,sidecar,Sokoninaru/Unknown Album/1047 ヨルシカ『藍二乗』弾いてみた【そこに鳴る軽音部】Yorushika - Blur（cover）.lrc,not_present
2026-08-29T06:35:00.745329+00:00,audio,Sokoninaru/Unknown Album/1048 後ほどモッシュが起こるKiLLiNG ME【そこに鳴る軽音部】SiM - KiLLiNG ME (cover).m4a,deleted
2026-08-29T06:35:00.745329+00:00,sidecar,Sokoninaru/Unknown Album/1048 後ほどモッシュが起こるKiLLiNG ME【そこに鳴る軽音部】SiM - KiLLiNG ME (cover).lrc,not_present
2026-08-29T06:35:00.745329+00:00,audio,Sokoninaru/Unknown Album/1049 BiSH 『プロミスザスター』弾いてみた【そこに鳴る軽音部】BiSH - Promise The Star (cover).m4a,deleted
2026-08-29T06:35:00.745329+00:00,sidecar,Sokoninaru/Unknown Album/1049 BiSH 『プロミスザスター』弾いてみた【そこに鳴る軽音部】BiSH - Promise The Star (cover).lrc,not_present
2026-08-29T06:35:00.745329+00:00,audio,Sokoninaru/Unknown Album/1050 チャットモンチー『真夜中遊園地』cover （チャットモンチー トリビュートアルバムオーディション応募）【そこに鳴る軽音部】chatmonchy - Mayonaka Yuuenchi (cover).m4a,deleted
2026-08-29T06:35:00.745329+00:00,sidecar,Sokoninaru/Unknown Album/1050 チャットモンチー『真夜中遊園地』cover （チャットモンチー トリビュートアルバムオーディション応募）【そこに鳴る軽音部】chatmonchy - Mayonaka Yuuenchi (cover).lrc,not_present
2026-08-29T06:35:00.745329+00:00,audio,Sokoninaru/Unknown Album/1051 ポルカドットスティングレイ『ヒミツ』弾いてみた【そこに鳴る軽音部】POLKADOT STINGRAY - Himitsu（cover）.m4a,deleted
2026-08-29T06:35:00.745329+00:00,sidecar,Sokoninaru/Unknown Album/1051 ポルカドットスティングレイ『ヒミツ』弾いてみた【そこに鳴る軽音部】POLKADOT STINGRAY - Himitsu（cover）.lrc,not_present
2026-08-29T06:35:00.745329+00:00,audio,Sokoninaru/Unknown Album/1052 04 Limited Sazabys『monolith』弾いてみた【そこに鳴る軽音部】04 Limited Sazabys - monolith（cover）.m4a,deleted
2026-08-29T06:35:00.745329+00:00,sidecar,Sokoninaru/Unknown Album/1052 04 Limited Sazabys『monolith』弾いてみた【そこに鳴る軽音部】04 Limited Sazabys - monolith（cover）.lrc,not_present
2026-08-29T06:35:00.745329+00:00,audio,Sokoninaru/Unknown Album/1053 DECO_27『ヒバナ』弾いてみた【そこに鳴る軽音部】DECO_27 - hibana（cover）.m4a,deleted
2026-08-29T06:35:00.745329+00:00,sidecar,Sokoninaru/Unknown Album/1053 DECO_27『ヒバナ』弾いてみた【そこに鳴る軽音部】DECO_27 - hibana（cover）.lrc,not_present
2026-08-29T06:35:00.745329+00:00,audio,Sokoninaru/Unknown Album/1054 BLUE ENCOUNT『Survivor』弾いてみた【そこに鳴る軽音部】BLUE ENCOUNT - Survivor（cover）.m4a,deleted
2026-08-29T06:35:00.745329+00:00,sidecar,Sokoninaru/Unknown Album/1054 BLUE ENCOUNT『Survivor』弾いてみた【そこに鳴る軽音部】BLUE ENCOUNT - Survivor（cover）.lrc,not_present
2026-08-29T06:35:00.745329+00:00,audio,Sokoninaru/Unknown Album/1056 絶対的三分間 - Zettaiteki Sanpunkan.m4a,deleted
2026-08-29T06:35:00.745329+00:00,sidecar,Sokoninaru/Unknown Album/1056 絶対的三分間 - Zettaiteki Sanpunkan.lrc,not_present
2026-08-29T06:35:00.745329+00:00,audio,Sokoninaru/Unknown Album/1057 THE ORAL CIGARETTES 『狂乱 Hey Kids!!』弾いてみた 【そこに鳴る軽音部】THE ORAL CIGARETTES - Kyouran Hey Kids!! (cover).m4a,deleted
2026-08-29T06:35:00.745329+00:00,sidecar,Sokoninaru/Unknown Album/1057 THE ORAL CIGARETTES 『狂乱 Hey Kids!!』弾いてみた 【そこに鳴る軽音部】THE ORAL CIGARETTES - Kyouran Hey Kids!! (cover).lrc,not_present
2026-08-29T06:35:00.745329+00:00,audio,Sokoninaru/Unknown Album/1058 菅田将暉 『さよならエレジー』cover【そこに鳴る軽音部】Sayonara Elegy - Masaki Suda (cover).m4a,deleted
2026-08-29T06:35:00.745329+00:00,sidecar,Sokoninaru/Unknown Album/1058 菅田将暉 『さよならエレジー』cover【そこに鳴る軽音部】Sayonara Elegy - Masaki Suda (cover).lrc,not_present
2026-08-29T06:35:00.745329+00:00,audio,Sokoninaru/Unknown Album/1060 マキシマム ザ ホルモン「F」バンドで弾いてみた【そこに鳴る軽音部】.m4a,deleted
2026-08-29T06:35:00.745329+00:00,sidecar,Sokoninaru/Unknown Album/1060 マキシマム ザ ホルモン「F」バンドで弾いてみた【そこに鳴る軽音部】.lrc,not_present
2026-08-29T06:35:00.745329+00:00,audio,Sokoninaru/Unknown Album/1061 harha『人生オーバー』バンドで演奏してみた【そこに鳴る軽音部】.m4a,deleted
2026-08-29T06:35:00.745329+00:00,sidecar,Sokoninaru/Unknown Album/1061 harha『人生オーバー』バンドで演奏してみた【そこに鳴る軽音部】.lrc,not_present
2026-08-29T06:35:00.745329+00:00,audio,Sokoninaru/Unknown Album/1062 陰陽座『甲賀忍法帖』バンドで弾いてみた【ONMYO-ZA】【そこに鳴る軽音部】.m4a,deleted
2026-08-29T06:35:00.745329+00:00,sidecar,Sokoninaru/Unknown Album/1062 陰陽座『甲賀忍法帖』バンドで弾いてみた【ONMYO-ZA】【そこに鳴る軽音部】.lrc,not_present
2026-08-29T06:35:00.745329+00:00,audio,Sokoninaru/Unknown Album/1063 【NANA】GLAMOROUS SKY _ 中島美嘉（cover）【そこに鳴る軽音部】.m4a,deleted
2026-08-29T06:35:00.745329+00:00,sidecar,Sokoninaru/Unknown Album/1063 【NANA】GLAMOROUS SKY _ 中島美嘉（cover）【そこに鳴る軽音部】.lrc,not_present
2026-08-29T06:35:00.745329+00:00,audio,Sokoninaru/Unknown Album/1064 嵐「truth」超絶技巧バージョン【そこに鳴る軽音部】.m4a,deleted
2026-08-29T06:35:00.745329+00:00,sidecar,Sokoninaru/Unknown Album/1064 嵐「truth」超絶技巧バージョン【そこに鳴る軽音部】.lrc,not_present
2026-08-29T06:35:00.745329+00:00,audio,Sokoninaru/Unknown Album/1065 『99999億本桜』【そこに鳴る軽音部】.m4a,deleted
2026-08-29T06:35:00.745329+00:00,sidecar,Sokoninaru/Unknown Album/1065 『99999億本桜』【そこに鳴る軽音部】.lrc,not_present
2026-08-29T06:35:00.745329+00:00,audio,Sokoninaru/Unknown Album/1066 バンドで「ポケモン言えるかな？」した結果ｗｗｗｗｗ【そこに鳴る軽音部】.m4a,deleted
2026-08-29T06:35:00.745329+00:00,sidecar,Sokoninaru/Unknown Album/1066 バンドで「ポケモン言えるかな？」した結果ｗｗｗｗｗ【そこに鳴る軽音部】.lrc,not_present
2026-08-29T06:35:00.745329+00:00,audio,Sokoninaru/Unknown Album/1067 【新旧ドラマーでドラムバトル】「re_program」二人で叩いてみた.m4a,deleted
2026-08-29T06:35:00.745329+00:00,sidecar,Sokoninaru/Unknown Album/1067 【新旧ドラマーでドラムバトル】「re_program」二人で叩いてみた.lrc,deleted
2026-08-29T06:35:00.745329+00:00,audio,Sokoninaru/Unknown Album/1068 『感電』と『Lemon』でバンドは宇宙一忙しい【米津玄師】【そこに鳴る軽音部】Kenshi Yonezu - Kanden(cover).m4a,deleted
2026-08-29T06:35:00.745329+00:00,sidecar,Sokoninaru/Unknown Album/1068 『感電』と『Lemon』でバンドは宇宙一忙しい【米津玄師】【そこに鳴る軽音部】Kenshi Yonezu - Kanden(cover).lrc,not_present
2026-08-29T06:35:00.745329+00:00,audio,Sokoninaru/Unknown Album/1069 THE ALFEE 『英雄の詩』弾いてみた【そこに鳴る軽音部】THE ALFEE - Eiyuno Uta（cover）.m4a,deleted
2026-08-29T06:35:00.745329+00:00,sidecar,Sokoninaru/Unknown Album/1069 THE ALFEE 『英雄の詩』弾いてみた【そこに鳴る軽音部】THE ALFEE - Eiyuno Uta（cover）.lrc,not_present
2026-08-29T06:35:00.745329+00:00,audio,Sokoninaru/Unknown Album/1070 氣志團『One Night Carnival』弾いてみた【そこに鳴る軽音部】KISHIDAN - One Night Carnival（cover）.m4a,deleted
2026-08-29T06:35:00.745329+00:00,sidecar,Sokoninaru/Unknown Album/1070 氣志團『One Night Carnival』弾いてみた【そこに鳴る軽音部】KISHIDAN - One Night Carnival（cover）.lrc,not_present
2026-08-29T06:35:00.745329+00:00,audio,Sokoninaru/Unknown Album/1071 【鋼の錬金術師】ポルノグラフィティ『メリッサ』弾いてみた【そこに鳴る軽音部】PORNOGRAFFITTI - Melissa（cover）.m4a,deleted
2026-08-29T06:35:00.745329+00:00,sidecar,Sokoninaru/Unknown Album/1071 【鋼の錬金術師】ポルノグラフィティ『メリッサ』弾いてみた【そこに鳴る軽音部】PORNOGRAFFITTI - Melissa（cover）.lrc,not_present
2026-08-29T06:35:00.745329+00:00,audio,Sokoninaru/Unknown Album/1072 シャ乱Q『ズルい女』弾いてみた【そこに鳴る軽音部】Sharam Q - Zurui Onna（cover）.m4a,deleted
2026-08-29T06:35:00.745329+00:00,sidecar,Sokoninaru/Unknown Album/1072 シャ乱Q『ズルい女』弾いてみた【そこに鳴る軽音部】Sharam Q - Zurui Onna（cover）.lrc,not_present
2026-08-29T06:35:00.745329+00:00,audio,Sokoninaru/Unknown Album/1073 wowaka『ワールズエンド・ダンスホール』弾いてみた【そこに鳴る軽音部】wowaka - World's End Dancehall（cover）.m4a,deleted
2026-08-29T06:35:00.745329+00:00,sidecar,Sokoninaru/Unknown Album/1073 wowaka『ワールズエンド・ダンスホール』弾いてみた【そこに鳴る軽音部】wowaka - World's End Dancehall（cover）.lrc,not_present
2026-08-29T06:35:00.745329+00:00,audio,Sokoninaru/Unknown Album/1074 【機動戦士ガンダムSEED DESTINY】HIGH and MIGHTY COLOR『PRIDE』弾いてみた【そこに鳴る軽音部】（cover）.m4a,deleted
2026-08-29T06:35:00.745329+00:00,sidecar,Sokoninaru/Unknown Album/1074 【機動戦士ガンダムSEED DESTINY】HIGH and MIGHTY COLOR『PRIDE』弾いてみた【そこに鳴る軽音部】（cover）.lrc,not_present
2026-08-29T06:35:00.745329+00:00,audio,Sokoninaru/Unknown Album/1076 NUMBER GIRL『CHE.R.RY（YUI）』【そこに鳴る軽音部】.m4a,deleted
2026-08-29T06:35:00.745329+00:00,sidecar,Sokoninaru/Unknown Album/1076 NUMBER GIRL『CHE.R.RY（YUI）』【そこに鳴る軽音部】.lrc,not_present
2026-08-29T06:35:00.745329+00:00,audio,Sokoninaru/Unknown Album/1077 THEE MICHELLE GUN ELEPHANT『世界の終わり』弾いてみた【そこに鳴る軽音部】THEE MICHELLE GUN ELEPHANT - World's End（cover）.m4a,deleted
2026-08-29T06:35:00.745329+00:00,sidecar,Sokoninaru/Unknown Album/1077 THEE MICHELLE GUN ELEPHANT『世界の終わり』弾いてみた【そこに鳴る軽音部】THEE MICHELLE GUN ELEPHANT - World's End（cover）.lrc,not_present
2026-08-29T06:35:00.745329+00:00,audio,Sokoninaru/Unknown Album/1078 福山雅治『虹』弾いてみた【そこに鳴る軽音部】Fukuyama Masaharu - Niji（cover）.m4a,deleted
2026-08-29T06:35:00.745329+00:00,sidecar,Sokoninaru/Unknown Album/1078 福山雅治『虹』弾いてみた【そこに鳴る軽音部】Fukuyama Masaharu - Niji（cover）.lrc,not_present
2026-08-29T06:35:00.745329+00:00,audio,Sokoninaru/Unknown Album/1079 ORANGE RANGE『＊～アスタリスク～』弾いてみた【そこに鳴る軽音部】ORANGE RANGE - Asterisk（cover）.m4a,deleted
2026-08-29T06:35:00.745329+00:00,sidecar,Sokoninaru/Unknown Album/1079 ORANGE RANGE『＊～アスタリスク～』弾いてみた【そこに鳴る軽音部】ORANGE RANGE - Asterisk（cover）.lrc,not_present
2026-08-29T06:35:00.745329+00:00,audio,Sokoninaru/Unknown Album/1080 Rusty NailのLUNA SEA風凛として時雨添え（X JAPAN）【そこに鳴る軽音部】.m4a,deleted
2026-08-29T06:35:00.745329+00:00,sidecar,Sokoninaru/Unknown Album/1080 Rusty NailのLUNA SEA風凛として時雨添え（X JAPAN）【そこに鳴る軽音部】.lrc,not_present
2026-08-29T06:35:00.745329+00:00,audio,Sokoninaru/Unknown Album/1081 【名探偵コナン】ZARD『運命のルーレット廻して』弾いてみた【そこに鳴る軽音部】ZARD - Unmei No Ruretto Mawashi Te（cover）.m4a,deleted
2026-08-29T06:35:00.745329+00:00,sidecar,Sokoninaru/Unknown Album/1081 【名探偵コナン】ZARD『運命のルーレット廻して』弾いてみた【そこに鳴る軽音部】ZARD - Unmei No Ruretto Mawashi Te（cover）.lrc,not_present
2026-08-29T06:35:00.745329+00:00,audio,Sokoninaru/Unknown Album/1082 星野源『恋』弾いてみた【そこに鳴る軽音部】Gen Hoshino - Koi（cover）.m4a,deleted
2026-08-29T06:35:00.745329+00:00,sidecar,Sokoninaru/Unknown Album/1082 星野源『恋』弾いてみた【そこに鳴る軽音部】Gen Hoshino - Koi（cover）.lrc,not_present
2026-08-29T06:35:00.745329+00:00,audio,Sokoninaru/Unknown Album/1083 GLAY『誘惑』弾いてみた【そこに鳴る軽音部】GLAY - Temptation（cover）.m4a,deleted
2026-08-29T06:35:00.745329+00:00,sidecar,Sokoninaru/Unknown Album/1083 GLAY『誘惑』弾いてみた【そこに鳴る軽音部】GLAY - Temptation（cover）.lrc,not_present
2026-08-29T06:35:00.745329+00:00,audio,Sokoninaru/Unknown Album/1084 BOØWY『MARIONETTE』弾いてみた【そこに鳴る軽音部】BOØWY - MARIONETTE（cover）.m4a,deleted
2026-08-29T06:35:00.745329+00:00,sidecar,Sokoninaru/Unknown Album/1084 BOØWY『MARIONETTE』弾いてみた【そこに鳴る軽音部】BOØWY - MARIONETTE（cover）.lrc,not_present
2026-08-29T06:35:00.745329+00:00,audio,Sokoninaru/Unknown Album/1085 【KH】宇多田ヒカルの「光」と「Passion」を混ぜたらすごかった（すごい）【そこに鳴る軽音部】.m4a,deleted
2026-08-29T06:35:00.745329+00:00,sidecar,Sokoninaru/Unknown Album/1085 【KH】宇多田ヒカルの「光」と「Passion」を混ぜたらすごかった（すごい）【そこに鳴る軽音部】.lrc,not_present
2026-08-29T06:35:00.745329+00:00,audio,Sokoninaru/Unknown Album/1086 Base Ball Bear『Stairway Generation』弾いてみた【そこに鳴る軽音部】Base Ball Bear - Stairway Generation（cover）.m4a,deleted
2026-08-29T06:35:00.745329+00:00,sidecar,Sokoninaru/Unknown Album/1086 Base Ball Bear『Stairway Generation』弾いてみた【そこに鳴る軽音部】Base Ball Bear - Stairway Generation（cover）.lrc,not_present
2026-08-29T06:35:00.745329+00:00,audio,Sokoninaru/Unknown Album/1087 椎名林檎 『NIPPON』弾いてみた【そこに鳴る軽音部】Sheena Ringo - NIPPON（cover）.m4a,deleted
2026-08-29T06:35:00.745329+00:00,sidecar,Sokoninaru/Unknown Album/1087 椎名林檎 『NIPPON』弾いてみた【そこに鳴る軽音部】Sheena Ringo - NIPPON（cover）.lrc,not_present
2026-08-29T06:35:00.745329+00:00,audio,Sokoninaru/Unknown Album/1088 THE ALFEE 『星空のディスタンス』弾いてみた【そこに鳴る軽音部】THE ALFEE - UNDER THE STARRY SKY（cover）.m4a,deleted
2026-08-29T06:35:00.745329+00:00,sidecar,Sokoninaru/Unknown Album/1088 THE ALFEE 『星空のディスタンス』弾いてみた【そこに鳴る軽音部】THE ALFEE - UNDER THE STARRY SKY（cover）.lrc,not_present
2026-08-29T06:35:00.745329+00:00,audio,Sokoninaru/Unknown Album/1089 【呪術廻戦】Eve 『廻廻奇譚』弾いてみた【そこに鳴る軽音部】Eve - kaikaikitan（cover）.m4a,deleted
2026-08-29T06:35:00.745329+00:00,sidecar,Sokoninaru/Unknown Album/1089 【呪術廻戦】Eve 『廻廻奇譚』弾いてみた【そこに鳴る軽音部】Eve - kaikaikitan（cover）.lrc,not_present
2026-08-29T06:35:00.745329+00:00,audio,Sokoninaru/Unknown Album/1091 相対性理論『LOVEずっきゅん』弾いてみた【そこに鳴る軽音部】Soutaiseiriron - _LOVE Zukkyun_（cover）.m4a,deleted
2026-08-29T06:35:00.745329+00:00,sidecar,Sokoninaru/Unknown Album/1091 相対性理論『LOVEずっきゅん』弾いてみた【そこに鳴る軽音部】Soutaiseiriron - _LOVE Zukkyun_（cover）.lrc,not_present
2026-08-29T06:35:00.745329+00:00,audio,Sokoninaru/Unknown Album/1092 シド『嘘』弾いてみた【そこに鳴る軽音部】Sid - Uso（cover）.m4a,deleted
2026-08-29T06:35:00.745329+00:00,sidecar,Sokoninaru/Unknown Album/1092 シド『嘘』弾いてみた【そこに鳴る軽音部】Sid - Uso（cover）.lrc,not_present
2026-08-29T06:35:00.745329+00:00,audio,Sokoninaru/Unknown Album/1093 ロードオブメジャー『心絵』弾いてみた【そこに鳴る軽音部】ROAD OF MAJOR - Kokoroe（cover）.m4a,deleted
2026-08-29T06:35:00.745329+00:00,sidecar,Sokoninaru/Unknown Album/1093 ロードオブメジャー『心絵』弾いてみた【そこに鳴る軽音部】ROAD OF MAJOR - Kokoroe（cover）.lrc,not_present
2026-08-29T06:35:00.745329+00:00,audio,Sokoninaru/Unknown Album/1094 BUMP OF CHICKEN『カルマ』ベル弾いてみた（playthrough）.m4a,deleted
2026-08-29T06:35:00.745329+00:00,sidecar,Sokoninaru/Unknown Album/1094 BUMP OF CHICKEN『カルマ』ベル弾いてみた（playthrough）.lrc,not_present
2026-08-29T06:35:00.745329+00:00,audio,Sokoninaru/Unknown Album/1095 164『天ノ弱』弾いてみた【そこに鳴る軽音部】164 - ama no jaku（cover）.m4a,deleted
2026-08-29T06:35:00.745329+00:00,sidecar,Sokoninaru/Unknown Album/1095 164『天ノ弱』弾いてみた【そこに鳴る軽音部】164 - ama no jaku（cover）.lrc,not_present
2026-08-29T06:35:00.745329+00:00,audio,Sokoninaru/Unknown Album/1097 ハチ『マトリョシカ』弾いてみた【そこに鳴る軽音部】HACHI - MATORYOSHKA（cover）.m4a,deleted
2026-08-29T06:35:00.745329+00:00,sidecar,Sokoninaru/Unknown Album/1097 ハチ『マトリョシカ』弾いてみた【そこに鳴る軽音部】HACHI - MATORYOSHKA（cover）.lrc,not_present
2026-08-29T06:35:00.745329+00:00,audio,Sokoninaru/Unknown Album/1099 【完コピ】凛として時雨「Telecastic fake show」弾いてみた.m4a,deleted
2026-08-29T06:35:00.745329+00:00,sidecar,Sokoninaru/Unknown Album/1099 【完コピ】凛として時雨「Telecastic fake show」弾いてみた.lrc,not_present
2026-08-29T06:35:00.745329+00:00,audio,Sokoninaru/Unknown Album/1101 そこに鳴る _ 業に燃ゆ【LIVE】「超越」初回限定盤DVD収録.m4a,deleted
2026-08-29T06:35:00.745329+00:00,sidecar,Sokoninaru/Unknown Album/1101 そこに鳴る _ 業に燃ゆ【LIVE】「超越」初回限定盤DVD収録.lrc,not_present
2026-08-29T06:35:00.745329+00:00,audio,Sokoninaru/Unknown Album/1102 9mmのトリビュートに入れてほしかった….m4a,deleted
2026-08-29T06:35:00.745329+00:00,sidecar,Sokoninaru/Unknown Album/1102 9mmのトリビュートに入れてほしかった….lrc,not_present
2026-08-29T06:35:00.745329+00:00,audio,Sokoninaru/Unknown Album/1103 THE BACK HORN『コバルトブルー』弾いてみた【そこに鳴る軽音部】THE BACK HORN - cobalt blue（cover）.m4a,deleted
2026-08-29T06:35:00.745329+00:00,sidecar,Sokoninaru/Unknown Album/1103 THE BACK HORN『コバルトブルー』弾いてみた【そこに鳴る軽音部】THE BACK HORN - cobalt blue（cover）.lrc,not_present
2026-08-29T06:35:00.745329+00:00,audio,Sonic Youth/Unknown Album/613 Incinerate Closed Captioned.m4a,deleted
2026-08-29T06:35:00.745329+00:00,sidecar,Sonic Youth/Unknown Album/613 Incinerate Closed Captioned.lrc,not_present
2026-08-29T06:35:00.745329+00:00,audio,SpecialThanks/SUNCTUARY/618 ムーブメント.m4a,deleted
2026-08-29T06:35:00.745329+00:00,sidecar,SpecialThanks/SUNCTUARY/618 ムーブメント.lrc,not_present
2026-08-29T06:35:00.745329+00:00,audio,Squall Of Scream/Unknown Album/622 Squall Of Scream - _花の色_ _ Official Lyric Video.m4a,deleted
2026-08-29T06:35:00.745329+00:00,sidecar,Squall Of Scream/Unknown Album/622 Squall Of Scream - _花の色_ _ Official Lyric Video.lrc,deleted
2026-08-29T06:35:00.745329+00:00,audio,Stance Punks/PEACE&DESTROY/11 1000の星クズ - Ssen No Hosikuzu.m4a,deleted
2026-08-29T06:35:00.745329+00:00,sidecar,Stance Punks/PEACE&DESTROY/11 1000の星クズ - Ssen No Hosikuzu.lrc,not_present
2026-08-29T06:35:00.745329+00:00,audio,Stoic High School/Unknown Album/625 【呪術廻戦OP】『廻廻奇譚』をバンドで演奏してみた☆.m4a,deleted
2026-08-29T06:35:00.745329+00:00,sidecar,Stoic High School/Unknown Album/625 【呪術廻戦OP】『廻廻奇譚』をバンドで演奏してみた☆.lrc,not_present
2026-08-29T06:35:00.745329+00:00,audio,Stuck in the Sound/Unknown Album/626 Let's Go.m4a,deleted
2026-08-29T06:35:00.745329+00:00,sidecar,Stuck in the Sound/Unknown Album/626 Let's Go.lrc,deleted
2026-08-29T06:35:00.745329+00:00,audio,Suichu Spica/Unknown Album/632 beyond me.m4a,deleted
2026-08-29T06:35:00.745329+00:00,sidecar,Suichu Spica/Unknown Album/632 beyond me.lrc,not_present
2026-08-29T06:35:00.745329+00:00,audio,Suisei Hoshimachi/Unknown Album/635 【ゾンビランドサガ】フランシュシュ「佐賀事変」_ 星街すいせい with ホロライブファンタジー(Cover).m4a,deleted
2026-08-29T06:35:00.745329+00:00,sidecar,Suisei Hoshimachi/Unknown Album/635 【ゾンビランドサガ】フランシュシュ「佐賀事変」_ 星街すいせい with ホロライブファンタジー(Cover).lrc,not_present
2026-08-29T06:35:00.745329+00:00,audio,Suisei Hoshimachi/Unknown Album/636 Goose house「光るなら」 _ 星街すいせい × 蒔田陽丸 × 楓山蓮太郎(Cover).m4a,deleted
2026-08-29T06:35:00.745329+00:00,sidecar,Suisei Hoshimachi/Unknown Album/636 Goose house「光るなら」 _ 星街すいせい × 蒔田陽丸 × 楓山蓮太郎(Cover).lrc,not_present
2026-08-29T06:35:00.745329+00:00,audio,Suisei Hoshimachi/Unknown Album/637 シド「乱舞のメロディ」 _ 星街すいせい(Cover).m4a,deleted
2026-08-29T06:35:00.745329+00:00,sidecar,Suisei Hoshimachi/Unknown Album/637 シド「乱舞のメロディ」 _ 星街すいせい(Cover).lrc,not_present
2026-08-29T06:35:00.745329+00:00,audio,Summer on bass/Unknown Album/638 te' 何らの苦しみにもあわずして、何人をも幸福とは『呼』ぶなかれ。 Japan.m4a,deleted
2026-08-29T06:35:00.745329+00:00,sidecar,Summer on bass/Unknown Album/638 te' 何らの苦しみにもあわずして、何人をも幸福とは『呼』ぶなかれ。 Japan.lrc,not_present
2026-08-29T06:35:00.745329+00:00,audio,Sunny Day Service/Unknown Album/642 セツナ - Setsuna.m4a,deleted
2026-08-29T06:35:00.745329+00:00,sidecar,Sunny Day Service/Unknown Album/642 セツナ - Setsuna.lrc,deleted
2026-08-29T06:35:00.745329+00:00,audio,Supercar/HIGHVISION/643 STORYWRITER.m4a,deleted
2026-08-29T06:35:00.745329+00:00,sidecar,Supercar/HIGHVISION/643 STORYWRITER.lrc,deleted
2026-08-29T06:35:00.745329+00:00,audio,TEPPU TOKYO/Nokosu/04 外灯とアパート - Gaitou To Apartment.m4a,deleted
2026-08-29T06:35:00.745329+00:00,sidecar,TEPPU TOKYO/Nokosu/04 外灯とアパート - Gaitou To Apartment.lrc,deleted
2026-08-29T06:35:00.745329+00:00,audio,THE BACK HORN/Cobalt Blue/01 コバルトブルー - cobalt blue.m4a,deleted
2026-08-29T06:35:00.745329+00:00,sidecar,THE BACK HORN/Cobalt Blue/01 コバルトブルー - cobalt blue.lrc,not_present
2026-08-29T06:35:00.745329+00:00,audio,"THE DO DO DO's/Hold me baby, kiss!kiss!kiss!/01 Hold me baby,kiss!kiss!kiss! - Hold me baby, kiss!kiss!kiss!.m4a",deleted
2026-08-29T06:35:00.745329+00:00,sidecar,"THE DO DO DO's/Hold me baby, kiss!kiss!kiss!/01 Hold me baby,kiss!kiss!kiss! - Hold me baby, kiss!kiss!kiss!.lrc",not_present
2026-08-29T06:35:00.745329+00:00,audio,THE DO DO DO's/I want to be a monster/01 怪獣になりたい！ - I want to be a monster.m4a,deleted
2026-08-29T06:35:00.745329+00:00,sidecar,THE DO DO DO's/I want to be a monster/01 怪獣になりたい！ - I want to be a monster.lrc,not_present
2026-08-29T06:35:00.745329+00:00,audio,THEE MICHELLE GUN ELEPHANT/Thee Live/648 スモーキン・ビリー - Smokin' Billy.m4a,deleted
2026-08-29T06:35:00.745329+00:00,sidecar,THEE MICHELLE GUN ELEPHANT/Thee Live/648 スモーキン・ビリー - Smokin' Billy.lrc,deleted
2026-08-29T06:35:00.745329+00:00,audio,TOKYO SYOKI SYODO/HARU/01 春 - HARU.m4a,deleted
2026-08-29T06:35:00.745329+00:00,sidecar,TOKYO SYOKI SYODO/HARU/01 春 - HARU.lrc,not_present
2026-08-29T06:35:00.745329+00:00,audio,TOOL/Lateralus/650 Parabola.m4a,deleted
2026-08-29T06:35:00.745329+00:00,sidecar,TOOL/Lateralus/650 Parabola.lrc,deleted
2026-08-29T06:35:00.745329+00:00,audio,TOPANGASWANGA/Unknown Album/651 Paranoid Void Live @PaperTiger in San Antonio 1_23.m4a,deleted
2026-08-29T06:35:00.745329+00:00,sidecar,TOPANGASWANGA/Unknown Album/651 Paranoid Void Live @PaperTiger in San Antonio 1_23.lrc,not_present
2026-08-29T06:35:00.745329+00:00,audio,TOYSFACTORYJP/Unknown Album/652 藍坊主「星のすみか」PV.m4a,deleted
2026-08-29T06:35:00.745329+00:00,sidecar,TOYSFACTORYJP/Unknown Album/652 藍坊主「星のすみか」PV.lrc,not_present
2026-08-29T06:35:00.745329+00:00,audio,TRiDENT japan/Unknown Album/655 TRiDENT『Continue』MV【exガールズロックバンド革命】.m4a,deleted
2026-08-29T06:35:00.745329+00:00,sidecar,TRiDENT japan/Unknown Album/655 TRiDENT『Continue』MV【exガールズロックバンド革命】.lrc,deleted
2026-08-29T06:35:00.745329+00:00,audio,TRiDENT japan/Unknown Album/656 TRiDENT『Spoopy』.m4a,deleted
2026-08-29T06:35:00.745329+00:00,sidecar,TRiDENT japan/Unknown Album/656 TRiDENT『Spoopy』.lrc,deleted
2026-08-29T06:35:00.745329+00:00,audio,TVFilthyFrank/Unknown Album/657 PINK GUY - STFU.m4a,deleted
2026-08-29T06:35:00.745329+00:00,sidecar,TVFilthyFrank/Unknown Album/657 PINK GUY - STFU.lrc,deleted
2026-08-29T06:35:00.745329+00:00,audio,Ted Stevens/Unknown Album/660 「トレイン to トレイン」 AKA Trainroll.m4a,deleted
2026-08-29T06:35:00.745329+00:00,sidecar,Ted Stevens/Unknown Album/660 「トレイン to トレイン」 AKA Trainroll.lrc,not_present
2026-08-29T06:35:00.745329+00:00,audio,Tele/Glass Lines/03 がらすの線 - Garasu no sen.m4a,deleted
2026-08-29T06:35:00.745329+00:00,sidecar,Tele/Glass Lines/03 がらすの線 - Garasu no sen.lrc,not_present
2026-08-29T06:35:00.745329+00:00,audio,Tele/Glass Lines/662 硝子の線 - Glass Lines.m4a,deleted
2026-08-29T06:35:00.745329+00:00,sidecar,Tele/Glass Lines/662 硝子の線 - Glass Lines.lrc,not_present
2026-08-29T06:35:00.745329+00:00,audio,The Hu/Live at Glastonbury/669 Yuve Yuve Yu.m4a,deleted
2026-08-29T06:35:00.745329+00:00,sidecar,The Hu/Live at Glastonbury/669 Yuve Yuve Yu.lrc,deleted
2026-08-29T06:35:00.745329+00:00,audio,"The Killers/2018-07-08_ TRNSMT Festival, Glasgow Green, Glasgow/670 When You Were Young (Official Music Video).m4a",deleted
2026-08-29T06:35:00.745329+00:00,sidecar,"The Killers/2018-07-08_ TRNSMT Festival, Glasgow Green, Glasgow/670 When You Were Young (Official Music Video).lrc",deleted
2026-08-29T06:35:00.745329+00:00,audio,"The Mars Volta/Promo Only_ Modern Rock Radio, April 2008/672 Goliath.m4a",deleted
2026-08-29T06:35:00.745329+00:00,sidecar,"The Mars Volta/Promo Only_ Modern Rock Radio, April 2008/672 Goliath.lrc",deleted
2026-08-29T06:35:00.745329+00:00,audio,The Math Rock Collective/Unknown Album/673 He - In Sequence [Full LP].m4a,deleted
2026-08-29T06:35:00.745329+00:00,sidecar,The Math Rock Collective/Unknown Album/673 He - In Sequence [Full LP].lrc,not_present
2026-08-29T06:35:00.745329+00:00,audio,The Math Rock Collective/Unknown Album/674 The Earth is a Man - The Earth is a Man [Full LP].m4a,deleted
2026-08-29T06:35:00.745329+00:00,sidecar,The Math Rock Collective/Unknown Album/674 The Earth is a Man - The Earth is a Man [Full LP].lrc,not_present
2026-08-29T06:35:00.745329+00:00,audio,"The Pastels, Tenniscoats/Vivid Youth/677 Vivid Youth.m4a",deleted
2026-08-29T06:35:00.745329+00:00,sidecar,"The Pastels, Tenniscoats/Vivid Youth/677 Vivid Youth.lrc",not_present
2026-08-29T06:35:00.745329+00:00,audio,The Police/Unknown Album/678 Message In A Bottle Video.m4a,deleted
2026-08-29T06:35:00.745329+00:00,sidecar,The Police/Unknown Album/678 Message In A Bottle Video.lrc,deleted
2026-08-29T06:35:00.745329+00:00,audio,The Protomen/Live In Nashville/679 The Will of One.m4a,deleted
2026-08-29T06:35:00.745329+00:00,sidecar,The Protomen/Live In Nashville/679 The Will of One.lrc,deleted
2026-08-29T06:35:00.745329+00:00,audio,The Shiawase/Kotatsu/01 ポテトサラダ - Potato Salad.m4a,deleted
2026-08-29T06:35:00.745329+00:00,sidecar,The Shiawase/Kotatsu/01 ポテトサラダ - Potato Salad.lrc,not_present
2026-08-29T06:35:00.745329+00:00,audio,The Shins/When I Goose-Step/03 New Slang (When You Notice The Stripes).m4a,deleted
2026-08-29T06:35:00.745329+00:00,sidecar,The Shins/When I Goose-Step/03 New Slang (When You Notice The Stripes).lrc,deleted
2026-08-29T06:35:00.745329+00:00,audio,The Whoops/Unknown Album/683 Satellite.m4a,deleted
2026-08-29T06:35:00.745329+00:00,sidecar,The Whoops/Unknown Album/683 Satellite.lrc,not_present
2026-08-29T06:35:00.745329+00:00,audio,The Worst Taste/Unknown Album/685 duendita - one of one.m4a,deleted
2026-08-29T06:35:00.745329+00:00,sidecar,The Worst Taste/Unknown Album/685 duendita - one of one.lrc,deleted
2026-08-29T06:35:00.745329+00:00,audio,TheClapAttack/Unknown Album/686 Daphne Loves Derby - Kirby.m4a,deleted
2026-08-29T06:35:00.745329+00:00,sidecar,TheClapAttack/Unknown Album/686 Daphne Loves Derby - Kirby.lrc,deleted
2026-08-29T06:35:00.745329+00:00,audio,ThePEKOTARO/Unknown Album/687 スタースタースター (ピアノ有) ぷちゅまる.m4a,deleted
2026-08-29T06:35:00.745329+00:00,sidecar,ThePEKOTARO/Unknown Album/687 スタースタースター (ピアノ有) ぷちゅまる.lrc,not_present
2026-08-29T06:35:00.745329+00:00,audio,Thebrownthebrown/Unknown Album/688 the brown _mosaic_.m4a,deleted
2026-08-29T06:35:00.745329+00:00,sidecar,Thebrownthebrown/Unknown Album/688 the brown _mosaic_.lrc,not_present
2026-08-29T06:35:00.745329+00:00,audio,Theishter/Unknown Album/689 Noragami ED - Heart Realize (Improvisation #2).m4a,deleted
2026-08-29T06:35:00.745329+00:00,sidecar,Theishter/Unknown Album/689 Noragami ED - Heart Realize (Improvisation #2).lrc,not_present
2026-08-29T06:35:00.745329+00:00,audio,Thirty Seconds To Mars/mtvU Sampler 2006/690 The Kill (Bury Me).m4a,deleted
2026-08-29T06:35:00.745329+00:00,sidecar,Thirty Seconds To Mars/mtvU Sampler 2006/690 The Kill (Bury Me).lrc,deleted
2026-08-29T06:35:00.745329+00:00,audio,Thundercat/Unknown Album/693 Thundercat_ NPR Music Tiny Desk Concert.m4a,deleted
2026-08-29T06:35:00.745329+00:00,sidecar,Thundercat/Unknown Album/693 Thundercat_ NPR Music Tiny Desk Concert.lrc,not_present
2026-08-29T06:35:00.745329+00:00,audio,TokoyoP/Unknown Album/696 Brainwashing BGM used in Pekora's live streaming -たぬきちの冒険 acoustic ver..m4a,deleted
2026-08-29T06:35:00.745329+00:00,sidecar,TokoyoP/Unknown Album/696 Brainwashing BGM used in Pekora's live streaming -たぬきちの冒険 acoustic ver..lrc,not_present
2026-08-29T06:35:00.745329+00:00,audio,Tokyo Incidents/News/697 永遠の不在証明 - The Scarlet Alibi.m4a,deleted
2026-08-29T06:35:00.745329+00:00,sidecar,Tokyo Incidents/News/697 永遠の不在証明 - The Scarlet Alibi.lrc,deleted
2026-08-29T06:35:00.745329+00:00,audio,Tokyo Incidents/Sports/698 能動的三分間 - 3 min..m4a,deleted
2026-08-29T06:35:00.745329+00:00,sidecar,Tokyo Incidents/Sports/698 能動的三分間 - 3 min..lrc,deleted
2026-08-29T06:35:00.745329+00:00,audio,Tokyo Incidents/Unknown Album/699 東京事変 - 永遠の不在証明 from ニュースフラッシュ.m4a,deleted
2026-08-29T06:35:00.745329+00:00,sidecar,Tokyo Incidents/Unknown Album/699 東京事変 - 永遠の不在証明 from ニュースフラッシュ.lrc,not_present
2026-08-29T06:35:00.745329+00:00,audio,Tokyo Incidents/Unknown Album/702 赤の同盟 - Alianza de sangre.m4a,deleted
2026-08-29T06:35:00.745329+00:00,sidecar,Tokyo Incidents/Unknown Album/702 赤の同盟 - Alianza de sangre.lrc,deleted
2026-08-29T06:35:00.745329+00:00,audio,Tokyo Syoki Syodo/END OF THE WORLD/04 トラブルメイカーガール - TROUBLEMAKER GIRL.m4a,deleted
2026-08-29T06:35:00.745329+00:00,sidecar,Tokyo Syoki Syodo/END OF THE WORLD/04 トラブルメイカーガール - TROUBLEMAKER GIRL.lrc,not_present
2026-08-29T06:35:00.745329+00:00,audio,Tokyo Syoki Syodo/Unknown Album/706 東京 - TOKYO.m4a,deleted
2026-08-29T06:35:00.745329+00:00,sidecar,Tokyo Syoki Syodo/Unknown Album/706 東京 - TOKYO.lrc,not_present
2026-08-29T06:35:00.745329+00:00,audio,Tokyorenbo/I act like a fool in the habit that wants to die/707 素晴らしきこの世界 - wonderful World.m4a,deleted
2026-08-29T06:35:00.745329+00:00,sidecar,Tokyorenbo/I act like a fool in the habit that wants to die/707 素晴らしきこの世界 - wonderful World.lrc,not_present
2026-08-29T06:35:00.745329+00:00,audio,Tom McEggsDennis/Unknown Album/709 Mouse on the Keys - Sezession (Full EP).m4a,deleted
2026-08-29T06:35:00.745329+00:00,sidecar,Tom McEggsDennis/Unknown Album/709 Mouse on the Keys - Sezession (Full EP).lrc,not_present
2026-08-29T06:35:00.745329+00:00,audio,Topshelf Records/Unknown Album/710 _High Hopes_ by Sweet Pill (official video).m4a,deleted
2026-08-29T06:35:00.745329+00:00,sidecar,Topshelf Records/Unknown Album/710 _High Hopes_ by Sweet Pill (official video).lrc,not_present
2026-08-29T06:35:00.745329+00:00,audio,"Topshelf Records/Unknown Album/711 DOKU-EN-KAI, by toe (official video).m4a",deleted
2026-08-29T06:35:00.745329+00:00,sidecar,"Topshelf Records/Unknown Album/711 DOKU-EN-KAI, by toe (official video).lrc",not_present
2026-08-29T06:35:00.745329+00:00,audio,ToyJoy Official/Unknown Album/712 ToyJoy - 星に願いを【Official Music Video】.m4a,deleted
2026-08-29T06:35:00.745329+00:00,sidecar,ToyJoy Official/Unknown Album/712 ToyJoy - 星に願いを【Official Music Video】.lrc,not_present
2026-08-29T06:35:00.745329+00:00,audio,Trooper Salute/Tenshichan dayo/01 天使ちゃんだよ - Tenshichan dayo.m4a,deleted
2026-08-29T06:35:00.745329+00:00,sidecar,Trooper Salute/Tenshichan dayo/01 天使ちゃんだよ - Tenshichan dayo.lrc,not_present
2026-08-29T06:35:00.745329+00:00,audio,Trooper Salute/Trooper Salute 2/720 忘れてしまいそう - Wasureteshimaisou.m4a,deleted
2026-08-29T06:35:00.745329+00:00,sidecar,Trooper Salute/Trooper Salute 2/720 忘れてしまいそう - Wasureteshimaisou.lrc,not_present
2026-08-29T06:35:00.745329+00:00,audio,Trooper Salute/Trooper Salute/718 美人 - Bijin.m4a,deleted
2026-08-29T06:35:00.745329+00:00,sidecar,Trooper Salute/Trooper Salute/718 美人 - Bijin.lrc,not_present
2026-08-29T06:35:00.745329+00:00,audio,Trooper Salute/Tsumetai Mermaid/01 冷たいマーメイド - Tsumetai Mermaid.m4a,deleted
2026-08-29T06:35:00.745329+00:00,sidecar,Trooper Salute/Tsumetai Mermaid/01 冷たいマーメイド - Tsumetai Mermaid.lrc,not_present
2026-08-29T06:35:00.745329+00:00,audio,UPLIFT SPICE/Unknown Album/726 青葉とワルツ.m4a,deleted
2026-08-29T06:35:00.745329+00:00,sidecar,UPLIFT SPICE/Unknown Album/726 青葉とワルツ.lrc,not_present
2026-08-29T06:35:00.745329+00:00,audio,UPLIFT SPICE/Unknown Album/727 MARINE SNOW.m4a,deleted
2026-08-29T06:35:00.745329+00:00,sidecar,UPLIFT SPICE/Unknown Album/727 MARINE SNOW.lrc,not_present
2026-08-29T06:35:00.745329+00:00,audio,UPLIFT SPICE/Unknown Album/728 バイナリ.m4a,deleted
2026-08-29T06:35:00.745329+00:00,sidecar,UPLIFT SPICE/Unknown Album/728 バイナリ.lrc,not_present
2026-08-29T06:35:00.745329+00:00,audio,Underrated/Unknown Album/1383 Number Girl __ 透明少女 _ PV.m4a,deleted
2026-08-29T06:35:00.745329+00:00,sidecar,Underrated/Unknown Album/1383 Number Girl __ 透明少女 _ PV.lrc,not_present
2026-08-29T06:35:00.745329+00:00,audio,Uri/Unknown Album/732 Horie Mami - Hanashirube (Salsa Ver.).m4a,deleted
2026-08-29T06:35:00.745329+00:00,sidecar,Uri/Unknown Album/732 Horie Mami - Hanashirube (Salsa Ver.).lrc,not_present
2026-08-29T06:35:00.745329+00:00,audio,Utsu-P/Unknown Album/733 MiKUSABBATH.m4a,deleted
2026-08-29T06:35:00.745329+00:00,sidecar,Utsu-P/Unknown Album/733 MiKUSABBATH.lrc,deleted
2026-08-29T06:35:00.745329+00:00,audio,VELTPUNCH/THE NEWEST JOKE/735 VELTPUNCH _ グッバイアンサー.m4a,deleted
2026-08-29T06:35:00.745329+00:00,sidecar,VELTPUNCH/THE NEWEST JOKE/735 VELTPUNCH _ グッバイアンサー.lrc,not_present
2026-08-29T06:35:00.745329+00:00,audio,Various Artists/Musical Isotope RIME 1st COMPILATION ALBUM Paranormal vol.1 A Paranormal Echo/741 シンクタンク - Sinktank.m4a,deleted
2026-08-29T06:35:00.745329+00:00,sidecar,Various Artists/Musical Isotope RIME 1st COMPILATION ALBUM Paranormal vol.1 A Paranormal Echo/741 シンクタンク - Sinktank.lrc,not_present
2026-08-29T06:35:00.745329+00:00,audio,Various Artists/Pop Music_ The Modern Era 1976-1999/34 Virtual Insanity.m4a,deleted
2026-08-29T06:35:00.745329+00:00,sidecar,Various Artists/Pop Music_ The Modern Era 1976-1999/34 Virtual Insanity.lrc,deleted
2026-08-29T06:35:00.745329+00:00,audio,Various Artists/Sakamichi No Apollon (Original Sound Track)/16 バードランドの子守唄 - Lullaby Of Birdland (feat. Aoi Teshima).m4a,deleted
2026-08-29T06:35:00.745329+00:00,sidecar,Various Artists/Sakamichi No Apollon (Original Sound Track)/16 バードランドの子守唄 - Lullaby Of Birdland (feat. Aoi Teshima).lrc,not_present
2026-08-29T06:35:00.745329+00:00,audio,Veil Of Maya/Matriarch/05 Mikasa.m4a,deleted
2026-08-29T06:35:00.745329+00:00,sidecar,Veil Of Maya/Matriarch/05 Mikasa.lrc,deleted
2026-08-29T06:35:00.745329+00:00,audio,VirginBabylonRecords/Unknown Album/746 matryoshka - Monotonous Purgatory (MUSIC VIDEO).m4a,deleted
2026-08-29T06:35:00.745329+00:00,sidecar,VirginBabylonRecords/Unknown Album/746 matryoshka - Monotonous Purgatory (MUSIC VIDEO).lrc,deleted
2026-08-29T06:35:00.745329+00:00,audio,VivaLaPanda/Unknown Album/747 moriyuni - 祝いのうた.m4a,deleted
2026-08-29T06:35:00.745329+00:00,sidecar,VivaLaPanda/Unknown Album/747 moriyuni - 祝いのうた.lrc,not_present
2026-08-29T06:35:00.745329+00:00,audio,Voiced Out/Unknown Album/1380 Paniyolo - Color.m4a,deleted
2026-08-29T06:35:00.745329+00:00,sidecar,Voiced Out/Unknown Album/1380 Paniyolo - Color.lrc,not_present
2026-08-29T06:35:00.745329+00:00,audio,WAKUSEI ABNORMAL official/Unknown Album/749 惑星アブノーマル 「怠惰」セルフカバー！.m4a,deleted
2026-08-29T06:35:00.745329+00:00,sidecar,WAKUSEI ABNORMAL official/Unknown Album/749 惑星アブノーマル 「怠惰」セルフカバー！.lrc,not_present
2026-08-29T06:35:00.745329+00:00,audio,WAKUSEI ABNORMAL official/Unknown Album/750 惑星アブノーマル「ひとりになれない 」 セルフカバー.m4a,deleted
2026-08-29T06:35:00.745329+00:00,sidecar,WAKUSEI ABNORMAL official/Unknown Album/750 惑星アブノーマル「ひとりになれない 」 セルフカバー.lrc,not_present
2026-08-29T06:35:00.745329+00:00,audio,WEDNESDAY CAMPANELLA/Unknown Album/751 メロス - Melos.m4a,deleted
2026-08-29T06:35:00.745329+00:00,sidecar,WEDNESDAY CAMPANELLA/Unknown Album/751 メロス - Melos.lrc,deleted
2026-08-29T06:35:00.745329+00:00,audio,WHITE ASH/Crowds/752 Crowds.m4a,deleted
2026-08-29T06:35:00.745329+00:00,sidecar,WHITE ASH/Crowds/752 Crowds.lrc,deleted
2026-08-29T06:35:00.745329+00:00,audio,WHUS Radio/Unknown Album/753 Covet __ Live Studio Session.m4a,deleted
2026-08-29T06:35:00.745329+00:00,sidecar,WHUS Radio/Unknown Album/753 Covet __ Live Studio Session.lrc,not_present
2026-08-29T06:35:00.745329+00:00,audio,Wagakki Band/Unknown Album/1379 和楽器バンド _ 千本桜.m4a,deleted
2026-08-29T06:35:00.745329+00:00,sidecar,Wagakki Band/Unknown Album/1379 和楽器バンド _ 千本桜.lrc,not_present
2026-08-29T06:35:00.745329+00:00,audio,Waifu Wednesdays/Unknown Album/754 PSYQUI - ヒステリックナイトガール feat. Such (android52 Edit).m4a,deleted
2026-08-29T06:35:00.745329+00:00,sidecar,Waifu Wednesdays/Unknown Album/754 PSYQUI - ヒステリックナイトガール feat. Such (android52 Edit).lrc,not_present
2026-08-29T06:35:00.745329+00:00,audio,Wakusei Abnormal/Unknown Album/755 愛してやまない.m4a,deleted
2026-08-29T06:35:00.745329+00:00,sidecar,Wakusei Abnormal/Unknown Album/755 愛してやまない.lrc,deleted
2026-08-29T06:35:00.745329+00:00,audio,Wallows/Unknown Album/756 Are You Bored Yet_ (feat. Clairo).m4a,deleted
2026-08-29T06:35:00.745329+00:00,sidecar,Wallows/Unknown Album/756 Are You Bored Yet_ (feat. Clairo).lrc,deleted
2026-08-29T06:35:00.745329+00:00,audio,Wardrip06/Unknown Album/757 John Cafferty - Hearts On Fire (Rocky IV).m4a,deleted
2026-08-29T06:35:00.745329+00:00,sidecar,Wardrip06/Unknown Album/757 John Cafferty - Hearts On Fire (Rocky IV).lrc,not_present
2026-08-29T06:35:00.745329+00:00,audio,Wax Bodega/Unknown Album/758 Holy Fawn - _Death Is A Relief_.m4a,deleted
2026-08-29T06:35:00.745329+00:00,sidecar,Wax Bodega/Unknown Album/758 Holy Fawn - _Death Is A Relief_.lrc,deleted
2026-08-29T06:35:00.745329+00:00,audio,We are the Music Makers/Unknown Album/759 Kazumasa Hashimoto - Londo.m4a,deleted
2026-08-29T06:35:00.745329+00:00,sidecar,We are the Music Makers/Unknown Album/759 Kazumasa Hashimoto - Londo.lrc,not_present
2026-08-29T06:35:00.745329+00:00,audio,"Weezer/Undone - The Sweater Song (Third Practice - February 17, 1992)/01 Undone - The Sweater Song (Third Practice - February 17, 1992).m4a",deleted
2026-08-29T06:35:00.745329+00:00,sidecar,"Weezer/Undone - The Sweater Song (Third Practice - February 17, 1992)/01 Undone - The Sweater Song (Third Practice - February 17, 1992).lrc",deleted
2026-08-29T06:35:00.745329+00:00,audio,WinnipegHomicide/Unknown Album/764 Kyojaku. - Kokou no Gadan.m4a,deleted
2026-08-29T06:35:00.745329+00:00,sidecar,WinnipegHomicide/Unknown Album/764 Kyojaku. - Kokou no Gadan.lrc,not_present
2026-08-29T06:35:00.745329+00:00,audio,Wisteria Official/Unknown Album/765 Wisteria_ピース.m4a,deleted
2026-08-29T06:35:00.745329+00:00,sidecar,Wisteria Official/Unknown Album/765 Wisteria_ピース.lrc,not_present
2026-08-29T06:35:00.745329+00:00,audio,Worldwide FM/Unknown Album/766 Joe Armon-Jones and Femi Koleoso for Brownswood Basement x The Lot Radio.m4a,deleted
2026-08-29T06:35:00.745329+00:00,sidecar,Worldwide FM/Unknown Album/766 Joe Armon-Jones and Femi Koleoso for Brownswood Basement x The Lot Radio.lrc,not_present
2026-08-29T06:35:00.745329+00:00,audio,Xxtarlit⚸/A Thousand Things I Could Tell You/767 Fleeting Frozen Heart.m4a,deleted
2026-08-29T06:35:00.745329+00:00,sidecar,Xxtarlit⚸/A Thousand Things I Could Tell You/767 Fleeting Frozen Heart.lrc,not_present
2026-08-29T06:35:00.745329+00:00,audio,Y.Y.L/Unknown Album/768 Chiisana Koi no Uta - Mongol 800 + Lyrics.m4a,deleted
2026-08-29T06:35:00.745329+00:00,sidecar,Y.Y.L/Unknown Album/768 Chiisana Koi no Uta - Mongol 800 + Lyrics.lrc,not_present
2026-08-29T06:35:00.745329+00:00,audio,"YURiCa_Hanatan, KIKUO/Unknown Album/770 ヒトガワリ.m4a",deleted
2026-08-29T06:35:00.745329+00:00,sidecar,"YURiCa_Hanatan, KIKUO/Unknown Album/770 ヒトガワリ.lrc",deleted
2026-08-29T06:35:00.745329+00:00,audio,Yamamoto Hikaru/Unknown Album/772 勘冴えて悔しいわ _ ずっと真夜中でいいのに。【Bass cover】.m4a,deleted
2026-08-29T06:35:00.745329+00:00,sidecar,Yamamoto Hikaru/Unknown Album/772 勘冴えて悔しいわ _ ずっと真夜中でいいのに。【Bass cover】.lrc,not_present
2026-08-29T06:35:00.745329+00:00,audio,Yashin/Put Your Hands Where I Can See Them/773 Yashin - Stand Up (Official Video).m4a,deleted
2026-08-29T06:35:00.745329+00:00,sidecar,Yashin/Put Your Hands Where I Can See Them/773 Yashin - Stand Up (Official Video).lrc,deleted
2026-08-29T06:35:00.745329+00:00,audio,Yogee New Waves/Climax Night e.p./774 Climax Night.m4a,deleted
2026-08-29T06:35:00.745329+00:00,sidecar,Yogee New Waves/Climax Night e.p./774 Climax Night.lrc,deleted
2026-08-29T06:35:00.745329+00:00,audio,Yuji Ohno & Lupintic Five/LET'S DANCE/09 THEME FROM LUPIN Ⅲ feat. Yoshie Nakano (from EGO-WRAPPIN') (feat. Yoshie Nakano).m4a,deleted
2026-08-29T06:35:00.745329+00:00,sidecar,Yuji Ohno & Lupintic Five/LET'S DANCE/09 THEME FROM LUPIN Ⅲ feat. Yoshie Nakano (from EGO-WRAPPIN') (feat. Yoshie Nakano).lrc,not_present
2026-08-29T06:35:00.745329+00:00,audio,YukiNagato3/Unknown Album/779 Spangle call Lilli line- Out of Sight.m4a,deleted
2026-08-29T06:35:00.745329+00:00,sidecar,YukiNagato3/Unknown Album/779 Spangle call Lilli line- Out of Sight.lrc,not_present
2026-08-29T06:35:00.745329+00:00,audio,Yuu Miyashita/Unknown Album/781 キルマー 歌ってみた／宮下遊.m4a,deleted
2026-08-29T06:35:00.745329+00:00,sidecar,Yuu Miyashita/Unknown Album/781 キルマー 歌ってみた／宮下遊.lrc,not_present
2026-08-29T06:35:00.745329+00:00,audio,Zix/Unknown Album/784 50 Cent - If I Can't.m4a,deleted
2026-08-29T06:35:00.745329+00:00,sidecar,Zix/Unknown Album/784 50 Cent - If I Can't.lrc,deleted
2026-08-29T06:35:00.745329+00:00,audio,allenwalker1123/Unknown Album/790 あさきasaki 愛のかたち 幸せのかたち.m4a,deleted
2026-08-29T06:35:00.745329+00:00,sidecar,allenwalker1123/Unknown Album/790 あさきasaki 愛のかたち 幸せのかたち.lrc,not_present
2026-08-29T06:35:00.745329+00:00,audio,beautysupplyinc/Unknown Album/792 「tricot」potage from hell.m4a,deleted
2026-08-29T06:35:00.745329+00:00,sidecar,beautysupplyinc/Unknown Album/792 「tricot」potage from hell.lrc,not_present
2026-08-29T06:35:00.745329+00:00,audio,betcover!!/Yuki/03 ゴーゴースチーム - Go Go Steam.m4a,deleted
2026-08-29T06:35:00.745329+00:00,sidecar,betcover!!/Yuki/03 ゴーゴースチーム - Go Go Steam.lrc,deleted
2026-08-29T06:35:00.745329+00:00,audio,betcover!!/uma/01 バーチャルセックス - Virtual Sex.m4a,deleted
2026-08-29T06:35:00.745329+00:00,sidecar,betcover!!/uma/01 バーチャルセックス - Virtual Sex.lrc,deleted
2026-08-29T06:35:00.745329+00:00,audio,black midi/Slow (Loud)/01 Slow (Loud).m4a,deleted
2026-08-29T06:35:00.745329+00:00,sidecar,black midi/Slow (Loud)/01 Slow (Loud).lrc,deleted
2026-08-29T06:35:00.745329+00:00,audio,bohemianvoodoo/Color & Monochrome 2/795 Golden Forest.m4a,deleted
2026-08-29T06:35:00.745329+00:00,sidecar,bohemianvoodoo/Color & Monochrome 2/795 Golden Forest.lrc,not_present
2026-08-29T06:35:00.745329+00:00,audio,bohemianvoodoo/Echoes/796 Adria Blue.m4a,deleted
2026-08-29T06:35:00.745329+00:00,sidecar,bohemianvoodoo/Echoes/796 Adria Blue.lrc,not_present
2026-08-29T06:35:00.745329+00:00,audio,bud music/Unknown Album/797 jizue｢sun｣.m4a,deleted
2026-08-29T06:35:00.745329+00:00,sidecar,bud music/Unknown Album/797 jizue｢sun｣.lrc,not_present
2026-08-29T06:35:00.745329+00:00,audio,bungeitengoku/fragrance of a daydream/04 宿命論とチューリップ - fatalism and tulips.m4a,deleted
2026-08-29T06:35:00.745329+00:00,sidecar,bungeitengoku/fragrance of a daydream/04 宿命論とチューリップ - fatalism and tulips.lrc,not_present
2026-08-29T06:35:00.745329+00:00,audio,by the end of summer/Sunlight/799 He Forgot How To Run (2015 remake) - by the end of summer.m4a,deleted
2026-08-29T06:35:00.745329+00:00,sidecar,by the end of summer/Sunlight/799 He Forgot How To Run (2015 remake) - by the end of summer.lrc,not_present
2026-08-29T06:35:00.745329+00:00,audio,carnut89sb/Unknown Album/800 カッコー (Cuckoo) - autobahn kidnapping.m4a,deleted
2026-08-29T06:35:00.745329+00:00,sidecar,carnut89sb/Unknown Album/800 カッコー (Cuckoo) - autobahn kidnapping.lrc,not_present
2026-08-29T06:35:00.745329+00:00,audio,cephalo/Fluorite code/03 ていくいっといーじー - take it easy.m4a,deleted
2026-08-29T06:35:00.745329+00:00,sidecar,cephalo/Fluorite code/03 ていくいっといーじー - take it easy.lrc,not_present
2026-08-29T06:35:00.745329+00:00,audio,cephalo/Fluorite code/805 ルート225 - Route225.m4a,deleted
2026-08-29T06:35:00.745329+00:00,sidecar,cephalo/Fluorite code/805 ルート225 - Route225.lrc,not_present
2026-08-29T06:35:00.745329+00:00,audio,chatmonchy/Girl's Will Not Have Tomorrow/02 バスロマンス - Bus Romance.m4a,deleted
2026-08-29T06:35:00.745329+00:00,sidecar,chatmonchy/Girl's Will Not Have Tomorrow/02 バスロマンス - Bus Romance.lrc,deleted
2026-08-29T06:35:00.745329+00:00,audio,chelmico/maze/810 milk.m4a,deleted
2026-08-29T06:35:00.745329+00:00,sidecar,chelmico/maze/810 milk.lrc,deleted
2026-08-29T06:35:00.745329+00:00,audio,chibi0115/Unknown Album/811 Long Song _ クラムボン.m4a,deleted
2026-08-29T06:35:00.745329+00:00,sidecar,chibi0115/Unknown Album/811 Long Song _ クラムボン.lrc,not_present
2026-08-29T06:35:00.745329+00:00,audio,chopxticksmusic/Unknown Album/812 小紅帽 silhungmo - 《夏意識》.m4a,deleted
2026-08-29T06:35:00.745329+00:00,sidecar,chopxticksmusic/Unknown Album/812 小紅帽 silhungmo - 《夏意識》.lrc,not_present
2026-08-29T06:35:00.745329+00:00,audio,chouchou merged syrups/since/01 ヒエログリフと遊ぶ - hierogurifu to asobu.m4a,deleted
2026-08-29T06:35:00.745329+00:00,sidecar,chouchou merged syrups/since/01 ヒエログリフと遊ぶ - hierogurifu to asobu.lrc,deleted
2026-08-29T06:35:00.745329+00:00,audio,cinema staff/BEST OF THE SUPER CINEMA 2008-2011_2012-2019/818 cinema staff「斜陽」MV.m4a,deleted
2026-08-29T06:35:00.745329+00:00,sidecar,cinema staff/BEST OF THE SUPER CINEMA 2008-2011_2012-2019/818 cinema staff「斜陽」MV.lrc,not_present
2026-08-29T06:35:00.745329+00:00,audio,cinema staff/Unknown Album/817 cinema staff 「great escape」MV（TVアニメ「進撃の巨人」後期EDテーマ）.m4a,deleted
2026-08-29T06:35:00.745329+00:00,sidecar,cinema staff/Unknown Album/817 cinema staff 「great escape」MV（TVアニメ「進撃の巨人」後期EDテーマ）.lrc,deleted
2026-08-29T06:35:00.745329+00:00,audio,cinema staff/Unknown Album/822 岐路 - Kiro.m4a,deleted
2026-08-29T06:35:00.745329+00:00,sidecar,cinema staff/Unknown Album/822 岐路 - Kiro.lrc,not_present
2026-08-29T06:35:00.745329+00:00,audio,cinemastaffchannel/Unknown Album/823 cinema staff「西南西の虹」SPECIAL LIVE.m4a,deleted
2026-08-29T06:35:00.745329+00:00,sidecar,cinemastaffchannel/Unknown Album/823 cinema staff「西南西の虹」SPECIAL LIVE.lrc,not_present
2026-08-29T06:35:00.745329+00:00,audio,citrus fossil/Unknown Album/824 なんてね _ citrus ft.雪歌ユフ.m4a,deleted
2026-08-29T06:35:00.745329+00:00,sidecar,citrus fossil/Unknown Album/824 なんてね _ citrus ft.雪歌ユフ.lrc,not_present
2026-08-29T06:35:00.745329+00:00,audio,citrus fossil/Unknown Album/825 あなたはヒーロー _ citrus ft.罪告ナエ.m4a,deleted
2026-08-29T06:35:00.745329+00:00,sidecar,citrus fossil/Unknown Album/825 あなたはヒーロー _ citrus ft.罪告ナエ.lrc,not_present
2026-08-29T06:35:00.745329+00:00,audio,clammbon/2010/12 あかり from HERE (clammbon side).m4a,deleted
2026-08-29T06:35:00.745329+00:00,sidecar,clammbon/2010/12 あかり from HERE (clammbon side).lrc,not_present
2026-08-29T06:35:00.745329+00:00,audio,clammbon/Unknown Album/121 THE NEW SONG _ clammbon(クラムボン).m4a,deleted
2026-08-29T06:35:00.745329+00:00,sidecar,clammbon/Unknown Album/121 THE NEW SONG _ clammbon(クラムボン).lrc,not_present
2026-08-29T06:35:00.745329+00:00,audio,cokiyu/Your Thorn/827 cokiyu - Your Thorn.m4a,deleted
2026-08-29T06:35:00.745329+00:00,sidecar,cokiyu/Your Thorn/827 cokiyu - Your Thorn.lrc,not_present
2026-08-29T06:35:00.745329+00:00,audio,commmons/Unknown Album/828 相対性理論＋渋谷慶一郎 _スカイライダーズ_ Music Video.m4a,deleted
2026-08-29T06:35:00.745329+00:00,sidecar,commmons/Unknown Album/828 相対性理論＋渋谷慶一郎 _スカイライダーズ_ Music Video.lrc,not_present
2026-08-29T06:35:00.745329+00:00,audio,consome1971/Unknown Album/829 風に預けて - advantage Lucy.m4a,deleted
2026-08-29T06:35:00.745329+00:00,sidecar,consome1971/Unknown Album/829 風に預けて - advantage Lucy.lrc,not_present
2026-08-29T06:35:00.745329+00:00,audio,cosmicnote/Unknown Album/830 heliotrope __ 山椒魚とアメちゃん.m4a,deleted
2026-08-29T06:35:00.745329+00:00,sidecar,cosmicnote/Unknown Album/830 heliotrope __ 山椒魚とアメちゃん.lrc,not_present
2026-08-29T06:35:00.745329+00:00,audio,cosmicnote/Unknown Album/831 heliotrope __ clean slate.m4a,deleted
2026-08-29T06:35:00.745329+00:00,sidecar,cosmicnote/Unknown Album/831 heliotrope __ clean slate.lrc,not_present
2026-08-29T06:35:00.745329+00:00,audio,cotoba/sin swims/834 contigo.m4a,deleted
2026-08-29T06:35:00.745329+00:00,sidecar,cotoba/sin swims/834 contigo.lrc,not_present
2026-08-29T06:35:00.745329+00:00,audio,d!ps/Unknown Album/835 Kessoku Band - あのバンド (Ano Bando) Bocchi the rock street performance version bass & guitar cover.m4a,deleted
2026-08-29T06:35:00.745329+00:00,sidecar,d!ps/Unknown Album/835 Kessoku Band - あのバンド (Ano Bando) Bocchi the rock street performance version bass & guitar cover.lrc,not_present
2026-08-29T06:35:00.745329+00:00,audio,danielions music/Unknown Album/836 Jiye Kim - In Your Love.m4a,deleted
2026-08-29T06:35:00.745329+00:00,sidecar,danielions music/Unknown Album/836 Jiye Kim - In Your Love.lrc,not_present
2026-08-29T06:35:00.745329+00:00,audio,darthhelmet2193/Unknown Album/837 Asaki - Sanagi.m4a,deleted
2026-08-29T06:35:00.745329+00:00,sidecar,darthhelmet2193/Unknown Album/837 Asaki - Sanagi.lrc,not_present
2026-08-29T06:35:00.745329+00:00,audio,deca Joins/Go Slow/02 海浪.m4a,deleted
2026-08-29T06:35:00.745329+00:00,sidecar,deca Joins/Go Slow/02 海浪.lrc,deleted
2026-08-29T06:35:00.745329+00:00,audio,deer vs headlights/Unknown Album/838 the mountain goats - no children.m4a,deleted
2026-08-29T06:35:00.745329+00:00,sidecar,deer vs headlights/Unknown Album/838 the mountain goats - no children.lrc,deleted
2026-08-29T06:35:00.745329+00:00,audio,earsplugged/Unknown Album/839 Lolita Kills Me (LIVE).m4a,deleted
2026-08-29T06:35:00.745329+00:00,sidecar,earsplugged/Unknown Album/839 Lolita Kills Me (LIVE).lrc,not_present
2026-08-29T06:35:00.745329+00:00,audio,erichawk14/Unknown Album/841 At The Drive In - One Armed Scissor.m4a,deleted
2026-08-29T06:35:00.745329+00:00,sidecar,erichawk14/Unknown Album/841 At The Drive In - One Armed Scissor.lrc,not_present
2026-08-29T06:35:00.745329+00:00,audio,exist trace/True/844 True.m4a,deleted
2026-08-29T06:35:00.745329+00:00,sidecar,exist trace/True/844 True.lrc,deleted
2026-08-29T06:35:00.745329+00:00,audio,exist trace/Unknown Album/845 [フル] exist†trace 「TRUE」 2011.6.15 Release！！.m4a,deleted
2026-08-29T06:35:00.745329+00:00,sidecar,exist trace/Unknown Album/845 [フル] exist†trace 「TRUE」 2011.6.15 Release！！.lrc,deleted
2026-08-29T06:35:00.745329+00:00,audio,fleufleu Official Channel/Unknown Album/846 SCANDAL - プラットホームシンドローム _ Platform Syndrome - Cover by fleufleu ♡ Stay Home Edition.m4a,deleted
2026-08-29T06:35:00.745329+00:00,sidecar,fleufleu Official Channel/Unknown Album/846 SCANDAL - プラットホームシンドローム _ Platform Syndrome - Cover by fleufleu ♡ Stay Home Edition.lrc,not_present
2026-08-29T06:35:00.745329+00:00,audio,fleufleu Official Channel/Unknown Album/847 薔薇 - fleufleu.m4a,deleted
2026-08-29T06:35:00.745329+00:00,sidecar,fleufleu Official Channel/Unknown Album/847 薔薇 - fleufleu.lrc,not_present
2026-08-29T06:35:00.745329+00:00,audio,fox capture plan/WALL/1378 疾走する閃光.m4a,deleted
2026-08-29T06:35:00.745329+00:00,sidecar,fox capture plan/WALL/1378 疾走する閃光.lrc,not_present
2026-08-29T06:35:00.745329+00:00,audio,fox capture plan/Wall/02 疾走する閃光.m4a,deleted
2026-08-29T06:35:00.745329+00:00,sidecar,fox capture plan/Wall/02 疾走する閃光.lrc,not_present
2026-08-29T06:35:00.745329+00:00,audio,fulusu/賛美に疼く痣/852 乞う身体 - The Begging Body.m4a,deleted
2026-08-29T06:35:00.745329+00:00,sidecar,fulusu/賛美に疼く痣/852 乞う身体 - The Begging Body.lrc,not_present
2026-08-29T06:35:00.745329+00:00,audio,funglokdrums/Unknown Album/853 小紅帽silhungmo 聽着呼吸擴張狀態(full ep).m4a,deleted
2026-08-29T06:35:00.745329+00:00,sidecar,funglokdrums/Unknown Album/853 小紅帽silhungmo 聽着呼吸擴張狀態(full ep).lrc,not_present
2026-08-29T06:35:00.745329+00:00,audio,furthershore/Unknown Album/854 This Time We Will Not Promise And Forgive - 歓喜の唄.m4a,deleted
2026-08-29T06:35:00.745329+00:00,sidecar,furthershore/Unknown Album/854 This Time We Will Not Promise And Forgive - 歓喜の唄.lrc,not_present
2026-08-29T06:35:00.745329+00:00,audio,futuresworld/Unknown Album/855 八十八ヶ所巡礼 (88kasyo junrei) - 赤い衝動-R.I.P-.m4a,deleted
2026-08-29T06:35:00.745329+00:00,sidecar,futuresworld/Unknown Album/855 八十八ヶ所巡礼 (88kasyo junrei) - 赤い衝動-R.I.P-.lrc,not_present
2026-08-29T06:35:00.745329+00:00,audio,fuwari studio（空気公団／山崎ゆかり／ユカリサ）/Unknown Album/856 ユカリサ「いらない」Official Music Video.m4a,deleted
2026-08-29T06:35:00.745329+00:00,sidecar,fuwari studio（空気公団／山崎ゆかり／ユカリサ）/Unknown Album/856 ユカリサ「いらない」Official Music Video.lrc,not_present
2026-08-29T06:35:00.745329+00:00,audio,fuzzy Ringo Ya/Unknown Album/857 fuzzy apple store _ 花とアリス [Music Video].m4a,deleted
2026-08-29T06:35:00.745329+00:00,sidecar,fuzzy Ringo Ya/Unknown Album/857 fuzzy apple store _ 花とアリス [Music Video].lrc,not_present
2026-08-29T06:35:00.745329+00:00,audio,gakutaura/Unknown Album/858 SOUL JAPAN(田浦楽) _ '落ちこぼれからの脱却' Official Music Video.m4a,deleted
2026-08-29T06:35:00.745329+00:00,sidecar,gakutaura/Unknown Album/858 SOUL JAPAN(田浦楽) _ '落ちこぼれからの脱却' Official Music Video.lrc,not_present
2026-08-29T06:35:00.745329+00:00,audio,gesunokiwami otome/Unknown Album/859 ロマンスがありあまる (2022 Remaster).m4a,deleted
2026-08-29T06:35:00.745329+00:00,sidecar,gesunokiwami otome/Unknown Album/859 ロマンスがありあまる (2022 Remaster).lrc,not_present
2026-08-29T06:35:00.745329+00:00,audio,gesunokiwami otome/Unknown Album/860 私以外私じゃないの (2022 Remaster).m4a,deleted
2026-08-29T06:35:00.745329+00:00,sidecar,gesunokiwami otome/Unknown Album/860 私以外私じゃないの (2022 Remaster).lrc,not_present
2026-08-29T06:35:00.745329+00:00,audio,gesunokiwami otome/Unknown Album/862 もう切ないとは言わせない.m4a,deleted
2026-08-29T06:35:00.745329+00:00,sidecar,gesunokiwami otome/Unknown Album/862 もう切ないとは言わせない.lrc,deleted
2026-08-29T06:35:00.745329+00:00,audio,gesunokiwami otome/Unknown Album/863 デジタルモグラ (2022 Remaster).m4a,deleted
2026-08-29T06:35:00.745329+00:00,sidecar,gesunokiwami otome/Unknown Album/863 デジタルモグラ (2022 Remaster).lrc,not_present
2026-08-29T06:35:00.745329+00:00,audio,gesunokiwamiotome/Unknown Album/864 ゲスの極み - Gesu no Kiwami.m4a,deleted
2026-08-29T06:35:00.745329+00:00,sidecar,gesunokiwamiotome/Unknown Album/864 ゲスの極み - Gesu no Kiwami.lrc,deleted
2026-08-29T06:35:00.745329+00:00,audio,gesunokiwamiotome/Unknown Album/866 オトナチック (2022 Remaster) - Otonachic (2022 Remaster).m4a,deleted
2026-08-29T06:35:00.745329+00:00,sidecar,gesunokiwamiotome/Unknown Album/866 オトナチック (2022 Remaster) - Otonachic (2022 Remaster).lrc,deleted
2026-08-29T06:35:00.745329+00:00,audio,glass beach/the first glass beach album/02 bedroom community.m4a,deleted
2026-08-29T06:35:00.745329+00:00,sidecar,glass beach/the first glass beach album/02 bedroom community.lrc,deleted
2026-08-29T06:35:00.745329+00:00,audio,hachiklau/Unknown Album/867 Sheena Ringo & Hiroji Miyamoto - Kemono yuku hosomichi [Lyrics and English].m4a,deleted
2026-08-29T06:35:00.745329+00:00,sidecar,hachiklau/Unknown Album/867 Sheena Ringo & Hiroji Miyamoto - Kemono yuku hosomichi [Lyrics and English].lrc,not_present
2026-08-29T06:35:00.745329+00:00,audio,harenuki/Unknown Album/874 これ、ゲーム？~『harenuki』.m4a,deleted
2026-08-29T06:35:00.745329+00:00,sidecar,harenuki/Unknown Album/874 これ、ゲーム？~『harenuki』.lrc,not_present
2026-08-29T06:35:00.745329+00:00,audio,harenuki/Unknown Album/875 冬には忘れて ~『harenuki』.m4a,deleted
2026-08-29T06:35:00.745329+00:00,sidecar,harenuki/Unknown Album/875 冬には忘れて ~『harenuki』.lrc,not_present
2026-08-29T06:35:00.745329+00:00,audio,harenuki/Unknown Album/876 逃げられぬ脱獄 ~『harenuki』.m4a,deleted
2026-08-29T06:35:00.745329+00:00,sidecar,harenuki/Unknown Album/876 逃げられぬ脱獄 ~『harenuki』.lrc,not_present
2026-08-29T06:35:00.745329+00:00,audio,harenuki/注目は麻薬だ/01 注目は麻薬だ.m4a,deleted
2026-08-29T06:35:00.745329+00:00,sidecar,harenuki/注目は麻薬だ/01 注目は麻薬だ.lrc,not_present
2026-08-29T06:35:00.745329+00:00,audio,harenuki/逃げられぬ脱獄/01 逃げられぬ脱獄.m4a,deleted
2026-08-29T06:35:00.745329+00:00,sidecar,harenuki/逃げられぬ脱獄/01 逃げられぬ脱獄.lrc,not_present
2026-08-29T06:35:00.745329+00:00,audio,harenuki/飛び続ける/01 飛び続ける.m4a,deleted
2026-08-29T06:35:00.745329+00:00,sidecar,harenuki/飛び続ける/01 飛び続ける.lrc,not_present
2026-08-29T06:35:00.745329+00:00,audio,haruka nakamura/カナタ/887 カナタ - Kanata.m4a,deleted
2026-08-29T06:35:00.745329+00:00,sidecar,haruka nakamura/カナタ/887 カナタ - Kanata.lrc,deleted
2026-08-29T06:35:00.745329+00:00,audio,hidden.tracks/Unknown Album/888 Shiny Times - Always Fades.m4a,deleted
2026-08-29T06:35:00.745329+00:00,sidecar,hidden.tracks/Unknown Album/888 Shiny Times - Always Fades.lrc,not_present
2026-08-29T06:35:00.745329+00:00,audio,hiplandmusic/Unknown Album/889 LITE _ Bond.m4a,deleted
2026-08-29T06:35:00.745329+00:00,sidecar,hiplandmusic/Unknown Album/889 LITE _ Bond.lrc,not_present
2026-08-29T06:35:00.745329+00:00,audio,hiplandmusic/Unknown Album/890 LITE _ D (feat.TABU ZOMBIE).m4a,deleted
2026-08-29T06:35:00.745329+00:00,sidecar,hiplandmusic/Unknown Album/890 LITE _ D (feat.TABU ZOMBIE).lrc,not_present
2026-08-29T06:35:00.745329+00:00,audio,hitorie/DEEPER/891 ワンミーツハー - One Me Two Hearts.m4a,deleted
2026-08-29T06:35:00.745329+00:00,sidecar,hitorie/DEEPER/891 ワンミーツハー - One Me Two Hearts.lrc,deleted
2026-08-29T06:35:00.745329+00:00,audio,humoycaramelos/Unknown Album/892 Totorro - Home Alone [Full Album].m4a,deleted
2026-08-29T06:35:00.745329+00:00,sidecar,humoycaramelos/Unknown Album/892 Totorro - Home Alone [Full Album].lrc,not_present
2026-08-29T06:35:00.745329+00:00,audio,i'm cyborg but that's ok/Unknown Album/893 Cigarettes After Sex - Nothing's Gonna Hurt You Baby.m4a,deleted
2026-08-29T06:35:00.745329+00:00,sidecar,i'm cyborg but that's ok/Unknown Album/893 Cigarettes After Sex - Nothing's Gonna Hurt You Baby.lrc,not_present
2026-08-29T06:35:00.745329+00:00,audio,ichikoro/A Legend/01 Enemy.m4a,deleted
2026-08-29T06:35:00.745329+00:00,sidecar,ichikoro/A Legend/01 Enemy.lrc,not_present
2026-08-29T06:35:00.745329+00:00,audio,ichikoro/SAMURAI/01 SAMURAI.m4a,deleted
2026-08-29T06:35:00.745329+00:00,sidecar,ichikoro/SAMURAI/01 SAMURAI.lrc,not_present
2026-08-29T06:35:00.745329+00:00,audio,icyball 冰球樂團/Unknown Album/895 搖啊搖 (feat. Limi).m4a,deleted
2026-08-29T06:35:00.745329+00:00,sidecar,icyball 冰球樂團/Unknown Album/895 搖啊搖 (feat. Limi).lrc,not_present
2026-08-29T06:35:00.745329+00:00,audio,im_sorry_i_forgot_my_username/Unknown Album/896 me-al art - 体温 (Taion).m4a,deleted
2026-08-29T06:35:00.745329+00:00,sidecar,im_sorry_i_forgot_my_username/Unknown Album/896 me-al art - 体温 (Taion).lrc,not_present
2026-08-29T06:35:00.745329+00:00,audio,"ippo.tsk/Unknown Album/899 though I fear, I still walk (feat. Eleanor Forte).m4a",deleted
2026-08-29T06:35:00.745329+00:00,sidecar,"ippo.tsk/Unknown Album/899 though I fear, I still walk (feat. Eleanor Forte).lrc",deleted
2026-08-29T06:35:00.745329+00:00,audio,ippo.tsk/Unknown Album/900 oyasumination (feat. Eleanor Forte).m4a,deleted
2026-08-29T06:35:00.745329+00:00,sidecar,ippo.tsk/Unknown Album/900 oyasumination (feat. Eleanor Forte).lrc,deleted
2026-08-29T06:35:00.745329+00:00,audio,"ishikinonaikranke/Living the ordinary days, even after death/02 赤い雨が降るのは - Red rain is falling.m4a",deleted
2026-08-29T06:35:00.745329+00:00,sidecar,"ishikinonaikranke/Living the ordinary days, even after death/02 赤い雨が降るのは - Red rain is falling.lrc",not_present
2026-08-29T06:35:00.745329+00:00,audio,jugoesma/Unknown Album/908 The cabs - 第八病棟.m4a,deleted
2026-08-29T06:35:00.745329+00:00,sidecar,jugoesma/Unknown Album/908 The cabs - 第八病棟.lrc,deleted
2026-08-29T06:35:00.745329+00:00,audio,"kessoku band/Shine as usual _ Now, I'm going from underground/913 月並みに輝け - Shine as usual.m4a",deleted
2026-08-29T06:35:00.745329+00:00,sidecar,"kessoku band/Shine as usual _ Now, I'm going from underground/913 月並みに輝け - Shine as usual.lrc",deleted
2026-08-29T06:35:00.745329+00:00,audio,kilk/Unknown Album/914 虚弱。(kyojaku.) - 哲学者の論破 (tetsugakusya no ronpa) (official music video).m4a,deleted
2026-08-29T06:35:00.745329+00:00,sidecar,kilk/Unknown Album/914 虚弱。(kyojaku.) - 哲学者の論破 (tetsugakusya no ronpa) (official music video).lrc,not_present
2026-08-29T06:35:00.745329+00:00,audio,kilk/Unknown Album/915 虚弱。(kyojaku.) - egoist (official music video).m4a,deleted
2026-08-29T06:35:00.745329+00:00,sidecar,kilk/Unknown Album/915 虚弱。(kyojaku.) - egoist (official music video).lrc,not_present
2026-08-29T06:35:00.745329+00:00,audio,kirye (キリエ)/Unknown Album/916 キリエ _ kirye『Odd Time』MV.m4a,deleted
2026-08-29T06:35:00.745329+00:00,sidecar,kirye (キリエ)/Unknown Album/916 キリエ _ kirye『Odd Time』MV.lrc,not_present
2026-08-29T06:35:00.745329+00:00,audio,kirye (キリエ)/Unknown Album/917 kirye『ホロンの唄』MV.m4a,deleted
2026-08-29T06:35:00.745329+00:00,sidecar,kirye (キリエ)/Unknown Album/917 kirye『ホロンの唄』MV.lrc,not_present
2026-08-29T06:35:00.745329+00:00,audio,kirye (キリエ)/Unknown Album/919 kirye 『OZO』MV.m4a,deleted
2026-08-29T06:35:00.745329+00:00,sidecar,kirye (キリエ)/Unknown Album/919 kirye 『OZO』MV.lrc,not_present
2026-08-29T06:35:00.745329+00:00,audio,kirye (キリエ)/Unknown Album/920 キリエ _ kirye 『摩耗』MV.m4a,deleted
2026-08-29T06:35:00.745329+00:00,sidecar,kirye (キリエ)/Unknown Album/920 キリエ _ kirye 『摩耗』MV.lrc,not_present
2026-08-29T06:35:00.745329+00:00,audio,kirye (キリエ)/Unknown Album/921 kirye『HELIX』MV.m4a,deleted
2026-08-29T06:35:00.745329+00:00,sidecar,kirye (キリエ)/Unknown Album/921 kirye『HELIX』MV.lrc,not_present
2026-08-29T06:35:00.745329+00:00,audio,komsume/バク/922 komsume _ バク _ Official Music Video.m4a,deleted
2026-08-29T06:35:00.745329+00:00,sidecar,komsume/バク/922 komsume _ バク _ Official Music Video.lrc,not_present
2026-08-29T06:35:00.745329+00:00,audio,konore/TATA/923 chinese butter.m4a,deleted
2026-08-29T06:35:00.745329+00:00,sidecar,konore/TATA/923 chinese butter.lrc,not_present
2026-08-29T06:35:00.745329+00:00,audio,"kurayamisaka/kurayamisaka tte, doko_ #6 「くらやみざかより愛を込めてツアー」 (kawasaki CLUB CITTA')/924 kurayamisaka - cinema paradiso (live).m4a",deleted
2026-08-29T06:35:00.745329+00:00,sidecar,"kurayamisaka/kurayamisaka tte, doko_ #6 「くらやみざかより愛を込めてツアー」 (kawasaki CLUB CITTA')/924 kurayamisaka - cinema paradiso (live).lrc",not_present
2026-08-29T06:35:00.745329+00:00,audio,kurayamisaka/kurayamisaka yori ai wo komete/12 あなたが生まれた日に.m4a,deleted
2026-08-29T06:35:00.745329+00:00,sidecar,kurayamisaka/kurayamisaka yori ai wo komete/12 あなたが生まれた日に.lrc,deleted
2026-08-29T06:35:00.745329+00:00,audio,kurayamisaka/kurayamisaka yori ai wo komete/927 kurayamisaka yori ai wo komete.m4a,deleted
2026-08-29T06:35:00.745329+00:00,sidecar,kurayamisaka/kurayamisaka yori ai wo komete/927 kurayamisaka yori ai wo komete.lrc,deleted
2026-08-29T06:35:00.745329+00:00,audio,kurayamisaka/kurayamisaka yori ai wo komete/931 metro.m4a,deleted
2026-08-29T06:35:00.745329+00:00,sidecar,kurayamisaka/kurayamisaka yori ai wo komete/931 metro.lrc,deleted
2026-08-29T06:35:00.745329+00:00,audio,kzsmtmr (NO MEMORIES)/Unknown Album/933 bacho 決意の歌.m4a,deleted
2026-08-29T06:35:00.745329+00:00,sidecar,kzsmtmr (NO MEMORIES)/Unknown Album/933 bacho 決意の歌.lrc,not_present
2026-08-29T06:35:00.745329+00:00,audio,lical/filmeld filament/936 群青的終末論 - navy bluish apocalypse.m4a,deleted
2026-08-29T06:35:00.745329+00:00,sidecar,lical/filmeld filament/936 群青的終末論 - navy bluish apocalypse.lrc,not_present
2026-08-29T06:35:00.745329+00:00,audio,littlealittle/Unknown Album/937 世界の終わり _ thee michelle gun elephant.m4a,deleted
2026-08-29T06:35:00.745329+00:00,sidecar,littlealittle/Unknown Album/937 世界の終わり _ thee michelle gun elephant.lrc,not_present
2026-08-29T06:35:00.745329+00:00,audio,mao sasagawa/UBUGOE/01 産声 - UBUGOE.m4a,deleted
2026-08-29T06:35:00.745329+00:00,sidecar,mao sasagawa/UBUGOE/01 産声 - UBUGOE.lrc,not_present
2026-08-29T06:35:00.745329+00:00,audio,"me, monster, and loop/Unknown Album/938 and the stars gaze back_ ᴀ ᴊᴀᴘᴀɴᴇꜱᴇ ɪɴᴅɪᴇ ʀᴏᴄᴋ ᴘʟᴀʏʟɪꜱᴛ ꜰᴏʀ ᴍᴏᴍᴇɴᴛꜱ ᴛʜᴀᴛ ᴀʀᴇ ʟᴀʀɢᴇʀ ᴛʜᴀɴ ʟɪꜰᴇ.m4a",deleted
2026-08-29T06:35:00.745329+00:00,sidecar,"me, monster, and loop/Unknown Album/938 and the stars gaze back_ ᴀ ᴊᴀᴘᴀɴᴇꜱᴇ ɪɴᴅɪᴇ ʀᴏᴄᴋ ᴘʟᴀʏʟɪꜱᴛ ꜰᴏʀ ᴍᴏᴍᴇɴᴛꜱ ᴛʜᴀᴛ ᴀʀᴇ ʟᴀʀɢᴇʀ ᴛʜᴀɴ ʟɪꜰᴇ.lrc",not_present
2026-08-29T06:35:00.745329+00:00,audio,mei ehara/The Fruit not yet ripe (Single Version)/01 まだ早い果物 (Single Version) - The Fruit not yet ripe (Single Version).m4a,deleted
2026-08-29T06:35:00.745329+00:00,sidecar,mei ehara/The Fruit not yet ripe (Single Version)/01 まだ早い果物 (Single Version) - The Fruit not yet ripe (Single Version).lrc,not_present
2026-08-29T06:35:00.745329+00:00,audio,meiyo/Unknown Album/942 なにやってもうまくいかない (feat. asmi).m4a,deleted
2026-08-29T06:35:00.745329+00:00,sidecar,meiyo/Unknown Album/942 なにやってもうまくいかない (feat. asmi).lrc,deleted
2026-08-29T06:35:00.745329+00:00,audio,mekakushe/Retronym of Love/943 恋のレトロニム - Retronym of Love.m4a,deleted
2026-08-29T06:35:00.745329+00:00,sidecar,mekakushe/Retronym of Love/943 恋のレトロニム - Retronym of Love.lrc,deleted
2026-08-29T06:35:00.745329+00:00,audio,mel sapporo/Unknown Album/947 mel - Yours (dayflower ver.).m4a,deleted
2026-08-29T06:35:00.745329+00:00,sidecar,mel sapporo/Unknown Album/947 mel - Yours (dayflower ver.).lrc,not_present
2026-08-29T06:35:00.745329+00:00,audio,mitsume/A Long Day/01 あこがれ - Akogare.m4a,deleted
2026-08-29T06:35:00.745329+00:00,sidecar,mitsume/A Long Day/01 あこがれ - Akogare.lrc,deleted
2026-08-29T06:35:00.745329+00:00,audio,miyamotomusashi1978/Unknown Album/952 Fugazi - Shut the Door.m4a,deleted
2026-08-29T06:35:00.745329+00:00,sidecar,miyamotomusashi1978/Unknown Album/952 Fugazi - Shut the Door.lrc,not_present
2026-08-29T06:35:00.745329+00:00,audio,moonbowmusicmovie/Unknown Album/953 Corridors of Time - Chrono Trigger _ 時の回廊 - クロノトリガー.m4a,deleted
2026-08-29T06:35:00.745329+00:00,sidecar,moonbowmusicmovie/Unknown Album/953 Corridors of Time - Chrono Trigger _ 時の回廊 - クロノトリガー.lrc,not_present
2026-08-29T06:35:00.745329+00:00,audio,muque/Design/955 Charming.m4a,deleted
2026-08-29T06:35:00.745329+00:00,sidecar,muque/Design/955 Charming.lrc,not_present
2026-08-29T06:35:00.745329+00:00,audio,murffin discs/Unknown Album/956 omeme tenten「エターナル」Music Video.m4a,deleted
2026-08-29T06:35:00.745329+00:00,sidecar,murffin discs/Unknown Album/956 omeme tenten「エターナル」Music Video.lrc,not_present
2026-08-29T06:35:00.745329+00:00,audio,nano/N/04 Nevereverland.m4a,deleted
2026-08-29T06:35:00.745329+00:00,sidecar,nano/N/04 Nevereverland.lrc,deleted
2026-08-29T06:35:00.745329+00:00,audio,natsuki aoya/Unknown Album/959 白紙 _ 初音ミク - music_青屋夏生 movie_ｸﾞﾚﾝｽﾞそう.m4a,deleted
2026-08-29T06:35:00.745329+00:00,sidecar,natsuki aoya/Unknown Album/959 白紙 _ 初音ミク - music_青屋夏生 movie_ｸﾞﾚﾝｽﾞそう.lrc,not_present
2026-08-29T06:35:00.745329+00:00,audio,ningenbiyori/Unknown Album/962 ナナ - nana.m4a,deleted
2026-08-29T06:35:00.745329+00:00,sidecar,ningenbiyori/Unknown Album/962 ナナ - nana.lrc,not_present
2026-08-29T06:35:00.745329+00:00,audio,ningenbiyori/ima/964 Spring Night.m4a,deleted
2026-08-29T06:35:00.745329+00:00,sidecar,ningenbiyori/ima/964 Spring Night.lrc,not_present
2026-08-29T06:35:00.745329+00:00,audio,nn fin/Unknown Album/967 百景 (Hyakkei) - Kagefumi.m4a,deleted
2026-08-29T06:35:00.745329+00:00,sidecar,nn fin/Unknown Album/967 百景 (Hyakkei) - Kagefumi.lrc,not_present
2026-08-29T06:35:00.745329+00:00,audio,omeme tenten/Eternal - EP/970 エターナル - Eternal.m4a,deleted
2026-08-29T06:35:00.745329+00:00,sidecar,omeme tenten/Eternal - EP/970 エターナル - Eternal.lrc,not_present
2026-08-29T06:35:00.745329+00:00,audio,orange pekoe/orange pekoe with the Big Band Party Night!!!/01 Happy Valley.m4a,deleted
2026-08-29T06:35:00.745329+00:00,sidecar,orange pekoe/orange pekoe with the Big Band Party Night!!!/01 Happy Valley.lrc,deleted
2026-08-29T06:35:00.745329+00:00,audio,otonogram/Unknown Album/972 【獣ゆく細道】椎名林檎と宮本浩次 (cover) otonogramオトノグラム.m4a,deleted
2026-08-29T06:35:00.745329+00:00,sidecar,otonogram/Unknown Album/972 【獣ゆく細道】椎名林檎と宮本浩次 (cover) otonogramオトノグラム.lrc,not_present
2026-08-29T06:35:00.745329+00:00,audio,out1190/Unknown Album/973 Last Train Home.m4a,deleted
2026-08-29T06:35:00.745329+00:00,sidecar,out1190/Unknown Album/973 Last Train Home.lrc,not_present
2026-08-29T06:35:00.745329+00:00,audio,out1film/Unknown Album/974 惑星のかぞえかた／少年少女.m4a,deleted
2026-08-29T06:35:00.745329+00:00,sidecar,out1film/Unknown Album/974 惑星のかぞえかた／少年少女.lrc,not_present
2026-08-29T06:35:00.745329+00:00,audio,paranoid void/Literary Math/975 スロウハイ.m4a,deleted
2026-08-29T06:35:00.745329+00:00,sidecar,paranoid void/Literary Math/975 スロウハイ.lrc,not_present
2026-08-29T06:35:00.745329+00:00,audio,paranoid void/POP MUSIC/976 美しい孤独.m4a,deleted
2026-08-29T06:35:00.745329+00:00,sidecar,paranoid void/POP MUSIC/976 美しい孤独.lrc,not_present
2026-08-29T06:35:00.745329+00:00,audio,postrock.instrumental/Unknown Album/978 Wang Wen - Lonely God.m4a,deleted
2026-08-29T06:35:00.745329+00:00,sidecar,postrock.instrumental/Unknown Album/978 Wang Wen - Lonely God.lrc,not_present
2026-08-29T06:35:00.745329+00:00,audio,"pre - end/Unknown Album/979 Pretend - Reminder,.m4a",deleted
2026-08-29T06:35:00.745329+00:00,sidecar,"pre - end/Unknown Album/979 Pretend - Reminder,.lrc",not_present
2026-08-29T06:35:00.745329+00:00,audio,r3dn3f/Unknown Album/980 Seikima II-FIRE AFTER FIRE live.m4a,deleted
2026-08-29T06:35:00.745329+00:00,sidecar,r3dn3f/Unknown Album/980 Seikima II-FIRE AFTER FIRE live.lrc,not_present
2026-08-29T06:35:00.745329+00:00,audio,"r4mmsteinnn/Unknown Album/981 Via Luna - If You Can't Vibe With The Peter Criss Jazz, You Must Be Dead.m4a",deleted
2026-08-29T06:35:00.745329+00:00,sidecar,"r4mmsteinnn/Unknown Album/981 Via Luna - If You Can't Vibe With The Peter Criss Jazz, You Must Be Dead.lrc",not_present
2026-08-29T06:35:00.745329+00:00,audio,reGretGirl/Unknown Album/982 reGretGirl 「黒鳥山公園」 Official Music Video - Kurotoriyama-Kouen Official Music Video.m4a,deleted
2026-08-29T06:35:00.745329+00:00,sidecar,reGretGirl/Unknown Album/982 reGretGirl 「黒鳥山公園」 Official Music Video - Kurotoriyama-Kouen Official Music Video.lrc,deleted
2026-08-29T06:35:00.745329+00:00,audio,redtails/Unknown Album/983 SWING HOLIC - 冷たい湖畔のシンフォニア (Beloved tomboyish Daughter).m4a,deleted
2026-08-29T06:35:00.745329+00:00,sidecar,redtails/Unknown Album/983 SWING HOLIC - 冷たい湖畔のシンフォニア (Beloved tomboyish Daughter).lrc,not_present
2026-08-29T06:35:00.745329+00:00,audio,regallily/The Post/03 リッケンバッカー - Rickenbacker.m4a,deleted
2026-08-29T06:35:00.745329+00:00,sidecar,regallily/The Post/03 リッケンバッカー - Rickenbacker.lrc,deleted
2026-08-29T06:35:00.745329+00:00,audio,regenbogenfrieden/Unknown Album/984 Stell dich mitten in den Regen.m4a,deleted
2026-08-29T06:35:00.745329+00:00,sidecar,regenbogenfrieden/Unknown Album/984 Stell dich mitten in den Regen.lrc,deleted
2026-08-29T06:35:00.745329+00:00,audio,rob official/Unknown Album/985 rob 「said」 Music Video.m4a,deleted
2026-08-29T06:35:00.745329+00:00,sidecar,rob official/Unknown Album/985 rob 「said」 Music Video.lrc,not_present
2026-08-29T06:35:00.745329+00:00,audio,rock2cool4you/Unknown Album/986 Jam Project Omoide wa Okkusenman!.m4a,deleted
2026-08-29T06:35:00.745329+00:00,sidecar,rock2cool4you/Unknown Album/986 Jam Project Omoide wa Okkusenman!.lrc,not_present
2026-08-29T06:35:00.745329+00:00,audio,rourourourous/Shiki Soku Ze Ku/03 街はたそがれ - Machi wa Tasogare.m4a,deleted
2026-08-29T06:35:00.745329+00:00,sidecar,rourourourous/Shiki Soku Ze Ku/03 街はたそがれ - Machi wa Tasogare.lrc,not_present
2026-08-29T06:35:00.745329+00:00,audio,rubens/Don't stop the wind/01 風を止めないで - Don't stop the wind.m4a,deleted
2026-08-29T06:35:00.745329+00:00,sidecar,rubens/Don't stop the wind/01 風を止めないで - Don't stop the wind.lrc,not_present
2026-08-29T06:35:00.745329+00:00,audio,rubens/MELT/992 わるい雨 - Bad rain.m4a,deleted
2026-08-29T06:35:00.745329+00:00,sidecar,rubens/MELT/992 わるい雨 - Bad rain.lrc,not_present
2026-08-29T06:35:00.745329+00:00,audio,rubens/murmur/1321 棘棘 - Toge Toge.m4a,deleted
2026-08-29T06:35:00.745329+00:00,sidecar,rubens/murmur/1321 棘棘 - Toge Toge.lrc,not_present
2026-08-29T06:35:00.745329+00:00,audio,rubens/murmur/832 棘棘 - Toge Toge.m4a,deleted
2026-08-29T06:35:00.745329+00:00,sidecar,rubens/murmur/832 棘棘 - Toge Toge.lrc,not_present
2026-08-29T06:35:00.745329+00:00,audio,rubens/murmur/840 棘棘 - Toge Toge.m4a,deleted
2026-08-29T06:35:00.745329+00:00,sidecar,rubens/murmur/840 棘棘 - Toge Toge.lrc,not_present
2026-08-29T06:35:00.745329+00:00,audio,rubens/murmur/918 棘棘 - Toge Toge.m4a,deleted
2026-08-29T06:35:00.745329+00:00,sidecar,rubens/murmur/918 棘棘 - Toge Toge.lrc,not_present
2026-08-29T06:35:00.745329+00:00,audio,rubens/murmur/996 棘棘 - Toge Toge.m4a,deleted
2026-08-29T06:35:00.745329+00:00,sidecar,rubens/murmur/996 棘棘 - Toge Toge.lrc,not_present
2026-08-29T06:35:00.745329+00:00,audio,rubens/ripple/01 カフネ - cafuné.m4a,deleted
2026-08-29T06:35:00.745329+00:00,sidecar,rubens/ripple/01 カフネ - cafuné.lrc,not_present
2026-08-29T06:35:00.745329+00:00,audio,rustledmyjimmiess/Unknown Album/999 Tears of Mars - Sojourn (The Cat Lady).m4a,deleted
2026-08-29T06:35:00.745329+00:00,sidecar,rustledmyjimmiess/Unknown Album/999 Tears of Mars - Sojourn (The Cat Lady).lrc,not_present
2026-08-29T06:35:00.745329+00:00,audio,sabanoomisony/1R/1000 ゆめうつつのなか - Yumeutsutsu no Naka.m4a,deleted
2026-08-29T06:35:00.745329+00:00,sidecar,sabanoomisony/1R/1000 ゆめうつつのなか - Yumeutsutsu no Naka.lrc,not_present
2026-08-29T06:35:00.745329+00:00,audio,sajou no hana/Unknown Album/1001 【sajou no hana】「メモセピア」（Music Video）.m4a,deleted
2026-08-29T06:35:00.745329+00:00,sidecar,sajou no hana/Unknown Album/1001 【sajou no hana】「メモセピア」（Music Video）.lrc,not_present
2026-08-29T06:35:00.745329+00:00,audio,sajou no hana/Unknown Album/1002 【sajou no hana】「グレイ」（Music Video）.m4a,deleted
2026-08-29T06:35:00.745329+00:00,sidecar,sajou no hana/Unknown Album/1002 【sajou no hana】「グレイ」（Music Video）.lrc,not_present
2026-08-29T06:35:00.745329+00:00,audio,sajou no hana/memosepia _ gray/1003 gray.m4a,deleted
2026-08-29T06:35:00.745329+00:00,sidecar,sajou no hana/memosepia _ gray/1003 gray.lrc,deleted
2026-08-29T06:35:00.745329+00:00,audio,sakanaction/834.194/1004 新宝島 - Shin Takara Jima.m4a,deleted
2026-08-29T06:35:00.745329+00:00,sidecar,sakanaction/834.194/1004 新宝島 - Shin Takara Jima.lrc,deleted
2026-08-29T06:35:00.745329+00:00,audio,sakanaction/Tsuki no Utsutsu (Rearrange works)/15 忘れられないの - Rearrange 2020 - - Wasurerarenaino - Rearrange 2020 -.m4a,deleted
2026-08-29T06:35:00.745329+00:00,sidecar,sakanaction/Tsuki no Utsutsu (Rearrange works)/15 忘れられないの - Rearrange 2020 - - Wasurerarenaino - Rearrange 2020 -.lrc,deleted
2026-08-29T06:35:00.745329+00:00,audio,sakanaction/sakanaction/1006 ミュージック - Music.m4a,deleted
2026-08-29T06:35:00.745329+00:00,sidecar,sakanaction/sakanaction/1006 ミュージック - Music.lrc,deleted
2026-08-29T06:35:00.745329+00:00,audio,sancrib/HOLIDAY/01 おなじ夜.m4a,deleted
2026-08-29T06:35:00.745329+00:00,sidecar,sancrib/HOLIDAY/01 おなじ夜.lrc,not_present
2026-08-29T06:35:00.745329+00:00,audio,selectiverecords81/Unknown Album/1009 SUNSET _ BLU-SWING.m4a,deleted
2026-08-29T06:35:00.745329+00:00,sidecar,selectiverecords81/Unknown Album/1009 SUNSET _ BLU-SWING.lrc,not_present
2026-08-29T06:35:00.745329+00:00,audio,showmore/Unknown Album/1010 showmore - flashback 【Studio Live Movie】.m4a,deleted
2026-08-29T06:35:00.745329+00:00,sidecar,showmore/Unknown Album/1010 showmore - flashback 【Studio Live Movie】.lrc,not_present
2026-08-29T06:35:00.745329+00:00,audio,showmore/seek/1011 showmore - marble【Official Music Video】.m4a,deleted
2026-08-29T06:35:00.745329+00:00,sidecar,showmore/seek/1011 showmore - marble【Official Music Video】.lrc,not_present
2026-08-29T06:35:00.745329+00:00,audio,sidenerds/imitation diamond/02 混ざる - mixture.m4a,deleted
2026-08-29T06:35:00.745329+00:00,sidecar,sidenerds/imitation diamond/02 混ざる - mixture.lrc,not_present
2026-08-29T06:35:00.745329+00:00,audio,sokoninaru/Choetsu/06 極限は刹那 - Kyokugen Ha Setsuna.m4a,deleted
2026-08-29T06:35:00.745329+00:00,sidecar,sokoninaru/Choetsu/06 極限は刹那 - Kyokugen Ha Setsuna.lrc,deleted
2026-08-29T06:35:00.745329+00:00,audio,sokoninaru/Tenohira De Odoru/01 掌で踊る - Tenohira De Odoru.m4a,deleted
2026-08-29T06:35:00.745329+00:00,sidecar,sokoninaru/Tenohira De Odoru/01 掌で踊る - Tenohira De Odoru.lrc,deleted
2026-08-29T06:35:00.745329+00:00,audio,sokoninaru/Unknown Album/1031 BABYMETAL『メギツネ』弾いてみた【そこに鳴る軽音部】BABYMETAL - Megitsune（cover）.m4a,deleted
2026-08-29T06:35:00.745329+00:00,sidecar,sokoninaru/Unknown Album/1031 BABYMETAL『メギツネ』弾いてみた【そこに鳴る軽音部】BABYMETAL - Megitsune（cover）.lrc,not_present
2026-08-29T06:35:00.745329+00:00,audio,sokoninaru/Unknown Album/1032 ヨルシカ『藍二乗』弾いてみた【そこに鳴る軽音部】Yorushika - Blur（cover）.m4a,deleted
2026-08-29T06:35:00.745329+00:00,sidecar,sokoninaru/Unknown Album/1032 ヨルシカ『藍二乗』弾いてみた【そこに鳴る軽音部】Yorushika - Blur（cover）.lrc,not_present
2026-08-29T06:35:00.745329+00:00,audio,sokoninaru/Unknown Album/1033 後ほどモッシュが起こるKiLLiNG ME【そこに鳴る軽音部】SiM - KiLLiNG ME (cover).m4a,deleted
2026-08-29T06:35:00.745329+00:00,sidecar,sokoninaru/Unknown Album/1033 後ほどモッシュが起こるKiLLiNG ME【そこに鳴る軽音部】SiM - KiLLiNG ME (cover).lrc,not_present
2026-08-29T06:35:00.745329+00:00,audio,sokoninaru/Unknown Album/1034 BiSH 『プロミスザスター』弾いてみた【そこに鳴る軽音部】BiSH - Promise The Star (cover).m4a,deleted
2026-08-29T06:35:00.745329+00:00,sidecar,sokoninaru/Unknown Album/1034 BiSH 『プロミスザスター』弾いてみた【そこに鳴る軽音部】BiSH - Promise The Star (cover).lrc,not_present
2026-08-29T06:35:00.745329+00:00,audio,sokoninaru/Unknown Album/1035 チャットモンチー『真夜中遊園地』cover （チャットモンチー トリビュートアルバムオーディション応募）【そこに鳴る軽音部】chatmonchy - Mayonaka Yuuenchi (cover).m4a,deleted
2026-08-29T06:35:00.745329+00:00,sidecar,sokoninaru/Unknown Album/1035 チャットモンチー『真夜中遊園地』cover （チャットモンチー トリビュートアルバムオーディション応募）【そこに鳴る軽音部】chatmonchy - Mayonaka Yuuenchi (cover).lrc,not_present
2026-08-29T06:35:00.745329+00:00,audio,sokoninaru/Unknown Album/1036 ポルカドットスティングレイ『ヒミツ』弾いてみた【そこに鳴る軽音部】POLKADOT STINGRAY - Himitsu（cover）.m4a,deleted
2026-08-29T06:35:00.745329+00:00,sidecar,sokoninaru/Unknown Album/1036 ポルカドットスティングレイ『ヒミツ』弾いてみた【そこに鳴る軽音部】POLKADOT STINGRAY - Himitsu（cover）.lrc,not_present
2026-08-29T06:35:00.745329+00:00,audio,sokoninaru/Unknown Album/1037 04 Limited Sazabys『monolith』弾いてみた【そこに鳴る軽音部】04 Limited Sazabys - monolith（cover）.m4a,deleted
2026-08-29T06:35:00.745329+00:00,sidecar,sokoninaru/Unknown Album/1037 04 Limited Sazabys『monolith』弾いてみた【そこに鳴る軽音部】04 Limited Sazabys - monolith（cover）.lrc,not_present
2026-08-29T06:35:00.745329+00:00,audio,sokoninaru/Unknown Album/1038 DECO_27『ヒバナ』弾いてみた【そこに鳴る軽音部】DECO_27 - hibana（cover）.m4a,deleted
2026-08-29T06:35:00.745329+00:00,sidecar,sokoninaru/Unknown Album/1038 DECO_27『ヒバナ』弾いてみた【そこに鳴る軽音部】DECO_27 - hibana（cover）.lrc,not_present
2026-08-29T06:35:00.745329+00:00,audio,sokoninaru/Unknown Album/1039 BLUE ENCOUNT『Survivor』弾いてみた【そこに鳴る軽音部】BLUE ENCOUNT - Survivor（cover）.m4a,deleted
2026-08-29T06:35:00.745329+00:00,sidecar,sokoninaru/Unknown Album/1039 BLUE ENCOUNT『Survivor』弾いてみた【そこに鳴る軽音部】BLUE ENCOUNT - Survivor（cover）.lrc,not_present
2026-08-29T06:35:00.745329+00:00,audio,sokoninaru/Unknown Album/1040 KEYTALK 『パラレル』弾いてみた 【そこに鳴る軽音部】KEYTALK - parallel (cover).m4a,deleted
2026-08-29T06:35:00.745329+00:00,sidecar,sokoninaru/Unknown Album/1040 KEYTALK 『パラレル』弾いてみた 【そこに鳴る軽音部】KEYTALK - parallel (cover).lrc,deleted
2026-08-29T06:35:00.745329+00:00,audio,sokoninaru/Unknown Album/1041 絶対的三分間 - Zettaiteki Sanpunkan.m4a,deleted
2026-08-29T06:35:00.745329+00:00,sidecar,sokoninaru/Unknown Album/1041 絶対的三分間 - Zettaiteki Sanpunkan.lrc,not_present
2026-08-29T06:35:00.745329+00:00,audio,sokoninaru/Unknown Album/1042 THE ORAL CIGARETTES 『狂乱 Hey Kids!!』弾いてみた 【そこに鳴る軽音部】THE ORAL CIGARETTES - Kyouran Hey Kids!! (cover).m4a,deleted
2026-08-29T06:35:00.745329+00:00,sidecar,sokoninaru/Unknown Album/1042 THE ORAL CIGARETTES 『狂乱 Hey Kids!!』弾いてみた 【そこに鳴る軽音部】THE ORAL CIGARETTES - Kyouran Hey Kids!! (cover).lrc,not_present
2026-08-29T06:35:00.745329+00:00,audio,sokoninaru/Unknown Album/1043 菅田将暉 『さよならエレジー』cover【そこに鳴る軽音部】Sayonara Elegy - Masaki Suda (cover).m4a,deleted
2026-08-29T06:35:00.745329+00:00,sidecar,sokoninaru/Unknown Album/1043 菅田将暉 『さよならエレジー』cover【そこに鳴る軽音部】Sayonara Elegy - Masaki Suda (cover).lrc,not_present
2026-08-29T06:35:00.745329+00:00,audio,sokoninaru/Unknown Album/1044 業に燃ゆ - Gou Ni Moyu.m4a,deleted
2026-08-29T06:35:00.745329+00:00,sidecar,sokoninaru/Unknown Album/1044 業に燃ゆ - Gou Ni Moyu.lrc,deleted
2026-08-29T06:35:00.745329+00:00,audio,sokoninaru/Unknown Album/1046 マキシマム ザ ホルモン「F」バンドで弾いてみた【そこに鳴る軽音部】.m4a,deleted
2026-08-29T06:35:00.745329+00:00,sidecar,sokoninaru/Unknown Album/1046 マキシマム ザ ホルモン「F」バンドで弾いてみた【そこに鳴る軽音部】.lrc,not_present
2026-08-29T06:35:00.745329+00:00,audio,sokoninaru/Unknown Album/1047 harha『人生オーバー』バンドで演奏してみた【そこに鳴る軽音部】.m4a,deleted
2026-08-29T06:35:00.745329+00:00,sidecar,sokoninaru/Unknown Album/1047 harha『人生オーバー』バンドで演奏してみた【そこに鳴る軽音部】.lrc,not_present
2026-08-29T06:35:00.745329+00:00,audio,sokoninaru/Unknown Album/1048 陰陽座『甲賀忍法帖』バンドで弾いてみた【ONMYO-ZA】【そこに鳴る軽音部】.m4a,deleted
2026-08-29T06:35:00.745329+00:00,sidecar,sokoninaru/Unknown Album/1048 陰陽座『甲賀忍法帖』バンドで弾いてみた【ONMYO-ZA】【そこに鳴る軽音部】.lrc,not_present
2026-08-29T06:35:00.745329+00:00,audio,sokoninaru/Unknown Album/1050 【NANA】GLAMOROUS SKY _ 中島美嘉（cover）【そこに鳴る軽音部】.m4a,deleted
2026-08-29T06:35:00.745329+00:00,sidecar,sokoninaru/Unknown Album/1050 【NANA】GLAMOROUS SKY _ 中島美嘉（cover）【そこに鳴る軽音部】.lrc,not_present
2026-08-29T06:35:00.745329+00:00,audio,sokoninaru/Unknown Album/1051 嵐「truth」超絶技巧バージョン【そこに鳴る軽音部】.m4a,deleted
2026-08-29T06:35:00.745329+00:00,sidecar,sokoninaru/Unknown Album/1051 嵐「truth」超絶技巧バージョン【そこに鳴る軽音部】.lrc,not_present
2026-08-29T06:35:00.745329+00:00,audio,sokoninaru/Unknown Album/1052 『99999億本桜』【そこに鳴る軽音部】.m4a,deleted
2026-08-29T06:35:00.745329+00:00,sidecar,sokoninaru/Unknown Album/1052 『99999億本桜』【そこに鳴る軽音部】.lrc,not_present
2026-08-29T06:35:00.745329+00:00,audio,sokoninaru/Unknown Album/1053 バンドで「ポケモン言えるかな？」した結果ｗｗｗｗｗ【そこに鳴る軽音部】.m4a,deleted
2026-08-29T06:35:00.745329+00:00,sidecar,sokoninaru/Unknown Album/1053 バンドで「ポケモン言えるかな？」した結果ｗｗｗｗｗ【そこに鳴る軽音部】.lrc,not_present
2026-08-29T06:35:00.745329+00:00,audio,sokoninaru/Unknown Album/1054 【新旧ドラマーでドラムバトル】「re_program」二人で叩いてみた.m4a,deleted
2026-08-29T06:35:00.745329+00:00,sidecar,sokoninaru/Unknown Album/1054 【新旧ドラマーでドラムバトル】「re_program」二人で叩いてみた.lrc,deleted
2026-08-29T06:35:00.745329+00:00,audio,sokoninaru/Unknown Album/1055 『感電』と『Lemon』でバンドは宇宙一忙しい【米津玄師】【そこに鳴る軽音部】Kenshi Yonezu - Kanden(cover).m4a,deleted
2026-08-29T06:35:00.745329+00:00,sidecar,sokoninaru/Unknown Album/1055 『感電』と『Lemon』でバンドは宇宙一忙しい【米津玄師】【そこに鳴る軽音部】Kenshi Yonezu - Kanden(cover).lrc,not_present
2026-08-29T06:35:00.745329+00:00,audio,sokoninaru/Unknown Album/1056 THE ALFEE 『英雄の詩』弾いてみた【そこに鳴る軽音部】THE ALFEE - Eiyuno Uta（cover）.m4a,deleted
2026-08-29T06:35:00.745329+00:00,sidecar,sokoninaru/Unknown Album/1056 THE ALFEE 『英雄の詩』弾いてみた【そこに鳴る軽音部】THE ALFEE - Eiyuno Uta（cover）.lrc,not_present
2026-08-29T06:35:00.745329+00:00,audio,sokoninaru/Unknown Album/1057 氣志團『One Night Carnival』弾いてみた【そこに鳴る軽音部】KISHIDAN - One Night Carnival（cover）.m4a,deleted
2026-08-29T06:35:00.745329+00:00,sidecar,sokoninaru/Unknown Album/1057 氣志團『One Night Carnival』弾いてみた【そこに鳴る軽音部】KISHIDAN - One Night Carnival（cover）.lrc,not_present
2026-08-29T06:35:00.745329+00:00,audio,sokoninaru/Unknown Album/1058 【鋼の錬金術師】ポルノグラフィティ『メリッサ』弾いてみた【そこに鳴る軽音部】PORNOGRAFFITTI - Melissa（cover）.m4a,deleted
2026-08-29T06:35:00.745329+00:00,sidecar,sokoninaru/Unknown Album/1058 【鋼の錬金術師】ポルノグラフィティ『メリッサ』弾いてみた【そこに鳴る軽音部】PORNOGRAFFITTI - Melissa（cover）.lrc,not_present
2026-08-29T06:35:00.745329+00:00,audio,sokoninaru/Unknown Album/1059 シャ乱Q『ズルい女』弾いてみた【そこに鳴る軽音部】Sharam Q - Zurui Onna（cover）.m4a,deleted
2026-08-29T06:35:00.745329+00:00,sidecar,sokoninaru/Unknown Album/1059 シャ乱Q『ズルい女』弾いてみた【そこに鳴る軽音部】Sharam Q - Zurui Onna（cover）.lrc,not_present
2026-08-29T06:35:00.745329+00:00,audio,sokoninaru/Unknown Album/1061 wowaka『ワールズエンド・ダンスホール』弾いてみた【そこに鳴る軽音部】wowaka - World's End Dancehall（cover）.m4a,deleted
2026-08-29T06:35:00.745329+00:00,sidecar,sokoninaru/Unknown Album/1061 wowaka『ワールズエンド・ダンスホール』弾いてみた【そこに鳴る軽音部】wowaka - World's End Dancehall（cover）.lrc,not_present
2026-08-29T06:35:00.745329+00:00,audio,sokoninaru/Unknown Album/1062 【機動戦士ガンダムSEED DESTINY】HIGH and MIGHTY COLOR『PRIDE』弾いてみた【そこに鳴る軽音部】（cover）.m4a,deleted
2026-08-29T06:35:00.745329+00:00,sidecar,sokoninaru/Unknown Album/1062 【機動戦士ガンダムSEED DESTINY】HIGH and MIGHTY COLOR『PRIDE』弾いてみた【そこに鳴る軽音部】（cover）.lrc,not_present
2026-08-29T06:35:00.745329+00:00,audio,sokoninaru/Unknown Album/1063 【原キー】宇宙一忙しい「夜に駆ける」【男女ツインボーカル】【ハルジオン】YOASOBI - yorunikakeru(Band Arrange).m4a,deleted
2026-08-29T06:35:00.745329+00:00,sidecar,sokoninaru/Unknown Album/1063 【原キー】宇宙一忙しい「夜に駆ける」【男女ツインボーカル】【ハルジオン】YOASOBI - yorunikakeru(Band Arrange).lrc,not_present
2026-08-29T06:35:00.745329+00:00,audio,sokoninaru/Unknown Album/1064 NUMBER GIRL『CHE.R.RY（YUI）』【そこに鳴る軽音部】.m4a,deleted
2026-08-29T06:35:00.745329+00:00,sidecar,sokoninaru/Unknown Album/1064 NUMBER GIRL『CHE.R.RY（YUI）』【そこに鳴る軽音部】.lrc,not_present
2026-08-29T06:35:00.745329+00:00,audio,sokoninaru/Unknown Album/1066 THEE MICHELLE GUN ELEPHANT『世界の終わり』弾いてみた【そこに鳴る軽音部】THEE MICHELLE GUN ELEPHANT - World's End（cover）.m4a,deleted
2026-08-29T06:35:00.745329+00:00,sidecar,sokoninaru/Unknown Album/1066 THEE MICHELLE GUN ELEPHANT『世界の終わり』弾いてみた【そこに鳴る軽音部】THEE MICHELLE GUN ELEPHANT - World's End（cover）.lrc,not_present
2026-08-29T06:35:00.745329+00:00,audio,sokoninaru/Unknown Album/1067 福山雅治『虹』弾いてみた【そこに鳴る軽音部】Fukuyama Masaharu - Niji（cover）.m4a,deleted
2026-08-29T06:35:00.745329+00:00,sidecar,sokoninaru/Unknown Album/1067 福山雅治『虹』弾いてみた【そこに鳴る軽音部】Fukuyama Masaharu - Niji（cover）.lrc,not_present
2026-08-29T06:35:00.745329+00:00,audio,sokoninaru/Unknown Album/1068 ORANGE RANGE『＊～アスタリスク～』弾いてみた【そこに鳴る軽音部】ORANGE RANGE - Asterisk（cover）.m4a,deleted
2026-08-29T06:35:00.745329+00:00,sidecar,sokoninaru/Unknown Album/1068 ORANGE RANGE『＊～アスタリスク～』弾いてみた【そこに鳴る軽音部】ORANGE RANGE - Asterisk（cover）.lrc,not_present
2026-08-29T06:35:00.745329+00:00,audio,sokoninaru/Unknown Album/1069 Rusty NailのLUNA SEA風凛として時雨添え（X JAPAN）【そこに鳴る軽音部】.m4a,deleted
2026-08-29T06:35:00.745329+00:00,sidecar,sokoninaru/Unknown Album/1069 Rusty NailのLUNA SEA風凛として時雨添え（X JAPAN）【そこに鳴る軽音部】.lrc,not_present
2026-08-29T06:35:00.745329+00:00,audio,sokoninaru/Unknown Album/1070 【名探偵コナン】ZARD『運命のルーレット廻して』弾いてみた【そこに鳴る軽音部】ZARD - Unmei No Ruretto Mawashi Te（cover）.m4a,deleted
2026-08-29T06:35:00.745329+00:00,sidecar,sokoninaru/Unknown Album/1070 【名探偵コナン】ZARD『運命のルーレット廻して』弾いてみた【そこに鳴る軽音部】ZARD - Unmei No Ruretto Mawashi Te（cover）.lrc,not_present
2026-08-29T06:35:00.745329+00:00,audio,sokoninaru/Unknown Album/1071 星野源『恋』弾いてみた【そこに鳴る軽音部】Gen Hoshino - Koi（cover）.m4a,deleted
2026-08-29T06:35:00.745329+00:00,sidecar,sokoninaru/Unknown Album/1071 星野源『恋』弾いてみた【そこに鳴る軽音部】Gen Hoshino - Koi（cover）.lrc,not_present
2026-08-29T06:35:00.745329+00:00,audio,sokoninaru/Unknown Album/1072 GLAY『誘惑』弾いてみた【そこに鳴る軽音部】GLAY - Temptation（cover）.m4a,deleted
2026-08-29T06:35:00.745329+00:00,sidecar,sokoninaru/Unknown Album/1072 GLAY『誘惑』弾いてみた【そこに鳴る軽音部】GLAY - Temptation（cover）.lrc,not_present
2026-08-29T06:35:00.745329+00:00,audio,sokoninaru/Unknown Album/1073 BOØWY『MARIONETTE』弾いてみた【そこに鳴る軽音部】BOØWY - MARIONETTE（cover）.m4a,deleted
2026-08-29T06:35:00.745329+00:00,sidecar,sokoninaru/Unknown Album/1073 BOØWY『MARIONETTE』弾いてみた【そこに鳴る軽音部】BOØWY - MARIONETTE（cover）.lrc,not_present
2026-08-29T06:35:00.745329+00:00,audio,sokoninaru/Unknown Album/1074 【KH】宇多田ヒカルの「光」と「Passion」を混ぜたらすごかった（すごい）【そこに鳴る軽音部】.m4a,deleted
2026-08-29T06:35:00.745329+00:00,sidecar,sokoninaru/Unknown Album/1074 【KH】宇多田ヒカルの「光」と「Passion」を混ぜたらすごかった（すごい）【そこに鳴る軽音部】.lrc,not_present
2026-08-29T06:35:00.745329+00:00,audio,sokoninaru/Unknown Album/1076 Base Ball Bear『Stairway Generation』弾いてみた【そこに鳴る軽音部】Base Ball Bear - Stairway Generation（cover）.m4a,deleted
2026-08-29T06:35:00.745329+00:00,sidecar,sokoninaru/Unknown Album/1076 Base Ball Bear『Stairway Generation』弾いてみた【そこに鳴る軽音部】Base Ball Bear - Stairway Generation（cover）.lrc,not_present
2026-08-29T06:35:00.745329+00:00,audio,sokoninaru/Unknown Album/1077 椎名林檎 『NIPPON』弾いてみた【そこに鳴る軽音部】Sheena Ringo - NIPPON（cover）.m4a,deleted
2026-08-29T06:35:00.745329+00:00,sidecar,sokoninaru/Unknown Album/1077 椎名林檎 『NIPPON』弾いてみた【そこに鳴る軽音部】Sheena Ringo - NIPPON（cover）.lrc,not_present
2026-08-29T06:35:00.745329+00:00,audio,sokoninaru/Unknown Album/1078 THE ALFEE 『星空のディスタンス』弾いてみた【そこに鳴る軽音部】THE ALFEE - UNDER THE STARRY SKY（cover）.m4a,deleted
2026-08-29T06:35:00.745329+00:00,sidecar,sokoninaru/Unknown Album/1078 THE ALFEE 『星空のディスタンス』弾いてみた【そこに鳴る軽音部】THE ALFEE - UNDER THE STARRY SKY（cover）.lrc,not_present
2026-08-29T06:35:00.745329+00:00,audio,sokoninaru/Unknown Album/1079 【呪術廻戦】Eve 『廻廻奇譚』弾いてみた【そこに鳴る軽音部】Eve - kaikaikitan（cover）.m4a,deleted
2026-08-29T06:35:00.745329+00:00,sidecar,sokoninaru/Unknown Album/1079 【呪術廻戦】Eve 『廻廻奇譚』弾いてみた【そこに鳴る軽音部】Eve - kaikaikitan（cover）.lrc,not_present
2026-08-29T06:35:00.745329+00:00,audio,sokoninaru/Unknown Album/1080 the GazettE 『SHIVER』弾いてみた【そこに鳴る軽音部】the GazettE - SHIVER（cover）.m4a,deleted
2026-08-29T06:35:00.745329+00:00,sidecar,sokoninaru/Unknown Album/1080 the GazettE 『SHIVER』弾いてみた【そこに鳴る軽音部】the GazettE - SHIVER（cover）.lrc,deleted
2026-08-29T06:35:00.745329+00:00,audio,sokoninaru/Unknown Album/1081 相対性理論『LOVEずっきゅん』弾いてみた【そこに鳴る軽音部】Soutaiseiriron - _LOVE Zukkyun_（cover）.m4a,deleted
2026-08-29T06:35:00.745329+00:00,sidecar,sokoninaru/Unknown Album/1081 相対性理論『LOVEずっきゅん』弾いてみた【そこに鳴る軽音部】Soutaiseiriron - _LOVE Zukkyun_（cover）.lrc,not_present
2026-08-29T06:35:00.745329+00:00,audio,sokoninaru/Unknown Album/1082 シド『嘘』弾いてみた【そこに鳴る軽音部】Sid - Uso（cover）.m4a,deleted
2026-08-29T06:35:00.745329+00:00,sidecar,sokoninaru/Unknown Album/1082 シド『嘘』弾いてみた【そこに鳴る軽音部】Sid - Uso（cover）.lrc,not_present
2026-08-29T06:35:00.745329+00:00,audio,sokoninaru/Unknown Album/1083 ロードオブメジャー『心絵』弾いてみた【そこに鳴る軽音部】ROAD OF MAJOR - Kokoroe（cover）.m4a,deleted
2026-08-29T06:35:00.745329+00:00,sidecar,sokoninaru/Unknown Album/1083 ロードオブメジャー『心絵』弾いてみた【そこに鳴る軽音部】ROAD OF MAJOR - Kokoroe（cover）.lrc,not_present
2026-08-29T06:35:00.745329+00:00,audio,sokoninaru/Unknown Album/1084 BUMP OF CHICKEN『カルマ』ベル弾いてみた（playthrough）.m4a,deleted
2026-08-29T06:35:00.745329+00:00,sidecar,sokoninaru/Unknown Album/1084 BUMP OF CHICKEN『カルマ』ベル弾いてみた（playthrough）.lrc,not_present
2026-08-29T06:35:00.745329+00:00,audio,sokoninaru/Unknown Album/1085 164『天ノ弱』弾いてみた【そこに鳴る軽音部】164 - ama no jaku（cover）.m4a,deleted
2026-08-29T06:35:00.745329+00:00,sidecar,sokoninaru/Unknown Album/1085 164『天ノ弱』弾いてみた【そこに鳴る軽音部】164 - ama no jaku（cover）.lrc,not_present
2026-08-29T06:35:00.745329+00:00,audio,sokoninaru/Unknown Album/1086 そこに鳴る _ 絶対的三分間【LIVE】from「LIVE _超越_ DIGITAL EDITION 2020」.m4a,deleted
2026-08-29T06:35:00.745329+00:00,sidecar,sokoninaru/Unknown Album/1086 そこに鳴る _ 絶対的三分間【LIVE】from「LIVE _超越_ DIGITAL EDITION 2020」.lrc,not_present
2026-08-29T06:35:00.745329+00:00,audio,sokoninaru/Unknown Album/1087 ハチ『マトリョシカ』弾いてみた【そこに鳴る軽音部】HACHI - MATORYOSHKA（cover）.m4a,deleted
2026-08-29T06:35:00.745329+00:00,sidecar,sokoninaru/Unknown Album/1087 ハチ『マトリョシカ』弾いてみた【そこに鳴る軽音部】HACHI - MATORYOSHKA（cover）.lrc,not_present
2026-08-29T06:35:00.745329+00:00,audio,sokoninaru/Unknown Album/1088 MY FIRST STORY『REVIVER』弾いてみた【そこに鳴る軽音部】MY FIRST STORY - REVIVER（cover）.m4a,deleted
2026-08-29T06:35:00.745329+00:00,sidecar,sokoninaru/Unknown Album/1088 MY FIRST STORY『REVIVER』弾いてみた【そこに鳴る軽音部】MY FIRST STORY - REVIVER（cover）.lrc,deleted
2026-08-29T06:35:00.745329+00:00,audio,sokoninaru/Unknown Album/1090 【完コピ】凛として時雨「Telecastic fake show」弾いてみた.m4a,deleted
2026-08-29T06:35:00.745329+00:00,sidecar,sokoninaru/Unknown Album/1090 【完コピ】凛として時雨「Telecastic fake show」弾いてみた.lrc,not_present
2026-08-29T06:35:00.745329+00:00,audio,sokoninaru/Unknown Album/1091 【完コピ】東京喰種『unravel』弾いてみた TK from 凛として時雨 - unravel（cover）.m4a,deleted
2026-08-29T06:35:00.745329+00:00,sidecar,sokoninaru/Unknown Album/1091 【完コピ】東京喰種『unravel』弾いてみた TK from 凛として時雨 - unravel（cover）.lrc,not_present
2026-08-29T06:35:00.745329+00:00,audio,sokoninaru/Unknown Album/1092 そこに鳴る _ 業に燃ゆ【LIVE】「超越」初回限定盤DVD収録.m4a,deleted
2026-08-29T06:35:00.745329+00:00,sidecar,sokoninaru/Unknown Album/1092 そこに鳴る _ 業に燃ゆ【LIVE】「超越」初回限定盤DVD収録.lrc,not_present
2026-08-29T06:35:00.745329+00:00,audio,sokoninaru/Unknown Album/1093 9mmのトリビュートに入れてほしかった….m4a,deleted
2026-08-29T06:35:00.745329+00:00,sidecar,sokoninaru/Unknown Album/1093 9mmのトリビュートに入れてほしかった….lrc,not_present
2026-08-29T06:35:00.745329+00:00,audio,sokoninaru/Unknown Album/1094 THE BACK HORN『コバルトブルー』弾いてみた【そこに鳴る軽音部】THE BACK HORN - cobalt blue（cover）.m4a,deleted
2026-08-29T06:35:00.745329+00:00,sidecar,sokoninaru/Unknown Album/1094 THE BACK HORN『コバルトブルー』弾いてみた【そこに鳴る軽音部】THE BACK HORN - cobalt blue（cover）.lrc,not_present
2026-08-29T06:35:00.745329+00:00,audio,sokoninaru/Unknown Album/1095 そこに鳴る _ Lament moment【Official Music Video】Sokoninaru.m4a,deleted
2026-08-29T06:35:00.745329+00:00,sidecar,sokoninaru/Unknown Album/1095 そこに鳴る _ Lament moment【Official Music Video】Sokoninaru.lrc,deleted
2026-08-29T06:35:00.745329+00:00,audio,sokoninaru/Unknown Album/1096 【すごいバンド】そこに鳴るが『孤独の鳥居』をカバーしたらすごかった【LOOP H☆R_孤独の鴉(cover)】.m4a,deleted
2026-08-29T06:35:00.745329+00:00,sidecar,sokoninaru/Unknown Album/1096 【すごいバンド】そこに鳴るが『孤独の鳥居』をカバーしたらすごかった【LOOP H☆R_孤独の鴉(cover)】.lrc,deleted
2026-08-29T06:35:00.745329+00:00,audio,"sow from Kyoto/Unknown Album/1098 sow 『to growth, for growth』 music video.m4a",deleted
2026-08-29T06:35:00.745329+00:00,sidecar,"sow from Kyoto/Unknown Album/1098 sow 『to growth, for growth』 music video.lrc",not_present
2026-08-29T06:35:00.745329+00:00,audio,sputniklab official channel/Unknown Album/1099 惑星アブノーマル 「月夜海水浴」.m4a,deleted
2026-08-29T06:35:00.745329+00:00,sidecar,sputniklab official channel/Unknown Album/1099 惑星アブノーマル 「月夜海水浴」.lrc,not_present
2026-08-29T06:35:00.745329+00:00,audio,"sun soo girl/Koishiteru, Continue/04 シュガースーサイド (2024 version) - Sugar Suicide (2024 version).m4a",deleted
2026-08-29T06:35:00.745329+00:00,sidecar,"sun soo girl/Koishiteru, Continue/04 シュガースーサイド (2024 version) - Sugar Suicide (2024 version).lrc",deleted
2026-08-29T06:35:00.745329+00:00,audio,sun soo girl/Utopia/01 ユートピア - Utopia.m4a,deleted
2026-08-29T06:35:00.745329+00:00,sidecar,sun soo girl/Utopia/01 ユートピア - Utopia.lrc,deleted
2026-08-29T06:35:00.745329+00:00,audio,sun soo girl/占いたいっ！/1103 占いたいっ！.m4a,deleted
2026-08-29T06:35:00.745329+00:00,sidecar,sun soo girl/占いたいっ！/1103 占いたいっ！.lrc,not_present
2026-08-29T06:35:00.745329+00:00,audio,sunsoogirl/Unknown Album/1104 三四少女-シュガースーサイド【LIVE】.m4a,deleted
2026-08-29T06:35:00.745329+00:00,sidecar,sunsoogirl/Unknown Album/1104 三四少女-シュガースーサイド【LIVE】.lrc,not_present
2026-08-29T06:35:00.745329+00:00,audio,supahspex/Unknown Album/1105 Eureka Seven Fandub - Taiyou no Mannaka he.m4a,deleted
2026-08-29T06:35:00.745329+00:00,sidecar,supahspex/Unknown Album/1105 Eureka Seven Fandub - Taiyou no Mannaka he.lrc,not_present
2026-08-29T06:35:00.745329+00:00,audio,supercell/Unknown Album/1107 #Love (feat. Ann & gaku).m4a,deleted
2026-08-29T06:35:00.745329+00:00,sidecar,supercell/Unknown Album/1107 #Love (feat. Ann & gaku).lrc,not_present
2026-08-29T06:35:00.745329+00:00,audio,suraniset ☩/Unknown Album/1108 Hito toshite Jiku ga Bureteiru - Sayonara Zetsubou Sensei Op 1.m4a,deleted
2026-08-29T06:35:00.745329+00:00,sidecar,suraniset ☩/Unknown Album/1108 Hito toshite Jiku ga Bureteiru - Sayonara Zetsubou Sensei Op 1.lrc,not_present
2026-08-29T06:35:00.745329+00:00,audio,suzuki mamiko/ms/06 どっかの土曜日 - some Saturday.m4a,deleted
2026-08-29T06:35:00.745329+00:00,sidecar,suzuki mamiko/ms/06 どっかの土曜日 - some Saturday.lrc,deleted
2026-08-29T06:35:00.745329+00:00,audio,sympathy/Uminari to Zekkei/02 ドロップキック・ミッドタウン - Dropkick Midtown.m4a,deleted
2026-08-29T06:35:00.745329+00:00,sidecar,sympathy/Uminari to Zekkei/02 ドロップキック・ミッドタウン - Dropkick Midtown.lrc,not_present
2026-08-29T06:35:00.745329+00:00,audio,syutubotusya/Unknown Album/1114 GO!GO!7188-C7.m4a,deleted
2026-08-29T06:35:00.745329+00:00,sidecar,syutubotusya/Unknown Album/1114 GO!GO!7188-C7.lrc,not_present
2026-08-29T06:35:00.745329+00:00,audio,tfvsjs/Equal Unequals to Equal/1116 tfvsjs - days of daze.m4a,deleted
2026-08-29T06:35:00.745329+00:00,sidecar,tfvsjs/Equal Unequals to Equal/1116 tfvsjs - days of daze.lrc,not_present
2026-08-29T06:35:00.745329+00:00,audio,tfvsjs/Unknown Album/1117 tfvsjs - 殖＋Battle from the bottom.m4a,deleted
2026-08-29T06:35:00.745329+00:00,sidecar,tfvsjs/Unknown Album/1117 tfvsjs - 殖＋Battle from the bottom.lrc,not_present
2026-08-29T06:35:00.745329+00:00,audio,thai kick murph/Unknown Album/1120 thai kick murph _Beauty and Youth_.m4a,deleted
2026-08-29T06:35:00.745329+00:00,sidecar,thai kick murph/Unknown Album/1120 thai kick murph _Beauty and Youth_.lrc,not_present
2026-08-29T06:35:00.745329+00:00,audio,the shes gone/SINCE/1122 想いあい - omoiai.m4a,deleted
2026-08-29T06:35:00.745329+00:00,sidecar,the shes gone/SINCE/1122 想いあい - omoiai.lrc,deleted
2026-08-29T06:35:00.745329+00:00,audio,theworldisugly/Unknown Album/1123 La Dispute - King Park Lyrics.m4a,deleted
2026-08-29T06:35:00.745329+00:00,sidecar,theworldisugly/Unknown Album/1123 La Dispute - King Park Lyrics.lrc,not_present
2026-08-29T06:35:00.745329+00:00,audio,"tiny yawn/Someday, somewhere/1124 Somewhere.m4a",deleted
2026-08-29T06:35:00.745329+00:00,sidecar,"tiny yawn/Someday, somewhere/1124 Somewhere.lrc",not_present
2026-08-29T06:35:00.745329+00:00,audio,tiny yawn/euphoria/1125 YOUTH.m4a,deleted
2026-08-29T06:35:00.745329+00:00,sidecar,tiny yawn/euphoria/1125 YOUTH.lrc,not_present
2026-08-29T06:35:00.745329+00:00,audio,tiny yawn/paddle ship/1126 花筏 - flower raft.m4a,deleted
2026-08-29T06:35:00.745329+00:00,sidecar,tiny yawn/paddle ship/1126 花筏 - flower raft.lrc,not_present
2026-08-29T06:35:00.745329+00:00,audio,toe/NOW I SEE THE LIGHT/1127 LONELINESS WILL SHINE.m4a,deleted
2026-08-29T06:35:00.745329+00:00,sidecar,toe/NOW I SEE THE LIGHT/1127 LONELINESS WILL SHINE.lrc,not_present
2026-08-29T06:35:00.745329+00:00,audio,toe/Unknown Album/1128 “Distance Sessions 2020”.m4a,deleted
2026-08-29T06:35:00.745329+00:00,sidecar,toe/Unknown Album/1128 “Distance Sessions 2020”.lrc,not_present
2026-08-29T06:35:00.745329+00:00,audio,tokyorenbo/I act like a fool in the habit that wants to die/719 素晴らしきこの世界 - wonderful World.m4a,deleted
2026-08-29T06:35:00.745329+00:00,sidecar,tokyorenbo/I act like a fool in the habit that wants to die/719 素晴らしきこの世界 - wonderful World.lrc,not_present
2026-08-29T06:35:00.745329+00:00,audio,tokyotender/Unknown Album/1131 tokyotender - グッドバイ MusicVideo.m4a,deleted
2026-08-29T06:35:00.745329+00:00,sidecar,tokyotender/Unknown Album/1131 tokyotender - グッドバイ MusicVideo.lrc,not_present
2026-08-29T06:35:00.745329+00:00,audio,tomeihyohon with BARU/Rumneld./1132 ココロコンパス - cocorocompass.m4a,deleted
2026-08-29T06:35:00.745329+00:00,sidecar,tomeihyohon with BARU/Rumneld./1132 ココロコンパス - cocorocompass.lrc,not_present
2026-08-29T06:35:00.745329+00:00,audio,tricot Official Channel/Unknown Album/1270 tricot「Bakusai 2020（-Vol.13-）DIGEST」.m4a,deleted
2026-08-29T06:35:00.745329+00:00,sidecar,tricot Official Channel/Unknown Album/1270 tricot「Bakusai 2020（-Vol.13-）DIGEST」.lrc,not_present
2026-08-29T06:35:00.745329+00:00,audio,tricot/10/06 あげない - Agenai.m4a,deleted
2026-08-29T06:35:00.745329+00:00,sidecar,tricot/10/06 あげない - Agenai.lrc,deleted
2026-08-29T06:35:00.745329+00:00,audio,tricot/10/07 悪戯.m4a,deleted
2026-08-29T06:35:00.745329+00:00,sidecar,tricot/10/07 悪戯.lrc,deleted
2026-08-29T06:35:00.745329+00:00,audio,tricot/3/07 tricot 『ポークジンジャー』 MV.m4a,deleted
2026-08-29T06:35:00.745329+00:00,sidecar,tricot/3/07 tricot 『ポークジンジャー』 MV.lrc,deleted
2026-08-29T06:35:00.745329+00:00,audio,tricot/3/08 Echo.m4a,deleted
2026-08-29T06:35:00.745329+00:00,sidecar,tricot/3/08 Echo.lrc,not_present
2026-08-29T06:35:00.745329+00:00,audio,"tricot/3/09 _18, 19_ by tricot.m4a",deleted
2026-08-29T06:35:00.745329+00:00,sidecar,"tricot/3/09 _18, 19_ by tricot.lrc",deleted
2026-08-29T06:35:00.745329+00:00,audio,tricot/3/10 Namu.m4a,deleted
2026-08-29T06:35:00.745329+00:00,sidecar,tricot/3/10 Namu.lrc,not_present
2026-08-29T06:35:00.745329+00:00,audio,tricot/3/13 メロンソーダ - MELON SODA.m4a,deleted
2026-08-29T06:35:00.745329+00:00,sidecar,tricot/3/13 メロンソーダ - MELON SODA.lrc,deleted
2026-08-29T06:35:00.745329+00:00,audio,tricot/A N D/03 tricot『E』MV.m4a,deleted
2026-08-29T06:35:00.745329+00:00,sidecar,tricot/A N D/03 tricot『E』MV.lrc,deleted
2026-08-29T06:35:00.745329+00:00,audio,tricot/A N D/05 神戸ナンバー - Kobe Number.m4a,deleted
2026-08-29T06:35:00.745329+00:00,sidecar,tricot/A N D/05 神戸ナンバー - Kobe Number.lrc,deleted
2026-08-29T06:35:00.745329+00:00,audio,tricot/A N D/07 ぱい～ん A N D ver. - Pieeen A N D ver..m4a,deleted
2026-08-29T06:35:00.745329+00:00,sidecar,tricot/A N D/07 ぱい～ん A N D ver. - Pieeen A N D ver..lrc,not_present
2026-08-29T06:35:00.745329+00:00,audio,tricot/A N D/12 tricot『Break』MV.m4a,deleted
2026-08-29T06:35:00.745329+00:00,sidecar,tricot/A N D/12 tricot『Break』MV.lrc,deleted
2026-08-29T06:35:00.745329+00:00,audio,tricot/Bakuretsu tricot San/01 爆裂パニエさん - Bakuretsu Panie San.m4a,deleted
2026-08-29T06:35:00.745329+00:00,sidecar,tricot/Bakuretsu tricot San/01 爆裂パニエさん - Bakuretsu Panie San.lrc,deleted
2026-08-29T06:35:00.745329+00:00,audio,tricot/Black/01 混ぜるな危険 - The danger of not mixing.m4a,deleted
2026-08-29T06:35:00.745329+00:00,sidecar,tricot/Black/01 混ぜるな危険 - The danger of not mixing.lrc,deleted
2026-08-29T06:35:00.745329+00:00,audio,tricot/Black/09 ワンシーズン - One season.m4a,deleted
2026-08-29T06:35:00.745329+00:00,sidecar,tricot/Black/09 ワンシーズン - One season.lrc,deleted
2026-08-29T06:35:00.745329+00:00,audio,tricot/Call/01 おとずれ - Call.m4a,deleted
2026-08-29T06:35:00.745329+00:00,sidecar,tricot/Call/01 おとずれ - Call.lrc,deleted
2026-08-29T06:35:00.745329+00:00,audio,tricot/E/02 ぱい～ん - Pieeen.m4a,deleted
2026-08-29T06:35:00.745329+00:00,sidecar,tricot/E/02 ぱい～ん - Pieeen.lrc,deleted
2026-08-29T06:35:00.745329+00:00,audio,tricot/E/03 ダイバー - Diver.m4a,deleted
2026-08-29T06:35:00.745329+00:00,sidecar,tricot/E/03 ダイバー - Diver.lrc,not_present
2026-08-29T06:35:00.745329+00:00,audio,tricot/Fudeki/01 模造紙ヒデキちゃん - Imitation paper Hideki-chan.m4a,deleted
2026-08-29T06:35:00.745329+00:00,sidecar,tricot/Fudeki/01 模造紙ヒデキちゃん - Imitation paper Hideki-chan.lrc,not_present
2026-08-29T06:35:00.745329+00:00,audio,tricot/Fudeki/06 エンドロールに間に合うように - End roll.m4a,deleted
2026-08-29T06:35:00.745329+00:00,sidecar,tricot/Fudeki/06 エンドロールに間に合うように - End roll.lrc,not_present
2026-08-29T06:35:00.745329+00:00,audio,tricot/Fudeki/07 アンドロイド - Android.m4a,deleted
2026-08-29T06:35:00.745329+00:00,sidecar,tricot/Fudeki/07 アンドロイド - Android.lrc,deleted
2026-08-29T06:35:00.745329+00:00,audio,tricot/Fudeki/13 模造紙ヒデキちゃん - Instrumental - Imitation paper Hideki-chan - Instrumental.m4a,deleted
2026-08-29T06:35:00.745329+00:00,sidecar,tricot/Fudeki/13 模造紙ヒデキちゃん - Instrumental - Imitation paper Hideki-chan - Instrumental.lrc,not_present
2026-08-29T06:35:00.745329+00:00,audio,tricot/Fudeki/19 アンドロイド - Instrumental - Android - Instrumental.m4a,deleted
2026-08-29T06:35:00.745329+00:00,sidecar,tricot/Fudeki/19 アンドロイド - Instrumental - Android - Instrumental.lrc,not_present
2026-08-29T06:35:00.745329+00:00,audio,tricot/Jodeki/03 いない - INAI.m4a,deleted
2026-08-29T06:35:00.745329+00:00,sidecar,tricot/Jodeki/03 いない - INAI.lrc,deleted
2026-08-29T06:35:00.745329+00:00,audio,tricot/Jodeki/08 スーパーサマー - SUPER SUMMER.m4a,deleted
2026-08-29T06:35:00.745329+00:00,sidecar,tricot/Jodeki/08 スーパーサマー - SUPER SUMMER.lrc,not_present
2026-08-29T06:35:00.745329+00:00,audio,tricot/Jodeki/14 暴露 - Instrumental - BAKURO - Instrumental.m4a,deleted
2026-08-29T06:35:00.745329+00:00,sidecar,tricot/Jodeki/14 暴露 - Instrumental - BAKURO - Instrumental.lrc,deleted
2026-08-29T06:35:00.745329+00:00,audio,tricot/Jodeki/20 スーパーサマー - Instrumental - SUPER SUMMER - Instrumental.m4a,deleted
2026-08-29T06:35:00.745329+00:00,sidecar,tricot/Jodeki/20 スーパーサマー - Instrumental - SUPER SUMMER - Instrumental.lrc,not_present
2026-08-29T06:35:00.745329+00:00,audio,tricot/KAYOKO/01 カヨコ - KAYOKO.m4a,deleted
2026-08-29T06:35:00.745329+00:00,sidecar,tricot/KAYOKO/01 カヨコ - KAYOKO.lrc,deleted
2026-08-29T06:35:00.745329+00:00,audio,tricot/Kabuku EP/04 プラスチック - Plastic.m4a,deleted
2026-08-29T06:35:00.745329+00:00,sidecar,tricot/Kabuku EP/04 プラスチック - Plastic.lrc,deleted
2026-08-29T06:35:00.745329+00:00,audio,tricot/Oyasumi/02 tricot『おちゃんせんすぅす』MV.m4a,deleted
2026-08-29T06:35:00.745329+00:00,sidecar,tricot/Oyasumi/02 tricot『おちゃんせんすぅす』MV.lrc,not_present
2026-08-29T06:35:00.745329+00:00,audio,"tricot/School Children and the Cosmo/02 夢見がちな少女、舞い上がる、空へ - Yume Migachi Na Shoujo, Maiagaru, Sora E.m4a",deleted
2026-08-29T06:35:00.745329+00:00,sidecar,"tricot/School Children and the Cosmo/02 夢見がちな少女、舞い上がる、空へ - Yume Migachi Na Shoujo, Maiagaru, Sora E.lrc",deleted
2026-08-29T06:35:00.745329+00:00,audio,tricot/School Children and the Cosmo/03 しちならべ - Shichinarabe.m4a,deleted
2026-08-29T06:35:00.745329+00:00,sidecar,tricot/School Children and the Cosmo/03 しちならべ - Shichinarabe.lrc,not_present
2026-08-29T06:35:00.745329+00:00,audio,tricot/School Children and the Cosmo/04 ひと飲みで - Hitonomi De.m4a,deleted
2026-08-29T06:35:00.745329+00:00,sidecar,tricot/School Children and the Cosmo/04 ひと飲みで - Hitonomi De.lrc,deleted
2026-08-29T06:35:00.745329+00:00,audio,tricot/School Children and the Cosmo/05 フレミング - Fleming.m4a,deleted
2026-08-29T06:35:00.745329+00:00,sidecar,tricot/School Children and the Cosmo/05 フレミング - Fleming.lrc,not_present
2026-08-29T06:35:00.745329+00:00,audio,tricot/T H E/02 tricot『POOL』MV.m4a,deleted
2026-08-29T06:35:00.745329+00:00,sidecar,tricot/T H E/02 tricot『POOL』MV.lrc,deleted
2026-08-29T06:35:00.745329+00:00,audio,tricot/T H E/03 飛べ - Tobe.m4a,deleted
2026-08-29T06:35:00.745329+00:00,sidecar,tricot/T H E/03 飛べ - Tobe.lrc,deleted
2026-08-29T06:35:00.745329+00:00,audio,tricot/potage/02 ブームに乗って - On the boom.m4a,deleted
2026-08-29T06:35:00.745329+00:00,sidecar,tricot/potage/02 ブームに乗って - On the boom.lrc,deleted
2026-08-29T06:35:00.745329+00:00,audio,upliftspice/Unknown Album/1274 UPLIFT SPICE「オメガリズム」Music Video.m4a,deleted
2026-08-29T06:35:00.745329+00:00,sidecar,upliftspice/Unknown Album/1274 UPLIFT SPICE「オメガリズム」Music Video.lrc,not_present
2026-08-29T06:35:00.745329+00:00,audio,vibe neko/Unknown Album/1275 ねこバイブ「茶トラシマシマコロンブス」-Music Video.m4a,deleted
2026-08-29T06:35:00.745329+00:00,sidecar,vibe neko/Unknown Album/1275 ねこバイブ「茶トラシマシマコロンブス」-Music Video.lrc,not_present
2026-08-29T06:35:00.745329+00:00,audio,whitedude877/Unknown Album/1277 Hako Yamasaki - Tobimasu_山崎ハコ - 飛・び・ま・す (1975).m4a,deleted
2026-08-29T06:35:00.745329+00:00,sidecar,whitedude877/Unknown Album/1277 Hako Yamasaki - Tobimasu_山崎ハコ - 飛・び・ま・す (1975).lrc,not_present
2026-08-29T06:35:00.745329+00:00,audio,whoo/Unknown Album/1278 whoo _ 虹 (self-cover) _ Official Audio.m4a,deleted
2026-08-29T06:35:00.745329+00:00,sidecar,whoo/Unknown Album/1278 whoo _ 虹 (self-cover) _ Official Audio.lrc,not_present
2026-08-29T06:35:00.745329+00:00,audio,yama/the meaning of life/1279 クリーム(Versus The Night 0.0).m4a,deleted
2026-08-29T06:35:00.745329+00:00,sidecar,yama/the meaning of life/1279 クリーム(Versus The Night 0.0).lrc,not_present
2026-08-29T06:35:00.745329+00:00,audio,yeti let you notice/bookmarks (I can be ___ with some chalky candys.)/1283 summer ends.m4a,deleted
2026-08-29T06:35:00.745329+00:00,sidecar,yeti let you notice/bookmarks (I can be ___ with some chalky candys.)/1283 summer ends.lrc,not_present
2026-08-29T06:35:00.745329+00:00,audio,yog sothoth/Unknown Album/1288 Electric Wizard - The Chosen Few.m4a,deleted
2026-08-29T06:35:00.745329+00:00,sidecar,yog sothoth/Unknown Album/1288 Electric Wizard - The Chosen Few.lrc,not_present
2026-08-29T06:35:00.745329+00:00,audio,yonige/Coming Spring/1289 アボカド.m4a,deleted
2026-08-29T06:35:00.745329+00:00,sidecar,yonige/Coming Spring/1289 アボカド.lrc,deleted
2026-08-29T06:35:00.745329+00:00,audio,yotsu/Unknown Album/1290 J E N - n o t y e t.m4a,deleted
2026-08-29T06:35:00.745329+00:00,sidecar,yotsu/Unknown Album/1290 J E N - n o t y e t.lrc,not_present
2026-08-29T06:35:00.745329+00:00,audio,"you doin okay, boo_/Unknown Album/1291 Gregory and the Hawk - Moenie and Kitchi (Full Album).m4a",deleted
2026-08-29T06:35:00.745329+00:00,sidecar,"you doin okay, boo_/Unknown Album/1291 Gregory and the Hawk - Moenie and Kitchi (Full Album).lrc",not_present
2026-08-29T06:35:00.745329+00:00,audio,you you you all the same/砂の堤防/1292 you you you all the same - 今朝の空は.m4a,deleted
2026-08-29T06:35:00.745329+00:00,sidecar,you you you all the same/砂の堤防/1292 you you you all the same - 今朝の空は.lrc,not_present
2026-08-29T06:35:00.745329+00:00,audio,yureruwayurei/Unknown Album/1295 揺れるは幽霊 - ポイント・ネモ [LIVE].m4a,deleted
2026-08-29T06:35:00.745329+00:00,sidecar,yureruwayurei/Unknown Album/1295 揺れるは幽霊 - ポイント・ネモ [LIVE].lrc,not_present
2026-08-29T06:35:00.745329+00:00,audio,yureruwayurei/Unknown Album/1296 亡霊のきみへ.m4a,deleted
2026-08-29T06:35:00.745329+00:00,sidecar,yureruwayurei/Unknown Album/1296 亡霊のきみへ.lrc,not_present
2026-08-29T06:35:00.745329+00:00,audio,yureruwayurei/mnemeoid/1300 ポイント・ネモ - point nemo.m4a,deleted
2026-08-29T06:35:00.745329+00:00,sidecar,yureruwayurei/mnemeoid/1300 ポイント・ネモ - point nemo.lrc,not_present
2026-08-29T06:35:00.745329+00:00,audio,yutaka hirasaka/breath/02 eau.m4a,deleted
2026-08-29T06:35:00.745329+00:00,sidecar,yutaka hirasaka/breath/02 eau.lrc,not_present
2026-08-29T06:35:00.745329+00:00,audio,yutori/Speed/01 スピード - Speed.m4a,deleted
2026-08-29T06:35:00.745329+00:00,sidecar,yutori/Speed/01 スピード - Speed.lrc,deleted
2026-08-29T06:35:00.745329+00:00,audio,zankyorecord/Unknown Album/1310 österreich _『無能』【Official Music Video】(Tokyo Ghoul OP Theme Song).m4a,deleted
2026-08-29T06:35:00.745329+00:00,sidecar,zankyorecord/Unknown Album/1310 österreich _『無能』【Official Music Video】(Tokyo Ghoul OP Theme Song).lrc,not_present
2026-08-29T06:35:00.745329+00:00,audio,zankyorecord/Unknown Album/1312 te' _ 雨滴は重力を信仰し、その軌跡は官能を伴い世界を『紗』で覆う。【Official Music Video】.m4a,deleted
2026-08-29T06:35:00.745329+00:00,sidecar,zankyorecord/Unknown Album/1312 te' _ 雨滴は重力を信仰し、その軌跡は官能を伴い世界を『紗』で覆う。【Official Music Video】.lrc,not_present
2026-08-29T06:35:00.745329+00:00,audio,zankyorecord/Unknown Album/1314 te' _ 思想も共感もいらず、ただ幻聴を誘発する『起因』としての音楽。【Official Music Video】.m4a,deleted
2026-08-29T06:35:00.745329+00:00,sidecar,zankyorecord/Unknown Album/1314 te' _ 思想も共感もいらず、ただ幻聴を誘発する『起因』としての音楽。【Official Music Video】.lrc,not_present
2026-08-29T06:35:00.745329+00:00,audio,zankyorecord/Unknown Album/1316 chouchou merged syrups. _ ラストダンサー【Official Music Video】.m4a,deleted
2026-08-29T06:35:00.745329+00:00,sidecar,zankyorecord/Unknown Album/1316 chouchou merged syrups. _ ラストダンサー【Official Music Video】.lrc,not_present
2026-08-29T06:35:00.745329+00:00,audio,zankyorecord/Unknown Album/1317 chouchou merged syrups. _ ヒエログリフと遊ぶ 【Official Music Video】.m4a,deleted
2026-08-29T06:35:00.745329+00:00,sidecar,zankyorecord/Unknown Album/1317 chouchou merged syrups. _ ヒエログリフと遊ぶ 【Official Music Video】.lrc,not_present
2026-08-29T06:35:00.745329+00:00,audio,zaq99931/Unknown Album/1320 Advantage Lucy - Sunny.m4a,deleted
2026-08-29T06:35:00.745329+00:00,sidecar,zaq99931/Unknown Album/1320 Advantage Lucy - Sunny.lrc,not_present
2026-08-29T06:35:00.745329+00:00,audio,österreich/Luxurious Bones (Arranged)/01 贅沢な骨 (Arranged) - Luxurious Bones (Arranged).m4a,deleted
2026-08-29T06:35:00.745329+00:00,sidecar,österreich/Luxurious Bones (Arranged)/01 贅沢な骨 (Arranged) - Luxurious Bones (Arranged).lrc,deleted
2026-08-29T06:35:00.745329+00:00,audio,österreich/Rakuen No Kimi/01 楽園の君 - Rakuen No Kimi.m4a,deleted
2026-08-29T06:35:00.745329+00:00,sidecar,österreich/Rakuen No Kimi/01 楽園の君 - Rakuen No Kimi.lrc,deleted
2026-08-29T06:35:00.745329+00:00,audio,österreich/Shishi/1325 動物寓意譚.m4a,deleted
2026-08-29T06:35:00.745329+00:00,sidecar,österreich/Shishi/1325 動物寓意譚.lrc,not_present
2026-08-29T06:35:00.745329+00:00,audio,österreich/film/01 映画 - film.m4a,deleted
2026-08-29T06:35:00.745329+00:00,sidecar,österreich/film/01 映画 - film.lrc,deleted
2026-08-29T06:35:00.745329+00:00,audio,österreich/sisi/04 動物寓意譚 - Bestiary.m4a,deleted
2026-08-29T06:35:00.745329+00:00,sidecar,österreich/sisi/04 動物寓意譚 - Bestiary.lrc,not_present
2026-08-29T06:35:00.745329+00:00,audio,"Олег Парастаев/Unknown Album/1327 80s Soviet Synthpop Альянс - На заре (At dawn) USSR, 1987.m4a",deleted
2026-08-29T06:35:00.745329+00:00,sidecar,"Олег Парастаев/Unknown Album/1327 80s Soviet Synthpop Альянс - На заре (At dawn) USSR, 1987.lrc",deleted
2026-08-29T06:35:00.745329+00:00,audio,–真天地開闢集団–ジグザグ/Unknown Album/1328 −真天地開闢集団−ジグザグ「Promise」MV.m4a,deleted
2026-08-29T06:35:00.745329+00:00,sidecar,–真天地開闢集団–ジグザグ/Unknown Album/1328 −真天地開闢集団−ジグザグ「Promise」MV.lrc,not_present
2026-08-29T06:35:00.745329+00:00,audio,あくまのゴート/Unknown Album/1326 あくまの オリジナル曲【品川シーサイド】.m4a,deleted
2026-08-29T06:35:00.745329+00:00,sidecar,あくまのゴート/Unknown Album/1326 あくまの オリジナル曲【品川シーサイド】.lrc,not_present
2026-08-29T06:35:00.745329+00:00,audio,あくまのゴート/Unknown Album/1329 あくまの オリジナル曲【品川シーサイド】.m4a,deleted
2026-08-29T06:35:00.745329+00:00,sidecar,あくまのゴート/Unknown Album/1329 あくまの オリジナル曲【品川シーサイド】.lrc,not_present
2026-08-29T06:35:00.745329+00:00,audio,あばらや/かなしばりに遭ったら/01 かなしばりに遭ったら.m4a,deleted
2026-08-29T06:35:00.745329+00:00,sidecar,あばらや/かなしばりに遭ったら/01 かなしばりに遭ったら.lrc,deleted
2026-08-29T06:35:00.745329+00:00,audio,こどもランドリー/Unknown Album/1328 こどもランドリー-あしたのe.p.ティザー.m4a,deleted
2026-08-29T06:35:00.745329+00:00,sidecar,こどもランドリー/Unknown Album/1328 こどもランドリー-あしたのe.p.ティザー.lrc,not_present
2026-08-29T06:35:00.745329+00:00,audio,こどもランドリー/Unknown Album/1329 MV 透明の夜-こどもランドリー.m4a,deleted
2026-08-29T06:35:00.745329+00:00,sidecar,こどもランドリー/Unknown Album/1329 MV 透明の夜-こどもランドリー.lrc,not_present
2026-08-29T06:35:00.745329+00:00,audio,こどもランドリー/Unknown Album/1330 MV サイダーの曇り空-こどもランドリー.m4a,deleted
2026-08-29T06:35:00.745329+00:00,sidecar,こどもランドリー/Unknown Album/1330 MV サイダーの曇り空-こどもランドリー.lrc,not_present
2026-08-29T06:35:00.745329+00:00,audio,こどもランドリー/Unknown Album/1331 こどもランドリー-あしたのe.p.ティザー.m4a,deleted
2026-08-29T06:35:00.745329+00:00,sidecar,こどもランドリー/Unknown Album/1331 こどもランドリー-あしたのe.p.ティザー.lrc,not_present
2026-08-29T06:35:00.745329+00:00,audio,こどもランドリー/Unknown Album/1332 MV 透明の夜-こどもランドリー.m4a,deleted
2026-08-29T06:35:00.745329+00:00,sidecar,こどもランドリー/Unknown Album/1332 MV 透明の夜-こどもランドリー.lrc,not_present
2026-08-29T06:35:00.745329+00:00,audio,こどもランドリー/Unknown Album/1333 MV サイダーの曇り空-こどもランドリー.m4a,deleted
2026-08-29T06:35:00.745329+00:00,sidecar,こどもランドリー/Unknown Album/1333 MV サイダーの曇り空-こどもランドリー.lrc,not_present
2026-08-29T06:35:00.745329+00:00,audio,そこに鳴る/7 ultimate materials/1060 vermisst.m4a,deleted
2026-08-29T06:35:00.745329+00:00,sidecar,そこに鳴る/7 ultimate materials/1060 vermisst.lrc,deleted
2026-08-29T06:35:00.745329+00:00,audio,アニプレックス チャンネル/Unknown Album/1336 【LIVE映像】結束バンド「星座になれたら」LIVE at 秀華祭_ 「ぼっち・ざ・ろっく！」劇中曲.m4a,deleted
2026-08-29T06:35:00.745329+00:00,sidecar,アニプレックス チャンネル/Unknown Album/1336 【LIVE映像】結束バンド「星座になれたら」LIVE at 秀華祭_ 「ぼっち・ざ・ろっく！」劇中曲.lrc,not_present
2026-08-29T06:35:00.745329+00:00,audio,アニプレックス チャンネル/Unknown Album/1338 【LIVE映像】結束バンド「星座になれたら」LIVE at 秀華祭_ 「ぼっち・ざ・ろっく！」劇中曲.m4a,deleted
2026-08-29T06:35:00.745329+00:00,sidecar,アニプレックス チャンネル/Unknown Album/1338 【LIVE映像】結束バンド「星座になれたら」LIVE at 秀華祭_ 「ぼっち・ざ・ろっく！」劇中曲.lrc,not_present
2026-08-29T06:35:00.745329+00:00,audio,アロン/Unknown Album/1339 kamome sano - Emotional.m4a,deleted
2026-08-29T06:35:00.745329+00:00,sidecar,アロン/Unknown Album/1339 kamome sano - Emotional.lrc,not_present
2026-08-29T06:35:00.745329+00:00,audio,イクラノドン/Unknown Album/1340 イクラノドン_眠っている間、現実に無い事象の感覚を起こすこと。【MV】.m4a,deleted
2026-08-29T06:35:00.745329+00:00,sidecar,イクラノドン/Unknown Album/1340 イクラノドン_眠っている間、現実に無い事象の感覚を起こすこと。【MV】.lrc,not_present
2026-08-29T06:35:00.745329+00:00,audio,イクラノドン/白息/01 白息.m4a,deleted
2026-08-29T06:35:00.745329+00:00,sidecar,イクラノドン/白息/01 白息.lrc,not_present
2026-08-29T06:35:00.745329+00:00,audio,イクラノドン/眠っている間、現実に無い事象の感覚を起こすこと。/01 眠っている間、現実に無い事象の感覚を起こすこと。.m4a,deleted
2026-08-29T06:35:00.745329+00:00,sidecar,イクラノドン/眠っている間、現実に無い事象の感覚を起こすこと。/01 眠っている間、現実に無い事象の感覚を起こすこと。.lrc,not_present
2026-08-29T06:35:00.745329+00:00,audio,"エピフォン TV 日本版/Unknown Album/1339 Epiphone _ Replays 『ギターと孤独と蒼い惑星』(結束バンド カバー) _ _Guitar, Loneliness and Blue Planet_ (Band Cover).m4a",deleted
2026-08-29T06:35:00.745329+00:00,sidecar,"エピフォン TV 日本版/Unknown Album/1339 Epiphone _ Replays 『ギターと孤独と蒼い惑星』(結束バンド カバー) _ _Guitar, Loneliness and Blue Planet_ (Band Cover).lrc",not_present
2026-08-29T06:35:00.745329+00:00,audio,"エピフォン TV 日本版/Unknown Album/1343 Epiphone _ Replays 『ギターと孤独と蒼い惑星』(結束バンド カバー) _ _Guitar, Loneliness and Blue Planet_ (Band Cover).m4a",deleted
2026-08-29T06:35:00.745329+00:00,sidecar,"エピフォン TV 日本版/Unknown Album/1343 Epiphone _ Replays 『ギターと孤独と蒼い惑星』(結束バンド カバー) _ _Guitar, Loneliness and Blue Planet_ (Band Cover).lrc",not_present
2026-08-29T06:35:00.745329+00:00,audio,"ギブソンTV 日本版/Unknown Album/1340 Gibson Replays 『今、僕、アンダーグラウンドから』（結束バンド カバー）_ _Now, I'm going from underground_ (Band Cover).m4a",deleted
2026-08-29T06:35:00.745329+00:00,sidecar,"ギブソンTV 日本版/Unknown Album/1340 Gibson Replays 『今、僕、アンダーグラウンドから』（結束バンド カバー）_ _Now, I'm going from underground_ (Band Cover).lrc",not_present
2026-08-29T06:35:00.745329+00:00,audio,"ギブソンTV 日本版/Unknown Album/1344 Gibson Replays 『今、僕、アンダーグラウンドから』（結束バンド カバー）_ _Now, I'm going from underground_ (Band Cover).m4a",deleted
2026-08-29T06:35:00.745329+00:00,sidecar,"ギブソンTV 日本版/Unknown Album/1344 Gibson Replays 『今、僕、アンダーグラウンドから』（結束バンド カバー）_ _Now, I'm going from underground_ (Band Cover).lrc",not_present
2026-08-29T06:35:00.745329+00:00,audio,"サバノオミソニー/December/1346 サバノオミソニー(Sabanoomisony) - note to self_(@Petit Campus,Montreal).m4a",deleted
2026-08-29T06:35:00.745329+00:00,sidecar,"サバノオミソニー/December/1346 サバノオミソニー(Sabanoomisony) - note to self_(@Petit Campus,Montreal).lrc",not_present
2026-08-29T06:35:00.745329+00:00,audio,"サバノオミソニー/Unknown Album/1341 サバノオミソニー(Sabanoomisony) - ゆめうつつのなか (@Horseshoe Tavern,Toronto).m4a",deleted
2026-08-29T06:35:00.745329+00:00,sidecar,"サバノオミソニー/Unknown Album/1341 サバノオミソニー(Sabanoomisony) - ゆめうつつのなか (@Horseshoe Tavern,Toronto).lrc",not_present
2026-08-29T06:35:00.745329+00:00,audio,"サバノオミソニー/Unknown Album/1342 サバノオミソニー(Sabanoomisony) - gray town(@Petit Campus,Montreal).m4a",deleted
2026-08-29T06:35:00.745329+00:00,sidecar,"サバノオミソニー/Unknown Album/1342 サバノオミソニー(Sabanoomisony) - gray town(@Petit Campus,Montreal).lrc",not_present
2026-08-29T06:35:00.745329+00:00,audio,"サバノオミソニー/Unknown Album/1345 サバノオミソニー(Sabanoomisony) - ゆめうつつのなか (@Horseshoe Tavern,Toronto).m4a",deleted
2026-08-29T06:35:00.745329+00:00,sidecar,"サバノオミソニー/Unknown Album/1345 サバノオミソニー(Sabanoomisony) - ゆめうつつのなか (@Horseshoe Tavern,Toronto).lrc",not_present
2026-08-29T06:35:00.745329+00:00,audio,"サバノオミソニー/Unknown Album/1347 サバノオミソニー(Sabanoomisony) - gray town(@Petit Campus,Montreal).m4a",deleted
2026-08-29T06:35:00.745329+00:00,sidecar,"サバノオミソニー/Unknown Album/1347 サバノオミソニー(Sabanoomisony) - gray town(@Petit Campus,Montreal).lrc",not_present
2026-08-29T06:35:00.745329+00:00,audio,ステレオガール/ベイビー、ぼくらはL.S.D./1343 ぼくらはわかくてうつくしい.m4a,deleted
2026-08-29T06:35:00.745329+00:00,sidecar,ステレオガール/ベイビー、ぼくらはL.S.D./1343 ぼくらはわかくてうつくしい.lrc,not_present
2026-08-29T06:35:00.745329+00:00,audio,ステレオガール/ベイビー、ぼくらはL.S.D./1348 ぼくらはわかくてうつくしい.m4a,deleted
2026-08-29T06:35:00.745329+00:00,sidecar,ステレオガール/ベイビー、ぼくらはL.S.D./1348 ぼくらはわかくてうつくしい.lrc,not_present
2026-08-29T06:35:00.745329+00:00,audio,ネコゼnekoze/Unknown Album/1344 ネコゼ『水曜日』.m4a,deleted
2026-08-29T06:35:00.745329+00:00,sidecar,ネコゼnekoze/Unknown Album/1344 ネコゼ『水曜日』.lrc,not_present
2026-08-29T06:35:00.745329+00:00,audio,ネコゼnekoze/Unknown Album/1349 ネコゼ『水曜日』.m4a,deleted
2026-08-29T06:35:00.745329+00:00,sidecar,ネコゼnekoze/Unknown Album/1349 ネコゼ『水曜日』.lrc,not_present
2026-08-29T06:35:00.745329+00:00,audio,ヒグチアイ/前線/01 前線.m4a,deleted
2026-08-29T06:35:00.745329+00:00,sidecar,ヒグチアイ/前線/01 前線.lrc,deleted
2026-08-29T06:35:00.745329+00:00,audio,ヒグチアイ/樋口愛/01 ココロジェリーフィッシュ.m4a,deleted
2026-08-29T06:35:00.745329+00:00,sidecar,ヒグチアイ/樋口愛/01 ココロジェリーフィッシュ.lrc,deleted
2026-08-29T06:35:00.745329+00:00,audio,ポケモン公式YouTubeチャンネル/Unknown Album/1346 【Official】Pokémon Special Music Video 「GOTCHA！」 _ BUMP OF CHICKEN - Acacia.m4a,deleted
2026-08-29T06:35:00.745329+00:00,sidecar,ポケモン公式YouTubeチャンネル/Unknown Album/1346 【Official】Pokémon Special Music Video 「GOTCHA！」 _ BUMP OF CHICKEN - Acacia.lrc,not_present
2026-08-29T06:35:00.745329+00:00,audio,ポケモン公式YouTubeチャンネル/Unknown Album/1350 【Official】Pokémon Special Music Video 「GOTCHA！」 _ BUMP OF CHICKEN - Acacia.m4a,deleted
2026-08-29T06:35:00.745329+00:00,sidecar,ポケモン公式YouTubeチャンネル/Unknown Album/1350 【Official】Pokémon Special Music Video 「GOTCHA！」 _ BUMP OF CHICKEN - Acacia.lrc,not_present
2026-08-29T06:35:00.745329+00:00,audio,ユニバーサル.キウイ Kiwi-Stars/Unknown Album/1347 Blazblue LA_ Childish Killer ( Vocal) Jin Vs Tsubaki.m4a,deleted
2026-08-29T06:35:00.745329+00:00,sidecar,ユニバーサル.キウイ Kiwi-Stars/Unknown Album/1347 Blazblue LA_ Childish Killer ( Vocal) Jin Vs Tsubaki.lrc,not_present
2026-08-29T06:35:00.745329+00:00,audio,ユニバーサル.キウイ Kiwi-Stars/Unknown Album/1351 Blazblue LA_ Childish Killer ( Vocal) Jin Vs Tsubaki.m4a,deleted
2026-08-29T06:35:00.745329+00:00,sidecar,ユニバーサル.キウイ Kiwi-Stars/Unknown Album/1351 Blazblue LA_ Childish Killer ( Vocal) Jin Vs Tsubaki.lrc,not_present
2026-08-29T06:35:00.745329+00:00,audio,ワーナー ブラザース 公式チャンネル/Unknown Album/1349 ALL OFF_リフレインボーイ_MUSIC VIDEO.m4a,deleted
2026-08-29T06:35:00.745329+00:00,sidecar,ワーナー ブラザース 公式チャンネル/Unknown Album/1349 ALL OFF_リフレインボーイ_MUSIC VIDEO.lrc,not_present
2026-08-29T06:35:00.745329+00:00,audio,ワーナー ブラザース 公式チャンネル/Unknown Album/1352 ALL OFF_リフレインボーイ_MUSIC VIDEO.m4a,deleted
2026-08-29T06:35:00.745329+00:00,sidecar,ワーナー ブラザース 公式チャンネル/Unknown Album/1352 ALL OFF_リフレインボーイ_MUSIC VIDEO.lrc,not_present
2026-08-29T06:35:00.745329+00:00,audio,ヵャ/Unknown Album/1353 いきのこり●ぼくら.m4a,deleted
2026-08-29T06:35:00.745329+00:00,sidecar,ヵャ/Unknown Album/1353 いきのこり●ぼくら.lrc,deleted
2026-08-29T06:35:00.745329+00:00,audio,千愛Chiaki/Unknown Album/1354 水中スピカ「花言葉」Short MV.m4a,deleted
2026-08-29T06:35:00.745329+00:00,sidecar,千愛Chiaki/Unknown Album/1354 水中スピカ「花言葉」Short MV.lrc,not_present
2026-08-29T06:35:00.745329+00:00,audio,宇宙ネコ子/君のように生きれたら/1356 (I'm) Waiting For The Sun.m4a,deleted
2026-08-29T06:35:00.745329+00:00,sidecar,宇宙ネコ子/君のように生きれたら/1356 (I'm) Waiting For The Sun.lrc,deleted
2026-08-29T06:35:00.745329+00:00,audio,惑星アブノーマル/私は怒りでできている/01 怠惰.m4a,deleted
2026-08-29T06:35:00.745329+00:00,sidecar,惑星アブノーマル/私は怒りでできている/01 怠惰.lrc,deleted
2026-08-29T06:35:00.745329+00:00,audio,星街すいせい/Specter/07 デビュタントボール.m4a,deleted
2026-08-29T06:35:00.745329+00:00,sidecar,星街すいせい/Specter/07 デビュタントボール.lrc,deleted
2026-08-29T06:35:00.745329+00:00,audio,東京初期衝動/SWEET 17 MONSTERS/1360 Baby Don't Cry.m4a,deleted
2026-08-29T06:35:00.745329+00:00,sidecar,東京初期衝動/SWEET 17 MONSTERS/1360 Baby Don't Cry.lrc,not_present
2026-08-29T06:35:00.745329+00:00,audio,東京初期衝動/Sweet 17 Monsters/01 再生ボタン.m4a,deleted
2026-08-29T06:35:00.745329+00:00,sidecar,東京初期衝動/Sweet 17 Monsters/01 再生ボタン.lrc,not_present
2026-08-29T06:35:00.745329+00:00,audio,東京初期衝動/Sweet 17 Monsters/1359 Baby Don't Cry.m4a,deleted
2026-08-29T06:35:00.745329+00:00,sidecar,東京初期衝動/Sweet 17 Monsters/1359 Baby Don't Cry.lrc,not_present
2026-08-29T06:35:00.745329+00:00,audio,沼津中央高校(軽音学太郎)/Unknown Album/1361 夢が覚める前に + 忘れないように (オリジナル) _ イクラノドン （2023卒業生バンド）.m4a,deleted
2026-08-29T06:35:00.745329+00:00,sidecar,沼津中央高校(軽音学太郎)/Unknown Album/1361 夢が覚める前に + 忘れないように (オリジナル) _ イクラノドン （2023卒業生バンド）.lrc,not_present
2026-08-29T06:35:00.745329+00:00,audio,稲葉曇/アンチサイクロン/02 ロストアンブレラ.m4a,deleted
2026-08-29T06:35:00.745329+00:00,sidecar,稲葉曇/アンチサイクロン/02 ロストアンブレラ.lrc,deleted
2026-08-29T06:35:00.745329+00:00,audio,羊の群れは笑わない。/JACKMAN RECORDS COMPILATION ALBUM vol.13 -赤盤- 『RO69JACK 2015』/1367 藍に依る_羊の群れは笑わない。.m4a,deleted
2026-08-29T06:35:00.745329+00:00,sidecar,羊の群れは笑わない。/JACKMAN RECORDS COMPILATION ALBUM vol.13 -赤盤- 『RO69JACK 2015』/1367 藍に依る_羊の群れは笑わない。.lrc,not_present
2026-08-29T06:35:00.745329+00:00,audio,羊の群れは笑わない。/Unknown Album/1366 晩夏、206号室_羊の群れは笑わない。.m4a,deleted
2026-08-29T06:35:00.745329+00:00,sidecar,羊の群れは笑わない。/Unknown Album/1366 晩夏、206号室_羊の群れは笑わない。.lrc,not_present
2026-08-29T06:35:00.745329+00:00,audio,長靴をはいた猫/慟哭する夜の底で/02 踊る水鞠.m4a,deleted
2026-08-29T06:35:00.745329+00:00,sidecar,長靴をはいた猫/慟哭する夜の底で/02 踊る水鞠.lrc,not_present
2026-08-29T06:35:00.745329+00:00,audio,長靴をはいた猫/慟哭する夜の底で/03 52Hzの鯨.m4a,deleted
2026-08-29T06:35:00.745329+00:00,sidecar,長靴をはいた猫/慟哭する夜の底で/03 52Hzの鯨.lrc,not_present
2026-08-29T06:35:00.745329+00:00,audio,陽月メグミ/Unknown Album/1372 色彩のブルース - EGO-WRAPPIN'.m4a,deleted
2026-08-29T06:35:00.745329+00:00,sidecar,陽月メグミ/Unknown Album/1372 色彩のブルース - EGO-WRAPPIN'.lrc,not_present
2026-08-29T06:35:00.745329+00:00,audio,온스테이지ONSTAGE/Unknown Album/1324 [온스테이지2.0] 이루리 - Dive.m4a,deleted
2026-08-29T06:35:00.745329+00:00,sidecar,온스테이지ONSTAGE/Unknown Album/1324 [온스테이지2.0] 이루리 - Dive.lrc,not_present
2026-08-29T06:35:00.745329+00:00,audio,온스테이지ONSTAGE/Unknown Album/1374 [온스테이지2.0] 이루리 - Dive.m4a,deleted
2026-08-29T06:35:00.745329+00:00,sidecar,온스테이지ONSTAGE/Unknown Album/1374 [온스테이지2.0] 이루리 - Dive.lrc,not_present
2026-08-29T06:35:00.745329+00:00,audio,우효/OOHYO Returns/1325 Perhaps Maybe Returns.m4a,deleted
2026-08-29T06:35:00.745329+00:00,sidecar,우효/OOHYO Returns/1325 Perhaps Maybe Returns.lrc,deleted
2026-08-29T06:35:00.745329+00:00,audio,우효/OOHYO Returns/1375 Perhaps Maybe Returns.m4a,deleted
2026-08-29T06:35:00.745329+00:00,sidecar,우효/OOHYO Returns/1375 Perhaps Maybe Returns.lrc,deleted
