status,confidence,match_reason,remote_duplicate_group,remote_path,remote_title,remote_artist,remote_album_artist,remote_album,remote_duration_seconds,remote_size_bytes,remote_youtube_id,remote_resolved_youtube_id,remote_spotify_id,remote_musicbrainz_track_id,local_path,local_title,local_artist,local_album_artist,local_album,local_duration_seconds,local_youtube_id,local_resolved_youtube_id,local_spotify_id,local_musicbrainz_track_id
present_same_path,certain,same_path,no,Kishida Kyoudan & The Akeboshi Rockets/Unknown Album/360 岸田教団&THE.m4a,岸田教団&THE,Kishida Kyoudan & The Akeboshi Rockets,Kishida Kyoudan & The Akeboshi Rockets,Unknown Album,229.334,3931709,jbpcXLcchrA,jbpcXLcchrA,,,Kishida Kyoudan & The Akeboshi Rockets/Unknown Album/360 岸田教団&THE.m4a,岸田教団&THE,Kishida Kyoudan & The Akeboshi Rockets,Kishida Kyoudan & The Akeboshi Rockets,Unknown Album,229.355,jbpcXLcchrA,jbpcXLcchrA,,
present_same_path,certain,same_path,no,The Offspring/Ixnay On The Hombre/10 All I Want.m4a,All I Want,The Offspring,The Offspring,Ixnay On The Hombre,114.667,2250142,us8OhI-OTHg,ldGdFnvSCSQ,717oSBYrcR8awQgUsmyE32,0a19ddc2-e9d8-4ea0-961e-88c5ac41f45f,The Offspring/Ixnay On The Hombre/10 All I Want.m4a,All I Want,The Offspring,The Offspring,Ixnay On The Hombre,114.688,us8OhI-OTHg,ldGdFnvSCSQ,717oSBYrcR8awQgUsmyE32,0a19ddc2-e9d8-4ea0-961e-88c5ac41f45f
present_same_path,certain,same_path,no,Furukawa Honpo/Hail Against the Barn Door/03 問うてはその応え - Toute Wa Sono Kotae.m4a,問うてはその応え - Toute Wa Sono Kotae,Furukawa Honpo,Furukawa Honpo,Hail Against the Barn Door,321.270,5444179,p04rexUGwtw,gWz7P9vRfmU,,,Furukawa Honpo/Hail Against the Barn Door/03 問うてはその応え - Toute Wa Sono Kotae.m4a,問うてはその応え - Toute Wa Sono Kotae,Furukawa Honpo,Furukawa Honpo,Hail Against the Barn Door,321.291,p04rexUGwtw,gWz7P9vRfmU,,
present_same_path,certain,same_path,no,lical/filmeld filament/944 群青的終末論 - navy bluish apocalypse.m4a,群青的終末論 - navy bluish apocalypse,lical,lical,filmeld filament,187.240,3431568,jGDgdodnIh0,jGDgdodnIh0,3msTsgQaQKrFvn8QBLBNdg,,lical/filmeld filament/944 群青的終末論 - navy bluish apocalypse.m4a,群青的終末論 - navy bluish apocalypse,lical,lical,filmeld filament,187.261,jGDgdodnIh0,jGDgdodnIh0,3msTsgQaQKrFvn8QBLBNdg,
present_same_path,certain,same_path,no,"KIKUO/Kikuo Miku 3/02 愛して 愛して 愛して - Love me, Love me, Love me (feat. Hatsune Miku).m4a","愛して　愛して　愛して - Love me, Love me, Love me (feat. Hatsune Miku)",KIKUO,KIKUO,Kikuo Miku 3,252.001,4557535,NTrm_idbhUk,KxNOBCyGhnk,,,"KIKUO/Kikuo Miku 3/02 愛して 愛して 愛して - Love me, Love me, Love me (feat. Hatsune Miku).m4a","愛して　愛して　愛して - Love me, Love me, Love me (feat. Hatsune Miku)",KIKUO,KIKUO,Kikuo Miku 3,252.021,NTrm_idbhUk,KxNOBCyGhnk,,
present_same_path,certain,same_path,no,Paramore/Unknown Album/517 Paramore - Still Into You (Studio Vocals).m4a,Paramore - Still Into You (Studio Vocals),Paramore,Paramore,Unknown Album,226.465,3889025,wrCxfWVuDXU,wrCxfWVuDXU,3SXXFIZel1VQQ4ENiqozxi,,Paramore/Unknown Album/517 Paramore - Still Into You (Studio Vocals).m4a,Paramore - Still Into You (Studio Vocals),Paramore,Paramore,Unknown Album,226.486,wrCxfWVuDXU,wrCxfWVuDXU,3SXXFIZel1VQQ4ENiqozxi,
present_same_path,certain,same_path,no,Pe'z/Pe'z Best 1st Stage _Ai_/521 Akatsuki.m4a,Akatsuki,Pe'z,Pe'z,"Pe'z Best 1st Stage ""Ai""",268.654,4651858,QlazYe2VBlA,QlazYe2VBlA,2rMyvFNpYU7KQeFneEYfP2,1776b2e0-429f-4f28-90ac-30115854428e,Pe'z/Pe'z Best 1st Stage _Ai_/521 Akatsuki.m4a,Akatsuki,Pe'z,Pe'z,"Pe'z Best 1st Stage ""Ai""",268.675,QlazYe2VBlA,QlazYe2VBlA,2rMyvFNpYU7KQeFneEYfP2,1776b2e0-429f-4f28-90ac-30115854428e
present_same_path,certain,same_path,no,Modest Mouse/Good News For People Who Love Bad News/442 The World At Large (Official Audio).m4a,The World At Large (Official Audio),Modest Mouse,Modest Mouse,Good News For People Who Love Bad News,272.507,4546391,1TXdU9LMmv4,FIJKJdsAszw,5op53ANI4exiWqFHKuwWxd,bd27c9e5-42d7-4191-a6d5-65013a2d6fd3,Modest Mouse/Good News For People Who Love Bad News/442 The World At Large (Official Audio).m4a,The World At Large (Official Audio),Modest Mouse,Modest Mouse,Good News For People Who Love Bad News,272.528,1TXdU9LMmv4,FIJKJdsAszw,5op53ANI4exiWqFHKuwWxd,bd27c9e5-42d7-4191-a6d5-65013a2d6fd3
present_same_path,certain,same_path,no,tricot/Break/02 After School.m4a,After School,tricot,tricot,Break,243.240,4151733,hcrsrN1jc0w,hcrsrN1jc0w,5FNLRcdfUxtCDAgL1k1b1A,3a8e8d86-e552-4e84-9840-6a7d05340f77,tricot/Break/02 After School.m4a,After School,tricot,tricot,Break,243.261,hcrsrN1jc0w,hcrsrN1jc0w,5FNLRcdfUxtCDAgL1k1b1A,3a8e8d86-e552-4e84-9840-6a7d05340f77
present_same_path,certain,same_path,yes,tricot/Break/01 Break.m4a,Break,tricot,tricot,Break,242.510,3972270,q3D-yKRRt5s,q3D-yKRRt5s,6ceSg6RqlWb0Ea7iIXthye,,tricot/Break/01 Break.m4a,Break,tricot,tricot,Break,242.531,q3D-yKRRt5s,q3D-yKRRt5s,6ceSg6RqlWb0Ea7iIXthye,
present_same_path,certain,same_path,yes,tricot/WALKING/01 餌にもなれない - WALKING.m4a,餌にもなれない - WALKING,tricot,tricot,WALKING,247.000,4212388,AGs1kb9Douc,AGs1kb9Douc,2zTXcNQVV9tS3ux8zOILlM,a98b3c72-b649-4dcf-9cff-9eb8e38d3ef8,tricot/WALKING/01 餌にもなれない - WALKING.m4a,餌にもなれない - WALKING,tricot,tricot,WALKING,247.021,AGs1kb9Douc,AGs1kb9Douc,2zTXcNQVV9tS3ux8zOILlM,a98b3c72-b649-4dcf-9cff-9eb8e38d3ef8
present_same_path,certain,same_path,no,tricot/3/08 エコー - Echo.m4a,エコー - Echo,tricot,tricot,3,227.179,3831379,30a1Wl55DGo,uYWsYwf0zjc,7a7xzmnbRGCvshv01PxZW5,93eb6c91-df6d-461f-bee0-da717db606b6,tricot/3/08 エコー - Echo.m4a,エコー - Echo,tricot,tricot,3,227.200,30a1Wl55DGo,uYWsYwf0zjc,7a7xzmnbRGCvshv01PxZW5,93eb6c91-df6d-461f-bee0-da717db606b6
present_same_path,certain,same_path,no,tricot/3/10 南無 - NAMU.m4a,南無 - NAMU,tricot,tricot,3,166.550,2854178,cHcJPmG52LU,vUr-aytulmM,08vX0pYNSp1CMJuYKCuxIt,a619acac-6c82-45dd-99ca-72a2e69db42a,tricot/3/10 南無 - NAMU.m4a,南無 - NAMU,tricot,tricot,3,166.571,cHcJPmG52LU,vUr-aytulmM,08vX0pYNSp1CMJuYKCuxIt,a619acac-6c82-45dd-99ca-72a2e69db42a
present_same_path,certain,same_path,no,"tricot/3/09 18, 19.m4a","18, 19",tricot,tricot,3,242.027,4078121,Tqpj9gmk8UI,ksRSz-EY_n4,3x8V1Brh7ODYQsRwCup6hx,4aec865e-f10d-4bd6-ba3d-48e21556744a,"tricot/3/09 18, 19.m4a","18, 19",tricot,tricot,3,242.048,Tqpj9gmk8UI,ksRSz-EY_n4,3x8V1Brh7ODYQsRwCup6hx,4aec865e-f10d-4bd6-ba3d-48e21556744a
present_same_path,certain,same_path,no,tricot/3/07 ポークジンジャー - Pork Ginger.m4a,ポークジンジャー - Pork Ginger,tricot,tricot,3,303.766,5086734,h0Q_y54F070,1UrMxQv5INo,3esZYcqWGnECPFrrWpTMVs,1041bcde-373e-4ab9-ba26-b327dd3c4262,tricot/3/07 ポークジンジャー - Pork Ginger.m4a,ポークジンジャー - Pork Ginger,tricot,tricot,3,303.787,h0Q_y54F070,1UrMxQv5INo,3esZYcqWGnECPFrrWpTMVs,1041bcde-373e-4ab9-ba26-b327dd3c4262
present_same_path,certain,same_path,no,tricot/3/01 TOKYO VAMPIRE HOTEL.m4a,TOKYO VAMPIRE HOTEL,tricot,tricot,3,155.158,2592116,nQd-Nj4eH48,FRjNKY5W2Mw,1KXr9vjEvi2Ms7H0lvHkUE,bf96bb28-6464-4409-8dfd-a387c6a2cace,tricot/3/01 TOKYO VAMPIRE HOTEL.m4a,TOKYO VAMPIRE HOTEL,tricot,tricot,3,155.179,nQd-Nj4eH48,FRjNKY5W2Mw,1KXr9vjEvi2Ms7H0lvHkUE,bf96bb28-6464-4409-8dfd-a387c6a2cace
present_same_path,certain,same_path,no,tricot/3/11 MUNASAWAGI.m4a,MUNASAWAGI,tricot,tricot,3,252.630,4253691,MsMKJW0_WMg,TzXnbA1-XMs,1cQBKoArJX3XssEsuccz2M,5f6f16ea-f33e-4fdc-8e6a-cfebc454980f,tricot/3/11 MUNASAWAGI.m4a,MUNASAWAGI,tricot,tricot,3,252.651,MsMKJW0_WMg,TzXnbA1-XMs,1cQBKoArJX3XssEsuccz2M,5f6f16ea-f33e-4fdc-8e6a-cfebc454980f
present_same_path,certain,same_path,yes,tricot/3/12 節約家 - SETSUYAKUKA.m4a,節約家 - SETSUYAKUKA,tricot,tricot,3,278.806,4593949,EFtbqm1EGRI,O7H55Q1K5ZA,0RU6vlFOrZ16c5t1MRpPKW,,tricot/3/12 節約家 - SETSUYAKUKA.m4a,節約家 - SETSUYAKUKA,tricot,tricot,3,278.827,EFtbqm1EGRI,O7H55Q1K5ZA,0RU6vlFOrZ16c5t1MRpPKW,
present_same_path,certain,same_path,no,tricot/3/04 DeDeDe.m4a,DeDeDe,tricot,tricot,3,210.129,3558936,K7Bn_qjKVUs,fTj32AA9smg,68AzhSmdueBmCUaVG2mOwv,6add5afa-6827-4bed-9df7-9ed4635dc4ad,tricot/3/04 DeDeDe.m4a,DeDeDe,tricot,tricot,3,210.150,K7Bn_qjKVUs,fTj32AA9smg,68AzhSmdueBmCUaVG2mOwv,6add5afa-6827-4bed-9df7-9ed4635dc4ad
present_same_path,certain,same_path,no,tricot/3/05 スキマ - SUKIMA.m4a,スキマ - SUKIMA,tricot,tricot,3,316.459,5314922,ODpxVouCRMU,IoCbZRILi4k,1qdQ38T4qQ4h1wvChyFroK,c13de163-8107-4190-90dd-8b3939597b42,tricot/3/05 スキマ - SUKIMA.m4a,スキマ - SUKIMA,tricot,tricot,3,316.480,ODpxVouCRMU,IoCbZRILi4k,1qdQ38T4qQ4h1wvChyFroK,c13de163-8107-4190-90dd-8b3939597b42
present_same_path,certain,same_path,no,tricot/3/03 Yosoiki.m4a,Yosoiki,tricot,tricot,3,236.352,4157317,8uIpplyJToo,RHjYuQsNP2c,2wKhDafYgoDoSHDUgfSHPS,,tricot/3/03 Yosoiki.m4a,Yosoiki,tricot,tricot,3,236.373,8uIpplyJToo,RHjYuQsNP2c,2wKhDafYgoDoSHDUgfSHPS,
present_same_path,certain,same_path,yes,tricot/BAKURO/01 暴露 - BAKURO.m4a,暴露 - BAKURO,tricot,tricot,BAKURO,212.707,4139853,UA8ANrSfcmc,UA8ANrSfcmc,1HB2Q2nO5MHMHVzotjdNAo,2c818d51-cd03-4c8d-b13a-62addfb04367,tricot/BAKURO/01 暴露 - BAKURO.m4a,暴露 - BAKURO,tricot,tricot,BAKURO,212.728,UA8ANrSfcmc,UA8ANrSfcmc,1HB2Q2nO5MHMHVzotjdNAo,2c818d51-cd03-4c8d-b13a-62addfb04367
present_same_path,certain,same_path,yes,tricot/WARP/01 WARP.m4a,WARP,tricot,tricot,WARP,203.199,3748828,zReAAGD4ddo,zReAAGD4ddo,58mW6QlUGVLJgYH4pvGjsT,6f9a2361-c878-4df0-a5e6-1ed7b66d970a,tricot/WARP/01 WARP.m4a,WARP,tricot,tricot,WARP,203.219,zReAAGD4ddo,zReAAGD4ddo,58mW6QlUGVLJgYH4pvGjsT,6f9a2361-c878-4df0-a5e6-1ed7b66d970a
present_same_path,certain,same_path,yes,tricot/E/01 E.m4a,E,tricot,tricot,E,239.294,3831531,uvMyCFAVIqs,uvMyCFAVIqs,6jO5Hf088cAcKw4dYVk8Qw,,tricot/E/01 E.m4a,E,tricot,tricot,E,239.315,uvMyCFAVIqs,uvMyCFAVIqs,6jO5Hf088cAcKw4dYVk8Qw,
present_same_path,certain,same_path,yes,tricot/99.974/01 99.974℃.m4a,99.974℃,tricot,tricot,99.974,274.948,4544019,1zez30Rj82g,GA-2qZIKoDQ,1bhmtYR8dE9XtRAJzQwbZe,170e4919-d04d-4cd1-baae-6c112eb94032,tricot/99.974/01 99.974℃.m4a,99.974℃,tricot,tricot,99.974,274.969,1zez30Rj82g,GA-2qZIKoDQ,1bhmtYR8dE9XtRAJzQwbZe,170e4919-d04d-4cd1-baae-6c112eb94032
present_same_path,certain,same_path,yes,tricot/Aquarium/01 アクアリウム - Aquarium.m4a,アクアリウム - Aquarium,tricot,tricot,Aquarium,241.952,3962147,FiQUee5NYr4,sLoG0o0Kc_w,0tU3Q2nmXeRthdgMSa8W0U,8ceaca91-a5b2-4771-a56a-952d680ec78d,tricot/Aquarium/01 アクアリウム - Aquarium.m4a,アクアリウム - Aquarium,tricot,tricot,Aquarium,241.973,FiQUee5NYr4,sLoG0o0Kc_w,0tU3Q2nmXeRthdgMSa8W0U,8ceaca91-a5b2-4771-a56a-952d680ec78d
present_same_path,certain,same_path,no,tricot/School Children and the Cosmo/01 G.N.S - G. N. S.m4a,G.N.S - G. N. S,tricot,tricot,School Children and the Cosmo,226.302,3767752,HrjCQ1eyjxs,br0q0ETvMy0,3JeyFYyws9JK23Df1IfGuj,32318a2f-d099-4d8f-898d-7285dd8f7986,tricot/School Children and the Cosmo/01 G.N.S - G. N. S.m4a,G.N.S - G. N. S,tricot,tricot,School Children and the Cosmo,226.323,HrjCQ1eyjxs,br0q0ETvMy0,3JeyFYyws9JK23Df1IfGuj,32318a2f-d099-4d8f-898d-7285dd8f7986
present_same_path,certain,same_path,no,tricot/School Children and the Cosmo/06 Matsuri.m4a,Matsuri,tricot,tricot,School Children and the Cosmo,139.760,2521082,yOGD0wH78eg,yOGD0wH78eg,7HDo0peRJkDuXC8opEd7qE,53fa2984-3421-46f1-a8e8-e8c9dda14eb4,tricot/School Children and the Cosmo/06 Matsuri.m4a,Matsuri,tricot,tricot,School Children and the Cosmo,139.781,yOGD0wH78eg,yOGD0wH78eg,7HDo0peRJkDuXC8opEd7qE,53fa2984-3421-46f1-a8e8-e8c9dda14eb4
present_same_path,certain,same_path,no,tricot/A N D/02 tricot - WKWK SKETCHBOOK.m4a,tricot - WKWK SKETCHBOOK,tricot,tricot,A N D,137.110,2433559,6PA_Bnh2B3s,6PA_Bnh2B3s,5NPurHdE7n7TNSTTLZNDE1,,tricot/A N D/02 tricot - WKWK SKETCHBOOK.m4a,tricot - WKWK SKETCHBOOK,tricot,tricot,A N D,137.131,6PA_Bnh2B3s,6PA_Bnh2B3s,5NPurHdE7n7TNSTTLZNDE1,
present_same_path,certain,same_path,no,tricot/A N D/06 消える - Kieru.m4a,消える - Kieru,tricot,tricot,A N D,275.707,4802018,8MPn6WakW9g,8MPn6WakW9g,4LGnc8OsPcDnctkXwU4nZw,a9e50485-b1a3-4bf7-b95e-ae76e0998079,tricot/A N D/06 消える - Kieru.m4a,消える - Kieru,tricot,tricot,A N D,275.728,8MPn6WakW9g,8MPn6WakW9g,4LGnc8OsPcDnctkXwU4nZw,a9e50485-b1a3-4bf7-b95e-ae76e0998079
present_same_path,certain,same_path,no,tricot/A N D/09 庭 - Niwa.m4a,庭 - Niwa,tricot,tricot,A N D,199.427,3543594,_uQd1KiTFqU,_uQd1KiTFqU,4IHeCGTVub99ztcfA7iVdT,ab6f23d7-f475-4699-b7f7-779a0d690e0c,tricot/A N D/09 庭 - Niwa.m4a,庭 - Niwa,tricot,tricot,A N D,199.448,_uQd1KiTFqU,_uQd1KiTFqU,4IHeCGTVub99ztcfA7iVdT,ab6f23d7-f475-4699-b7f7-779a0d690e0c
present_same_path,certain,same_path,yes,tricot/A N D/12 Break.m4a,Break,tricot,tricot,A N D,242.510,4122322,q3D-yKRRt5s,ytFIwMyNoJ8,6ceSg6RqlWb0Ea7iIXthye,0374307e-02b2-45d8-a7e1-d31c3b18d296,tricot/A N D/12 Break.m4a,Break,tricot,tricot,A N D,242.531,q3D-yKRRt5s,ytFIwMyNoJ8,6ceSg6RqlWb0Ea7iIXthye,0374307e-02b2-45d8-a7e1-d31c3b18d296
present_same_path,certain,same_path,no,tricot/A N D/11 QFF.m4a,QFF,tricot,tricot,A N D,415.507,7097662,HUeBpAvMNVk,HUeBpAvMNVk,6BWHvbJ4vLRu7MsnqSuOv4,c03c6cad-ce29-4a40-b55e-ccf1746f1a84,tricot/A N D/11 QFF.m4a,QFF,tricot,tricot,A N D,415.528,HUeBpAvMNVk,HUeBpAvMNVk,6BWHvbJ4vLRu7MsnqSuOv4,c03c6cad-ce29-4a40-b55e-ccf1746f1a84
present_same_path,certain,same_path,no,tricot/A N D/08 食卓 - Shoku-taku.m4a,食卓 - Shoku-taku,tricot,tricot,A N D,255.227,4478276,30lz4e2ehdU,30lz4e2ehdU,,ab08bb52-ad43-48c9-8828-a9df9f34d0ea,tricot/A N D/08 食卓 - Shoku-taku.m4a,食卓 - Shoku-taku,tricot,tricot,A N D,255.248,30lz4e2ehdU,30lz4e2ehdU,,ab08bb52-ad43-48c9-8828-a9df9f34d0ea
present_same_path,certain,same_path,no,tricot/A N D/01 Noradrenaline.m4a,Noradrenaline,tricot,tricot,A N D,243.920,4304310,NP4VCmzwGsk,NP4VCmzwGsk,5kmoIwORpT285fyBhdHvR8,7e550c20-aae4-48d7-95f7-7857ec84725c,tricot/A N D/01 Noradrenaline.m4a,Noradrenaline,tricot,tricot,A N D,243.941,NP4VCmzwGsk,NP4VCmzwGsk,5kmoIwORpT285fyBhdHvR8,7e550c20-aae4-48d7-95f7-7857ec84725c
present_same_path,certain,same_path,no,tricot/A N D/10 CBG.m4a,CBG,tricot,tricot,A N D,192.267,3424083,4fr-P7tUT8Q,4fr-P7tUT8Q,2asLm76AgL3wRapBOcxqf1,7b24a43a-8e21-4fc8-8ccd-65cd367424f8,tricot/A N D/10 CBG.m4a,CBG,tricot,tricot,A N D,192.288,4fr-P7tUT8Q,4fr-P7tUT8Q,2asLm76AgL3wRapBOcxqf1,7b24a43a-8e21-4fc8-8ccd-65cd367424f8
present_same_path,certain,same_path,yes,tricot/A N D/03 E.m4a,E,tricot,tricot,A N D,239.294,3903864,uvMyCFAVIqs,Rrsp2pADdTQ,6jO5Hf088cAcKw4dYVk8Qw,76e9c0b4-705d-4c8d-8360-9560c7eca6fb,tricot/A N D/03 E.m4a,E,tricot,tricot,A N D,239.315,uvMyCFAVIqs,Rrsp2pADdTQ,6jO5Hf088cAcKw4dYVk8Qw,76e9c0b4-705d-4c8d-8360-9560c7eca6fb
present_same_path,certain,same_path,no,tricot/A N D/04 色の無い水槽 - Colorless Aquarium.m4a,色の無い水槽 - Colorless Aquarium,tricot,tricot,A N D,175.600,3211734,X5ljmlQ76hY,X5ljmlQ76hY,,4be68e3b-413a-43f8-a74f-9bc973ff59a0,tricot/A N D/04 色の無い水槽 - Colorless Aquarium.m4a,色の無い水槽 - Colorless Aquarium,tricot,tricot,A N D,175.621,X5ljmlQ76hY,X5ljmlQ76hY,,4be68e3b-413a-43f8-a74f-9bc973ff59a0
present_same_path,certain,same_path,no,tricot/T H E/10 タラッタラッタ - Tarattaratta.m4a,タラッタラッタ - Tarattaratta,tricot,tricot,T H E,293.214,4957845,UtYe13PrPyM,UtYe13PrPyM,5vxvGloL8a45hF0Y1iZl2I,b093d630-516a-445b-9f84-1ab215a46a62,tricot/T H E/10 タラッタラッタ - Tarattaratta.m4a,タラッタラッタ - Tarattaratta,tricot,tricot,T H E,293.235,UtYe13PrPyM,UtYe13PrPyM,5vxvGloL8a45hF0Y1iZl2I,b093d630-516a-445b-9f84-1ab215a46a62
present_same_path,certain,same_path,yes,tricot/T H E/04 おもてなし - Omotenashi.m4a,おもてなし - Omotenashi,tricot,tricot,T H E,210.257,3516593,8RnoV1XZRFw,8RnoV1XZRFw,1ltBCWKsPWh0IfnJ9lQGnV,,tricot/T H E/04 おもてなし - Omotenashi.m4a,おもてなし - Omotenashi,tricot,tricot,T H E,210.278,8RnoV1XZRFw,8RnoV1XZRFw,1ltBCWKsPWh0IfnJ9lQGnV,
present_same_path,certain,same_path,yes,tricot/T H E/13 おやすみ - Oyasumi.m4a,おやすみ - Oyasumi,tricot,tricot,T H E,211.755,3614888,h2ydFHebKgQ,h2ydFHebKgQ,5I69tId73dLeUUvj6G9rYL,,tricot/T H E/13 おやすみ - Oyasumi.m4a,おやすみ - Oyasumi,tricot,tricot,T H E,211.776,h2ydFHebKgQ,h2ydFHebKgQ,5I69tId73dLeUUvj6G9rYL,
present_same_path,certain,same_path,no,tricot/T H E/05 Artsick.m4a,Artsick,tricot,tricot,T H E,302.440,5085258,G9xfiwX803U,G9xfiwX803U,7Jzw6ZqrFefr5KlrQzgGJr,421a6e4c-c57e-4791-a508-caff1758089f,tricot/T H E/05 Artsick.m4a,Artsick,tricot,tricot,T H E,302.461,G9xfiwX803U,G9xfiwX803U,7Jzw6ZqrFefr5KlrQzgGJr,421a6e4c-c57e-4791-a508-caff1758089f
present_same_path,certain,same_path,no,tricot/T H E/07 おちゃんせんすぅす - Ochansensu-Su.m4a,おちゃんせんすぅす - Ochansensu-Su,tricot,tricot,T H E,196.755,3089514,d6rxGmvQPLU,TAoSGHV98gM,7qk95J6D6Of8r64vUIDto9,d333c1c3-09ed-4a50-88f6-d6888d873670,tricot/T H E/07 おちゃんせんすぅす - Ochansensu-Su.m4a,おちゃんせんすぅす - Ochansensu-Su,tricot,tricot,T H E,196.776,d6rxGmvQPLU,TAoSGHV98gM,7qk95J6D6Of8r64vUIDto9,d333c1c3-09ed-4a50-88f6-d6888d873670
present_same_path,certain,same_path,yes,tricot/T H E/09 99.974℃.m4a,99.974℃,tricot,tricot,99.974,274.948,4544019,1zez30Rj82g,GA-2qZIKoDQ,1bhmtYR8dE9XtRAJzQwbZe,170e4919-d04d-4cd1-baae-6c112eb94032,tricot/T H E/09 99.974℃.m4a,99.974℃,tricot,tricot,T H E,274.969,1zez30Rj82g,1zez30Rj82g,1bhmtYR8dE9XtRAJzQwbZe,
present_same_path,certain,same_path,no,tricot/T H E/06 C&C.m4a,C&C,tricot,tricot,T H E,188.040,3244894,cNe4Za-amBk,cNe4Za-amBk,5b3L1LA18fP8D97d7WjreA,922d8768-267f-4633-a7a8-bf250d1d2722,tricot/T H E/06 C&C.m4a,C&C,tricot,tricot,T H E,188.061,cNe4Za-amBk,cNe4Za-amBk,5b3L1LA18fP8D97d7WjreA,922d8768-267f-4633-a7a8-bf250d1d2722
present_same_path,certain,same_path,no,tricot/T H E/12 Swimmer.m4a,Swimmer,tricot,tricot,T H E,267.547,4542619,TD6GtNmap84,TD6GtNmap84,1NWtbuB1HwYuLu4ANqxG0M,46126cd6-a84f-4731-97a2-128648bbc360,tricot/T H E/12 Swimmer.m4a,Swimmer,tricot,tricot,T H E,267.568,TD6GtNmap84,TD6GtNmap84,1NWtbuB1HwYuLu4ANqxG0M,46126cd6-a84f-4731-97a2-128648bbc360
present_same_path,certain,same_path,no,tricot/T H E/01 Pool Side.m4a,Pool Side,tricot,tricot,T H E,61.760,1178741,x9RqPy5bH7U,x9RqPy5bH7U,1bQu3S9Au6lY3RQ9TbxL3R,39a3e00c-5605-43c2-b6f7-e60ace1e0b15,tricot/T H E/01 Pool Side.m4a,Pool Side,tricot,tricot,T H E,61.781,x9RqPy5bH7U,x9RqPy5bH7U,1bQu3S9Au6lY3RQ9TbxL3R,39a3e00c-5605-43c2-b6f7-e60ace1e0b15
present_same_path,certain,same_path,no,tricot/T H E/08 初耳 - Hatsumimi.m4a,初耳 - Hatsumimi,tricot,tricot,T H E,238.054,4072838,lqql6pVgIzU,lqql6pVgIzU,1jCS7yVL3BO6XqSIfXQ3MT,bce4b7ec-b630-4c5f-bd30-e60b822cc89e,tricot/T H E/08 初耳 - Hatsumimi.m4a,初耳 - Hatsumimi,tricot,tricot,T H E,238.075,lqql6pVgIzU,lqql6pVgIzU,1jCS7yVL3BO6XqSIfXQ3MT,bce4b7ec-b630-4c5f-bd30-e60b822cc89e
present_same_path,certain,same_path,no,tricot/T H E/02 Pool.m4a,Pool,tricot,tricot,T H E,261.910,4339757,TZjTXh_zaXc,oxCe5Nx9XBk,6qL7sccU4FQS6zUgKCzNu6,b2e2b4ad-c35f-4898-a346-4ba31148a4f3,tricot/T H E/02 Pool.m4a,Pool,tricot,tricot,T H E,261.931,TZjTXh_zaXc,oxCe5Nx9XBk,6qL7sccU4FQS6zUgKCzNu6,b2e2b4ad-c35f-4898-a346-4ba31148a4f3
present_same_path,certain,same_path,no,tricot/T H E/11 CGPP.m4a,CGPP,tricot,tricot,T H E,226.134,3852003,YnzCirJIfrI,YnzCirJIfrI,1KyaOlvdJopOUx0NHWIhic,00da4e8c-0780-46f1-8002-84a74d032275,tricot/T H E/11 CGPP.m4a,CGPP,tricot,tricot,T H E,226.155,YnzCirJIfrI,YnzCirJIfrI,1KyaOlvdJopOUx0NHWIhic,00da4e8c-0780-46f1-8002-84a74d032275
present_same_path,certain,same_path,yes,tricot/Omae/01 おまえ - Omae.m4a,おまえ - Omae,tricot,tricot,Omae,163.403,2932587,q2hZ0spqsi4,q2hZ0spqsi4,2a5sX1m7bWq4SHL8AvbAi2,1ec7a88e-9a64-4b33-a79c-9c9f2dce2a7d,tricot/Omae/01 おまえ - Omae.m4a,おまえ - Omae,tricot,tricot,Omae,163.424,q2hZ0spqsi4,q2hZ0spqsi4,2a5sX1m7bWq4SHL8AvbAi2,1ec7a88e-9a64-4b33-a79c-9c9f2dce2a7d
present_same_path,certain,same_path,yes,tricot/KAYOKO/02 カヨコ - Instrumental - KAYOKO - Instrumental.m4a,カヨコ - Instrumental - KAYOKO - Instrumental,tricot,tricot,KAYOKO,248.640,4261668,3fX9ETUy4OE,aaUIG1tetfc,6ST1C3wNvhua8G4GbZC7f5,4e52eeb4-5918-4b23-8acd-dbde0a5023d2,tricot/KAYOKO/02 カヨコ - Instrumental - KAYOKO - Instrumental.m4a,カヨコ - Instrumental - KAYOKO - Instrumental,tricot,tricot,KAYOKO,248.661,3fX9ETUy4OE,aaUIG1tetfc,6ST1C3wNvhua8G4GbZC7f5,4e52eeb4-5918-4b23-8acd-dbde0a5023d2
present_same_path,certain,same_path,yes,tricot/Fudeki/10 アクアリウム - Aquarium.m4a,アクアリウム - Aquarium,tricot,tricot,Aquarium,241.952,3962147,FiQUee5NYr4,sLoG0o0Kc_w,0tU3Q2nmXeRthdgMSa8W0U,8ceaca91-a5b2-4771-a56a-952d680ec78d,tricot/Fudeki/10 アクアリウム - Aquarium.m4a,アクアリウム - Aquarium,tricot,tricot,Fudeki,241.973,FiQUee5NYr4,FiQUee5NYr4,0tU3Q2nmXeRthdgMSa8W0U,
present_same_path,certain,same_path,no,tricot/Fudeki/14 ＃アチョイ - Instrumental - #Achoi - Instrumental.m4a,＃アチョイ - Instrumental - #Achoi - Instrumental,tricot,tricot,Fudeki,213.055,3669972,uJTcuhjTuu8,bEB8SEnzDrw,03dVX9GKHBfgxXU74YONPf,51fb5e2a-5276-430b-af48-fa18808de42a,tricot/Fudeki/14 ＃アチョイ - Instrumental - #Achoi - Instrumental.m4a,＃アチョイ - Instrumental - #Achoi - Instrumental,tricot,tricot,Fudeki,213.076,uJTcuhjTuu8,bEB8SEnzDrw,03dVX9GKHBfgxXU74YONPf,51fb5e2a-5276-430b-af48-fa18808de42a
present_same_path,certain,same_path,no,tricot/Fudeki/12 上出来 ～不出来Remix～ - Jodeki ~Fudeki Remix~.m4a,上出来 ～不出来Remix～ - Jodeki ~Fudeki Remix~,tricot / in the blue shirt,tricot,Fudeki,181.134,3390935,FP3IAdruqI0,FP3IAdruqI0,1uZUWJJ6pnEu5jkqyRsADd,,tricot/Fudeki/12 上出来 ～不出来Remix～ - Jodeki ~Fudeki Remix~.m4a,上出来 ～不出来Remix～ - Jodeki ~Fudeki Remix~,tricot / in the blue shirt,tricot,Fudeki,181.155,FP3IAdruqI0,FP3IAdruqI0,1uZUWJJ6pnEu5jkqyRsADd,
present_same_path,certain,same_path,yes,tricot/Fudeki/08 鯨 - KUJIRA.m4a,鯨 - KUJIRA,tricot,tricot,Fudeki,264.307,4732171,TP8FlXT_NK8,TP8FlXT_NK8,5NIdRclVzdZyUyDGiCJMKl,d4795a6c-6440-4a55-8a20-dcc71b868be7,tricot/Fudeki/08 鯨 - KUJIRA.m4a,鯨 - KUJIRA,tricot,tricot,Fudeki,264.328,TP8FlXT_NK8,TP8FlXT_NK8,5NIdRclVzdZyUyDGiCJMKl,d4795a6c-6440-4a55-8a20-dcc71b868be7
present_same_path,certain,same_path,no,tricot/Fudeki/24 上出来 ～不出来Remix～ - Instrumental - Jodeki ~Fudeki Remix~ - Instrumental.m4a,上出来 ～不出来Remix～ - Instrumental - Jodeki ~Fudeki Remix~ - Instrumental,tricot / in the blue shirt,tricot,Fudeki,180.520,3408688,UT3oYi4E7ZQ,UT3oYi4E7ZQ,6LQYDNymvF6t3KXjhDOxKT,,tricot/Fudeki/24 上出来 ～不出来Remix～ - Instrumental - Jodeki ~Fudeki Remix~ - Instrumental.m4a,上出来 ～不出来Remix～ - Instrumental - Jodeki ~Fudeki Remix~ - Instrumental,tricot / in the blue shirt,tricot,Fudeki,180.541,UT3oYi4E7ZQ,UT3oYi4E7ZQ,6LQYDNymvF6t3KXjhDOxKT,
present_same_path,certain,same_path,yes,tricot/Fudeki/16 冗談検定 - Instrumental - Jodan kentei - Instrumental.m4a,冗談検定 - Instrumental - Jodan kentei - Instrumental,tricot,tricot,Fudeki,184.520,3460275,gdtagwgdtvA,gdtagwgdtvA,7iUfFWdiY3Ucx5p83IBgkp,6a2c57db-a657-45fd-ba5f-e92d3de463d2,tricot/Fudeki/16 冗談検定 - Instrumental - Jodan kentei - Instrumental.m4a,冗談検定 - Instrumental - Jodan kentei - Instrumental,tricot,tricot,Fudeki,184.541,gdtagwgdtvA,gdtagwgdtvA,7iUfFWdiY3Ucx5p83IBgkp,6a2c57db-a657-45fd-ba5f-e92d3de463d2
present_same_path,certain,same_path,no,tricot/Fudeki/18 エンドロールに間に合うように - Instrumental - End roll - Instrumental.m4a,エンドロールに間に合うように - Instrumental - End roll - Instrumental,tricot,tricot,Fudeki,190.485,3422588,JCm99M7FtFE,wh0z37oqqeg,4kd8KdLV5UoNDiq42Arbhj,fad1e100-f288-4533-837b-bbde74b9c6d4,tricot/Fudeki/18 エンドロールに間に合うように - Instrumental - End roll - Instrumental.m4a,エンドロールに間に合うように - Instrumental - End roll - Instrumental,tricot,tricot,Fudeki,190.506,JCm99M7FtFE,wh0z37oqqeg,4kd8KdLV5UoNDiq42Arbhj,fad1e100-f288-4533-837b-bbde74b9c6d4
present_same_path,certain,same_path,no,tricot/Fudeki/05 crumb.m4a,crumb,tricot,tricot,Fudeki,212.640,3888498,RpLbopMxLBs,RpLbopMxLBs,4B0ApqtIb5wmMdHQzf0Qio,928ddecb-91fc-480c-86eb-9b00e4228e54,tricot/Fudeki/05 crumb.m4a,crumb,tricot,tricot,Fudeki,212.661,RpLbopMxLBs,RpLbopMxLBs,4B0ApqtIb5wmMdHQzf0Qio,928ddecb-91fc-480c-86eb-9b00e4228e54
present_same_path,certain,same_path,yes,tricot/Fudeki/23 不出来 - Instrumental - Fudeki - Instrumental.m4a,不出来 - Instrumental - Fudeki - Instrumental,tricot,tricot,Fudeki,415.507,7182824,Ygmt5_CTfIg,Ygmt5_CTfIg,0T8u1sdVzkrpJGp38UAzl1,4cca7449-28c2-488d-ba42-f2559478abbb,tricot/Fudeki/23 不出来 - Instrumental - Fudeki - Instrumental.m4a,不出来 - Instrumental - Fudeki - Instrumental,tricot,tricot,Fudeki,415.528,Ygmt5_CTfIg,Ygmt5_CTfIg,0T8u1sdVzkrpJGp38UAzl1,4cca7449-28c2-488d-ba42-f2559478abbb
present_same_path,certain,same_path,yes,tricot/Fudeki/20 鯨 - Instrumental - KUJIRA - Instrumental.m4a,鯨 - Instrumental - KUJIRA - Instrumental,tricot,tricot,Fudeki,264.307,4757968,lqQrwsZ-1lE,lqQrwsZ-1lE,2Heky3UDEVeqf4ODhsaB64,d4795a6c-6440-4a55-8a20-dcc71b868be7,tricot/Fudeki/20 鯨 - Instrumental - KUJIRA - Instrumental.m4a,鯨 - Instrumental - KUJIRA - Instrumental,tricot,tricot,Fudeki,264.328,lqQrwsZ-1lE,lqQrwsZ-1lE,2Heky3UDEVeqf4ODhsaB64,d4795a6c-6440-4a55-8a20-dcc71b868be7
present_same_path,certain,same_path,no,tricot/Fudeki/03 OOOL.m4a,OOOL,tricot,tricot,Fudeki,170.427,3217205,KpIowvsl1c4,KpIowvsl1c4,2arJZv4CydnylAMxooC4Yo,bd89a8a9-4216-47fe-acdb-a0ddcc273ad2,tricot/Fudeki/03 OOOL.m4a,OOOL,tricot,tricot,Fudeki,170.448,KpIowvsl1c4,KpIowvsl1c4,2arJZv4CydnylAMxooC4Yo,bd89a8a9-4216-47fe-acdb-a0ddcc273ad2
present_same_path,certain,same_path,yes,tricot/Fudeki/04 冗談検定 - Jodan kentei.m4a,冗談検定 - Jodan kentei,tricot,tricot,Fudeki,184.520,3451932,afGlRROiNbA,afGlRROiNbA,,6a2c57db-a657-45fd-ba5f-e92d3de463d2,tricot/Fudeki/04 冗談検定 - Jodan kentei.m4a,冗談検定 - Jodan kentei,tricot,tricot,Fudeki,184.541,afGlRROiNbA,afGlRROiNbA,,6a2c57db-a657-45fd-ba5f-e92d3de463d2
present_same_path,certain,same_path,no,tricot/Fudeki/15 OOOL - Instrumental.m4a,OOOL - Instrumental,tricot,tricot,Fudeki,170.427,3238961,r8Uty24uv4o,r8Uty24uv4o,4itif4VnlsR0ROnZ5b1Jfs,f1d8a47e-8e1b-4028-afa8-36af5f544e45,tricot/Fudeki/15 OOOL - Instrumental.m4a,OOOL - Instrumental,tricot,tricot,Fudeki,170.448,r8Uty24uv4o,r8Uty24uv4o,4itif4VnlsR0ROnZ5b1Jfs,f1d8a47e-8e1b-4028-afa8-36af5f544e45
present_same_path,certain,same_path,yes,tricot/Fudeki/21 ステンノー - Instrumental - Sthenno - Instrumental.m4a,ステンノー - Instrumental - Sthenno - Instrumental,tricot,tricot,Fudeki,247.387,4480411,8oq-YOG6ASI,8oq-YOG6ASI,25kSYZD3eEWd6rHNi3D8oY,67ab0901-d8c2-4345-8638-d8c5e4ceba08,tricot/Fudeki/21 ステンノー - Instrumental - Sthenno - Instrumental.m4a,ステンノー - Instrumental - Sthenno - Instrumental,tricot,tricot,Fudeki,247.408,8oq-YOG6ASI,8oq-YOG6ASI,25kSYZD3eEWd6rHNi3D8oY,67ab0901-d8c2-4345-8638-d8c5e4ceba08
present_same_path,certain,same_path,yes,tricot/Fudeki/22 アクアリウム - Instrumental - Aquarium - Instrumental.m4a,アクアリウム - Instrumental - Aquarium - Instrumental,tricot,tricot,Fudeki,221.240,4017689,e9IvgR25_rE,e9IvgR25_rE,1AYWz5VhHyfMPsbkYTZ8yi,8ceaca91-a5b2-4771-a56a-952d680ec78d,tricot/Fudeki/22 アクアリウム - Instrumental - Aquarium - Instrumental.m4a,アクアリウム - Instrumental - Aquarium - Instrumental,tricot,tricot,Fudeki,221.261,e9IvgR25_rE,e9IvgR25_rE,1AYWz5VhHyfMPsbkYTZ8yi,8ceaca91-a5b2-4771-a56a-952d680ec78d
present_same_path,certain,same_path,no,tricot/Fudeki/17 crumb - Instrumental.m4a,crumb - Instrumental,tricot,tricot,Fudeki,213.014,3899213,VSEl6mNqODY,VSEl6mNqODY,1d7feFDcRXiRfiMWobErTe,f4c7f8e9-e9e5-42b7-b97f-ab1eeb6f6bf8,tricot/Fudeki/17 crumb - Instrumental.m4a,crumb - Instrumental,tricot,tricot,Fudeki,213.035,VSEl6mNqODY,VSEl6mNqODY,1d7feFDcRXiRfiMWobErTe,f4c7f8e9-e9e5-42b7-b97f-ab1eeb6f6bf8
present_same_path,certain,same_path,yes,tricot/Fudeki/11 不出来 - Fudeki.m4a,不出来 - Fudeki,tricot,tricot,Fudeki,414.894,7164957,MQcNWsXgDak,MQcNWsXgDak,0haDmdO58VkARsXA47mXJc,4cca7449-28c2-488d-ba42-f2559478abbb,tricot/Fudeki/11 不出来 - Fudeki.m4a,不出来 - Fudeki,tricot,tricot,Fudeki,414.915,MQcNWsXgDak,MQcNWsXgDak,0haDmdO58VkARsXA47mXJc,4cca7449-28c2-488d-ba42-f2559478abbb
present_same_path,certain,same_path,yes,tricot/Fudeki/09 ステンノー - Sthenno.m4a,ステンノー - Sthenno,tricot,tricot,Fudeki,247.387,4466482,EOs6ubv3dnU,EOs6ubv3dnU,3M7IfXvOnZoFTXqjHiFUEg,67ab0901-d8c2-4345-8638-d8c5e4ceba08,tricot/Fudeki/09 ステンノー - Sthenno.m4a,ステンノー - Sthenno,tricot,tricot,Fudeki,247.408,EOs6ubv3dnU,EOs6ubv3dnU,3M7IfXvOnZoFTXqjHiFUEg,67ab0901-d8c2-4345-8638-d8c5e4ceba08
present_same_path,certain,same_path,yes,tricot/Oyasumi/01 おやすみ - Oyasumi.m4a,おやすみ - Oyasumi,tricot,tricot,Oyasumi,211.755,3617073,h2ydFHebKgQ,BOiVcOaci2o,5I69tId73dLeUUvj6G9rYL,d547f440-0be8-4bc2-8ef4-83b881e8d977,tricot/Oyasumi/01 おやすみ - Oyasumi.m4a,おやすみ - Oyasumi,tricot,tricot,Oyasumi,211.776,h2ydFHebKgQ,BOiVcOaci2o,5I69tId73dLeUUvj6G9rYL,d547f440-0be8-4bc2-8ef4-83b881e8d977
present_same_path,certain,same_path,no,tricot/potage/01 potage.m4a,potage,tricot,tricot,potage,254.272,4224553,-rZWdolJfgk,X217TdX27fk,6n9AvpTLSNunpIr2Gr2AXa,bfbd5f06-2655-4e48-b2c1-b7e107272713,tricot/potage/01 potage.m4a,potage,tricot,tricot,potage,254.293,-rZWdolJfgk,X217TdX27fk,6n9AvpTLSNunpIr2Gr2AXa,bfbd5f06-2655-4e48-b2c1-b7e107272713
present_same_path,certain,same_path,no,tricot/Summer Night Town/01 サマーナイトタウン - Summer Night Town.m4a,サマーナイトタウン - Summer Night Town,tricot,tricot,Summer Night Town,264.360,4298392,FkqIegC3tPE,KX9Aboe7Jvs,,55c1b50a-0688-4461-b518-a29866011e13,tricot/Summer Night Town/01 サマーナイトタウン - Summer Night Town.m4a,サマーナイトタウン - Summer Night Town,tricot,tricot,Summer Night Town,264.381,FkqIegC3tPE,KX9Aboe7Jvs,,55c1b50a-0688-4461-b518-a29866011e13
present_same_path,certain,same_path,yes,tricot/INAI/01 いない - INAI.m4a,いない - INAI,tricot,tricot,INAI,220.938,4018236,VBTIpDeBQcg,qdsPUMAQQsU,2jKfbtEGkPJWsnhoEOkmTI,b10ce5a4-1362-421c-8762-1d574f7063dd,tricot/INAI/01 いない - INAI.m4a,いない - INAI,tricot,tricot,INAI,220.959,VBTIpDeBQcg,qdsPUMAQQsU,2jKfbtEGkPJWsnhoEOkmTI,b10ce5a4-1362-421c-8762-1d574f7063dd
present_same_path,certain,same_path,no,tricot/Bacyuun Ep/01 3.14.m4a,3.14,tricot,tricot,Bacyuun Ep,79.160,1577284,-HLfQkWWNqA,-HLfQkWWNqA,3Z3tASUjapf9nFRhO9QJm5,b6f774fa-d904-41d0-9f85-c10b2551f9e8,tricot/Bacyuun Ep/01 3.14.m4a,3.14,tricot,tricot,Bacyuun Ep,79.181,-HLfQkWWNqA,-HLfQkWWNqA,3Z3tASUjapf9nFRhO9QJm5,b6f774fa-d904-41d0-9f85-c10b2551f9e8
present_same_path,certain,same_path,yes,tricot/Bacyuun Ep/02 おもてなし - Omotenashi.m4a,おもてなし - Omotenashi,tricot,tricot,Bacyuun Ep,210.257,3667944,8RnoV1XZRFw,aK-bNcJfuvg,1ltBCWKsPWh0IfnJ9lQGnV,19d95a03-451d-4592-91c3-1a1d6be381cf,tricot/Bacyuun Ep/02 おもてなし - Omotenashi.m4a,おもてなし - Omotenashi,tricot,tricot,Bacyuun Ep,210.278,8RnoV1XZRFw,aK-bNcJfuvg,1ltBCWKsPWh0IfnJ9lQGnV,19d95a03-451d-4592-91c3-1a1d6be381cf
present_same_path,certain,same_path,no,tricot/Bacyuun Ep/03 テレキネシス - Telekinesis.m4a,テレキネシス - Telekinesis,tricot,tricot,Bacyuun Ep,286.840,4975722,M1dop4WP1IY,M1dop4WP1IY,0J1qmWpcLZ22b903dhPMqg,557f2e40-e6c0-499a-b21f-d66b29116b7c,tricot/Bacyuun Ep/03 テレキネシス - Telekinesis.m4a,テレキネシス - Telekinesis,tricot,tricot,Bacyuun Ep,286.861,M1dop4WP1IY,M1dop4WP1IY,0J1qmWpcLZ22b903dhPMqg,557f2e40-e6c0-499a-b21f-d66b29116b7c
present_same_path,certain,same_path,no,tricot/あふれる/01 あふれる - afureru.m4a,あふれる - afureru,tricot,tricot,あふれる,256.512,4189783,k2T8jcSOOm4,xzNPhlx4i6o,1DKv7Hq1hGJab5phHG3MKq,de01dba0-74bc-4535-9f0b-8e5ecdeffc12,tricot/あふれる/01 あふれる - afureru.m4a,あふれる - afureru,tricot,tricot,あふれる,256.533,k2T8jcSOOm4,xzNPhlx4i6o,1DKv7Hq1hGJab5phHG3MKq,de01dba0-74bc-4535-9f0b-8e5ecdeffc12
present_same_path,certain,same_path,no,tricot/あふれる/03 あふれる Instrumental - afureru Instrumental.m4a,あふれる Instrumental - afureru Instrumental,tricot,tricot,あふれる,233.267,4144185,eXZMfKaJ6S8,eXZMfKaJ6S8,3921mssoODmTXfYZr2nmlF,6dc18d6e-6b44-45e9-83ba-6dd63d057850,tricot/あふれる/03 あふれる Instrumental - afureru Instrumental.m4a,あふれる Instrumental - afureru Instrumental,tricot,tricot,あふれる,233.288,eXZMfKaJ6S8,eXZMfKaJ6S8,3921mssoODmTXfYZr2nmlF,6dc18d6e-6b44-45e9-83ba-6dd63d057850
present_same_path,certain,same_path,no,tricot/あふれる/02 なか - naka.m4a,なか - naka,tricot,tricot,あふれる,270.120,4761119,pBXGgOXFUSs,pBXGgOXFUSs,3nRGYvfFMi3tbMfzabKgs0,46226ccc-aac0-49ff-8753-5e5d072f1d79,tricot/あふれる/02 なか - naka.m4a,なか - naka,tricot,tricot,あふれる,270.141,pBXGgOXFUSs,pBXGgOXFUSs,3nRGYvfFMi3tbMfzabKgs0,46226ccc-aac0-49ff-8753-5e5d072f1d79
present_same_path,certain,same_path,no,tricot/10/10 體 - Karada.m4a,體 - Karada,tricot,tricot,10,201.614,3522314,mHW2PsQ7U0Q,mHW2PsQ7U0Q,197ZK74TRi5hvdB4nwXTtw,8843dd2b-a1a8-4e6b-8b30-2417d45ea89f,tricot/10/10 體 - Karada.m4a,體 - Karada,tricot,tricot,10,201.635,mHW2PsQ7U0Q,mHW2PsQ7U0Q,197ZK74TRi5hvdB4nwXTtw,8843dd2b-a1a8-4e6b-8b30-2417d45ea89f
present_same_path,certain,same_path,no,tricot/10/05 炒飯 - Fried Rice.m4a,炒飯 - Fried Rice,tricot,tricot,10,238.294,4133308,yOkDiQxO1EY,yOkDiQxO1EY,,fb011525-9fe6-4202-8f97-b57b4bc9f260,tricot/10/05 炒飯 - Fried Rice.m4a,炒飯 - Fried Rice,tricot,tricot,10,238.315,yOkDiQxO1EY,yOkDiQxO1EY,,fb011525-9fe6-4202-8f97-b57b4bc9f260
present_same_path,certain,same_path,no,tricot/10/07 悪戯 - Itazura.m4a,悪戯 - Itazura,tricot,tricot,10,264.320,4389755,3Yl_KNJGWN4,y-asDwVIMzY,0pBsq2bnd0SHuxP9y6Lk07,dfcf329e-442d-4e0f-a86b-fedcf973e7f4,tricot/10/07 悪戯 - Itazura.m4a,悪戯 - Itazura,tricot,tricot,10,264.341,3Yl_KNJGWN4,y-asDwVIMzY,0pBsq2bnd0SHuxP9y6Lk07,dfcf329e-442d-4e0f-a86b-fedcf973e7f4
present_same_path,certain,same_path,yes,tricot/10/03 WARP.m4a,WARP,tricot,tricot,10,204.267,3575026,74G18R-SwEQ,74G18R-SwEQ,58mW6QlUGVLJgYH4pvGjsT,a8fa8dcf-efa8-4a30-be29-a9b81094cced,tricot/10/03 WARP.m4a,WARP,tricot,tricot,10,204.288,74G18R-SwEQ,74G18R-SwEQ,58mW6QlUGVLJgYH4pvGjsT,a8fa8dcf-efa8-4a30-be29-a9b81094cced
present_same_path,certain,same_path,no,tricot/10/09 Laststep.m4a,Laststep,tricot,tricot,10,282.894,4835304,DbzC-O01H1c,DbzC-O01H1c,6HCPtsC2lAtx2XTK2rQ08b,d7490995-1002-4b45-88c0-cb020d457667,tricot/10/09 Laststep.m4a,Laststep,tricot,tricot,10,282.915,DbzC-O01H1c,DbzC-O01H1c,6HCPtsC2lAtx2XTK2rQ08b,d7490995-1002-4b45-88c0-cb020d457667
present_same_path,certain,same_path,yes,tricot/10/01 おまえ - Omae.m4a,おまえ - Omae,tricot,tricot,10,164.480,2896103,7lAcI0nmYYk,7lAcI0nmYYk,2a5sX1m7bWq4SHL8AvbAi2,,tricot/10/01 おまえ - Omae.m4a,おまえ - Omae,tricot,tricot,10,164.501,7lAcI0nmYYk,7lAcI0nmYYk,2a5sX1m7bWq4SHL8AvbAi2,
present_same_path,certain,same_path,no,tricot/10/04 箱 - Hako.m4a,箱 - Hako,tricot,tricot,10,220.174,3852732,9xwHNjz-gmA,9xwHNjz-gmA,6pejMCOHAW0fWsHCxTOYk1,,tricot/10/04 箱 - Hako.m4a,箱 - Hako,tricot,tricot,10,220.195,9xwHNjz-gmA,9xwHNjz-gmA,6pejMCOHAW0fWsHCxTOYk1,
present_same_path,certain,same_path,no,tricot/10/08 幽霊船 - Yureisen.m4a,幽霊船 - Yureisen,tricot,tricot,10,245.614,4243949,ASUoyUGmMGA,ASUoyUGmMGA,0Egab7AXJTCrEAFiBBgCSN,4ea395c4-4d0d-46a8-958a-e1ccca49f120,tricot/10/08 幽霊船 - Yureisen.m4a,幽霊船 - Yureisen,tricot,tricot,10,245.635,ASUoyUGmMGA,ASUoyUGmMGA,0Egab7AXJTCrEAFiBBgCSN,4ea395c4-4d0d-46a8-958a-e1ccca49f120
present_same_path,certain,same_path,yes,tricot/Dogs and Ducks/01 Dogs and Ducks.m4a,Dogs and Ducks,tricot,tricot,Dogs and Ducks,171.392,2947958,L6yt7_NFAuM,xuFNkL12h8I,3Xmkf8BENKXeHv38sUfUa6,a461f96d-95df-4219-b852-b7920774bbfd,tricot/Dogs and Ducks/01 Dogs and Ducks.m4a,Dogs and Ducks,tricot,tricot,Dogs and Ducks,171.413,L6yt7_NFAuM,xuFNkL12h8I,3Xmkf8BENKXeHv38sUfUa6,a461f96d-95df-4219-b852-b7920774bbfd
present_same_path,certain,same_path,yes,tricot/Jodeki/10 夜の魔物 - Night monster.m4a,夜の魔物 - Night monster,tricot,tricot,Jodeki,331.294,5723442,Vf_Qzqzw7tA,Vf_Qzqzw7tA,,59292ec7-a0a3-48c4-b88f-9430bfb63214,tricot/Jodeki/10 夜の魔物 - Night monster.m4a,夜の魔物 - Night monster,tricot,tricot,Jodeki,331.315,Vf_Qzqzw7tA,Vf_Qzqzw7tA,,59292ec7-a0a3-48c4-b88f-9430bfb63214
present_same_path,certain,same_path,no,tricot/Jodeki/18 餌にもなれない - Instrumental - WALKING - Instrumental.m4a,餌にもなれない - Instrumental - WALKING - Instrumental,tricot,tricot,Jodeki,245.000,4307005,LJBCqHkrZDU,LJBCqHkrZDU,18CldvbtfcdmINgQ3E0y5J,,tricot/Jodeki/18 餌にもなれない - Instrumental - WALKING - Instrumental.m4a,餌にもなれない - Instrumental - WALKING - Instrumental,tricot,tricot,Jodeki,245.021,LJBCqHkrZDU,LJBCqHkrZDU,18CldvbtfcdmINgQ3E0y5J,
present_same_path,certain,same_path,yes,tricot/Jodeki/09 いつも - Itsumo.m4a,いつも - Itsumo,tricot,tricot,Jodeki,255.360,4475964,9wNWvpyLOm8,9wNWvpyLOm8,5eEHrPavSDrJ3uXFzhNCGt,1e208630-2472-440e-97cc-213f91199b34,tricot/Jodeki/09 いつも - Itsumo.m4a,いつも - Itsumo,tricot,tricot,Jodeki,255.381,9wNWvpyLOm8,9wNWvpyLOm8,5eEHrPavSDrJ3uXFzhNCGt,1e208630-2472-440e-97cc-213f91199b34
present_same_path,certain,same_path,yes,tricot/Jodeki/06 餌にもなれない - WALKING.m4a,餌にもなれない - WALKING,tricot,tricot,Jodeki,245.014,4298152,kQr9anzVJgs,kQr9anzVJgs,2zTXcNQVV9tS3ux8zOILlM,a98b3c72-b649-4dcf-9cff-9eb8e38d3ef8,tricot/Jodeki/06 餌にもなれない - WALKING.m4a,餌にもなれない - WALKING,tricot,tricot,Jodeki,245.035,kQr9anzVJgs,kQr9anzVJgs,2zTXcNQVV9tS3ux8zOILlM,a98b3c72-b649-4dcf-9cff-9eb8e38d3ef8
present_same_path,certain,same_path,no,tricot/Jodeki/19 Dogs and Ducks - Instrumental.m4a,Dogs and Ducks - Instrumental,tricot,tricot,Jodeki,161.840,2970896,hQLUsWDCX-8,hQLUsWDCX-8,1r5vFNTIW29Z5lpyzGQ0HQ,6648c91a-95ee-432d-9f78-85d0e52029a5,tricot/Jodeki/19 Dogs and Ducks - Instrumental.m4a,Dogs and Ducks - Instrumental,tricot,tricot,Jodeki,161.861,hQLUsWDCX-8,hQLUsWDCX-8,1r5vFNTIW29Z5lpyzGQ0HQ,6648c91a-95ee-432d-9f78-85d0e52029a5
present_same_path,certain,same_path,no,tricot/Jodeki/24 上出来 - Instrumental - Jodeki - Instrumental.m4a,上出来 - Instrumental - Jodeki - Instrumental,tricot,tricot,Jodeki,183.067,3329419,1WlJ-w0E5OE,1WlJ-w0E5OE,1LhVcB0sOsWBKo4z7dtfnL,c1b30216-2d5f-43db-b7ef-0f6e20340ce0,tricot/Jodeki/24 上出来 - Instrumental - Jodeki - Instrumental.m4a,上出来 - Instrumental - Jodeki - Instrumental,tricot,tricot,Jodeki,183.088,1WlJ-w0E5OE,1WlJ-w0E5OE,1LhVcB0sOsWBKo4z7dtfnL,c1b30216-2d5f-43db-b7ef-0f6e20340ce0
present_same_path,certain,same_path,yes,tricot/Jodeki/07 Dogs and Ducks.m4a,Dogs and Ducks,tricot,tricot,Dogs and Ducks,171.392,2947958,L6yt7_NFAuM,xuFNkL12h8I,3Xmkf8BENKXeHv38sUfUa6,,tricot/Jodeki/07 Dogs and Ducks.m4a,Dogs and Ducks,tricot,tricot,Jodeki,171.413,L6yt7_NFAuM,L6yt7_NFAuM,3Xmkf8BENKXeHv38sUfUa6,
present_same_path,certain,same_path,yes,tricot/Jodeki/02 暴露 - BAKURO.m4a,暴露 - BAKURO,tricot,tricot,Jodeki,212.094,3765860,ATku7iMalw4,ATku7iMalw4,1HB2Q2nO5MHMHVzotjdNAo,2c818d51-cd03-4c8d-b13a-62addfb04367,tricot/Jodeki/02 暴露 - BAKURO.m4a,暴露 - BAKURO,tricot,tricot,Jodeki,212.115,ATku7iMalw4,ATku7iMalw4,1HB2Q2nO5MHMHVzotjdNAo,2c818d51-cd03-4c8d-b13a-62addfb04367
present_same_path,certain,same_path,yes,tricot/Jodeki/01 言い尽くすトークします間も無く - TALK.m4a,言い尽くすトークします間も無く - TALK,tricot,tricot,Jodeki,239.987,4233591,TogQCDoheqQ,TogQCDoheqQ,4ooL7qv9BuGgTw1Y0uRdHO,2e2ded86-a520-439b-b95a-33bc4749747f,tricot/Jodeki/01 言い尽くすトークします間も無く - TALK.m4a,言い尽くすトークします間も無く - TALK,tricot,tricot,Jodeki,240.008,TogQCDoheqQ,TogQCDoheqQ,4ooL7qv9BuGgTw1Y0uRdHO,2e2ded86-a520-439b-b95a-33bc4749747f
present_same_path,certain,same_path,yes,tricot/Jodeki/04 ティシュー - Tissue.m4a,ティシュー - Tissue,tricot,tricot,Jodeki,328.400,5680693,g2pryuCQxY8,g2pryuCQxY8,1drSpAXlOR7YzKDEhw5kR5,50545498-a067-403c-9ce9-6a6138d2250d,tricot/Jodeki/04 ティシュー - Tissue.m4a,ティシュー - Tissue,tricot,tricot,Jodeki,328.421,g2pryuCQxY8,g2pryuCQxY8,1drSpAXlOR7YzKDEhw5kR5,50545498-a067-403c-9ce9-6a6138d2250d
present_same_path,certain,same_path,yes,tricot/Jodeki/16 ティシュー - Instrumental - Tissue - Instrumental.m4a,ティシュー - Instrumental - Tissue - Instrumental,tricot,tricot,Jodeki,328.747,5712369,nJk8RYrfALo,nJk8RYrfALo,6W64VOQTc5qzJTemUQ7UCg,50545498-a067-403c-9ce9-6a6138d2250d,tricot/Jodeki/16 ティシュー - Instrumental - Tissue - Instrumental.m4a,ティシュー - Instrumental - Tissue - Instrumental,tricot,tricot,Jodeki,328.768,nJk8RYrfALo,nJk8RYrfALo,6W64VOQTc5qzJTemUQ7UCg,50545498-a067-403c-9ce9-6a6138d2250d
present_same_path,certain,same_path,yes,tricot/Jodeki/13 言い尽くすトークします間も無く - Instrumental - TALK - Instrumental.m4a,言い尽くすトークします間も無く - Instrumental - TALK - Instrumental,tricot,tricot,Jodeki,239.267,4220846,k8BBvEz6S8E,k8BBvEz6S8E,6ODE6qRyzhbELsjwTxfNLa,2e2ded86-a520-439b-b95a-33bc4749747f,tricot/Jodeki/13 言い尽くすトークします間も無く - Instrumental - TALK - Instrumental.m4a,言い尽くすトークします間も無く - Instrumental - TALK - Instrumental,tricot,tricot,Jodeki,239.288,k8BBvEz6S8E,k8BBvEz6S8E,6ODE6qRyzhbELsjwTxfNLa,2e2ded86-a520-439b-b95a-33bc4749747f
present_same_path,certain,same_path,no,tricot/Jodeki/12 上出来 - Jodeki.m4a,上出来 - Jodeki,tricot,tricot,Jodeki,183.067,3314672,6MmeGgRCS0Y,6MmeGgRCS0Y,4rhZquDmNb9mIjzga90x2p,,tricot/Jodeki/12 上出来 - Jodeki.m4a,上出来 - Jodeki,tricot,tricot,Jodeki,183.088,6MmeGgRCS0Y,6MmeGgRCS0Y,4rhZquDmNb9mIjzga90x2p,
present_same_path,certain,same_path,yes,tricot/Jodeki/17 カヨコ - Instrumental - KAYOKO - Instrumental.m4a,カヨコ - Instrumental - KAYOKO - Instrumental,tricot,tricot,Jodeki,243.400,4288720,Kp7YiQ6gkss,Kp7YiQ6gkss,0ntX2WYPd1ZQM6jFzQ0ZMT,4e52eeb4-5918-4b23-8acd-dbde0a5023d2,tricot/Jodeki/17 カヨコ - Instrumental - KAYOKO - Instrumental.m4a,カヨコ - Instrumental - KAYOKO - Instrumental,tricot,tricot,Jodeki,243.421,Kp7YiQ6gkss,Kp7YiQ6gkss,0ntX2WYPd1ZQM6jFzQ0ZMT,4e52eeb4-5918-4b23-8acd-dbde0a5023d2
present_same_path,certain,same_path,yes,tricot/Jodeki/23 ひとやすみ - Instrumental - Hitoyasumi - Instrumental.m4a,ひとやすみ - Instrumental - Hitoyasumi - Instrumental,tricot,tricot,Jodeki,211.680,3774914,vedzLyJxPgg,vedzLyJxPgg,3ZRye69gWFuxhfMtDyLNvx,66190052-3e79-4e90-b485-6b299f82f28f,tricot/Jodeki/23 ひとやすみ - Instrumental - Hitoyasumi - Instrumental.m4a,ひとやすみ - Instrumental - Hitoyasumi - Instrumental,tricot,tricot,Jodeki,211.701,vedzLyJxPgg,vedzLyJxPgg,3ZRye69gWFuxhfMtDyLNvx,66190052-3e79-4e90-b485-6b299f82f28f
present_same_path,certain,same_path,yes,tricot/Jodeki/21 いつも - Instrumental - Itsumo - Instrumental.m4a,いつも - Instrumental - Itsumo - Instrumental,tricot,tricot,Jodeki,255.360,4478479,smoVS8bRtH8,smoVS8bRtH8,1nNn4VWTywx7WbvbCOL67C,1e208630-2472-440e-97cc-213f91199b34,tricot/Jodeki/21 いつも - Instrumental - Itsumo - Instrumental.m4a,いつも - Instrumental - Itsumo - Instrumental,tricot,tricot,Jodeki,255.381,smoVS8bRtH8,smoVS8bRtH8,1nNn4VWTywx7WbvbCOL67C,1e208630-2472-440e-97cc-213f91199b34
present_same_path,certain,same_path,yes,tricot/Jodeki/22 夜の魔物 - Instrumental - Night monster - Instrumental.m4a,夜の魔物 - Instrumental - Night monster - Instrumental,tricot,tricot,Jodeki,331.294,5709476,3Z2oO4-v5Hc,3Z2oO4-v5Hc,0r8M4TPf3TR3NpQu4Td3gT,59292ec7-a0a3-48c4-b88f-9430bfb63214,tricot/Jodeki/22 夜の魔物 - Instrumental - Night monster - Instrumental.m4a,夜の魔物 - Instrumental - Night monster - Instrumental,tricot,tricot,Jodeki,331.315,3Z2oO4-v5Hc,3Z2oO4-v5Hc,0r8M4TPf3TR3NpQu4Td3gT,59292ec7-a0a3-48c4-b88f-9430bfb63214
present_same_path,certain,same_path,yes,tricot/Jodeki/11 ひとやすみ - Hitoyasumi.m4a,ひとやすみ - Hitoyasumi,tricot,tricot,Jodeki,211.680,3763757,_q4gk_nh1mY,_q4gk_nh1mY,1npXwTB2dDYBTpt942MHkY,66190052-3e79-4e90-b485-6b299f82f28f,tricot/Jodeki/11 ひとやすみ - Hitoyasumi.m4a,ひとやすみ - Hitoyasumi,tricot,tricot,Jodeki,211.701,_q4gk_nh1mY,_q4gk_nh1mY,1npXwTB2dDYBTpt942MHkY,66190052-3e79-4e90-b485-6b299f82f28f
present_same_path,certain,same_path,yes,tricot/Jodeki/15 いない - Instrumental - INAI - Instrumental.m4a,いない - INAI,tricot,tricot,INAI,220.938,4018236,VBTIpDeBQcg,qdsPUMAQQsU,2jKfbtEGkPJWsnhoEOkmTI,b10ce5a4-1362-421c-8762-1d574f7063dd,tricot/Jodeki/15 いない - Instrumental - INAI - Instrumental.m4a,いない - Instrumental - INAI - Instrumental,tricot,tricot,Jodeki,220.959,VBTIpDeBQcg,Uti7pgtPv-c,2jKfbtEGkPJWsnhoEOkmTI,
present_same_path,certain,same_path,no,tricot/Bakuretsu tricot San/03 42℃.m4a,42℃,tricot,tricot,Bakuretsu tricot San,292.347,4839753,hGgcX3wCA2k,hGgcX3wCA2k,7sWE4k7Zd2teyYlXSWSrpT,4088232e-116c-4275-8805-5192670af583,tricot/Bakuretsu tricot San/03 42℃.m4a,42℃,tricot,tricot,Bakuretsu tricot San,292.368,hGgcX3wCA2k,hGgcX3wCA2k,7sWE4k7Zd2teyYlXSWSrpT,4088232e-116c-4275-8805-5192670af583
present_same_path,certain,same_path,no,tricot/Bakuretsu tricot San/06 Laststep (Acoustic).m4a,Laststep (Acoustic),tricot,tricot,Bakuretsu tricot San,295.107,4986565,ZtYTVeHVmmo,ZtYTVeHVmmo,6VNeSnWOnuxKGGV4rKb49d,01a35556-699c-40bd-8dee-5a8039ba79e8,tricot/Bakuretsu tricot San/06 Laststep (Acoustic).m4a,Laststep (Acoustic),tricot,tricot,Bakuretsu tricot San,295.128,ZtYTVeHVmmo,ZtYTVeHVmmo,6VNeSnWOnuxKGGV4rKb49d,01a35556-699c-40bd-8dee-5a8039ba79e8
present_same_path,certain,same_path,no,tricot/Bakuretsu tricot San/04 アナメイン - Anamein.m4a,アナメイン - Anamein,tricot,tricot,Bakuretsu tricot San,250.000,4177198,MUhwCyNpRg4,MUhwCyNpRg4,16doMTberqpHTGc467rJBw,8a352959-2040-4ef6-a8bb-bf88db286853,tricot/Bakuretsu tricot San/04 アナメイン - Anamein.m4a,アナメイン - Anamein,tricot,tricot,Bakuretsu tricot San,250.021,MUhwCyNpRg4,MUhwCyNpRg4,16doMTberqpHTGc467rJBw,8a352959-2040-4ef6-a8bb-bf88db286853
present_same_path,certain,same_path,no,tricot/Bakuretsu tricot San/05 Slow Line.m4a,Slow Line,tricot,tricot,Bakuretsu tricot San,316.160,5316533,JUNVZduMj30,JUNVZduMj30,4qJ2SyzlOi0ArAryviBtIv,3596bbb7-8e89-47cb-a7c9-ce36637d803a,tricot/Bakuretsu tricot San/05 Slow Line.m4a,Slow Line,tricot,tricot,Bakuretsu tricot San,316.181,JUNVZduMj30,JUNVZduMj30,4qJ2SyzlOi0ArAryviBtIv,3596bbb7-8e89-47cb-a7c9-ce36637d803a
present_same_path,certain,same_path,no,tricot/Bakuretsu tricot San/02 Bitter.m4a,Bitter,tricot,tricot,Bakuretsu tricot San,119.240,2064979,AOFL-c4R-_o,AOFL-c4R-_o,0cMeVIfRzQY5HHXV8K6EEa,e881bb27-2e2a-4954-8370-35712e9605d5,tricot/Bakuretsu tricot San/02 Bitter.m4a,Bitter,tricot,tricot,Bakuretsu tricot San,119.261,AOFL-c4R-_o,AOFL-c4R-_o,0cMeVIfRzQY5HHXV8K6EEa,e881bb27-2e2a-4954-8370-35712e9605d5
present_same_path,certain,same_path,yes,tricot/Kabuku EP/02 節約家 - Setsuyakuka.m4a,節約家 - SETSUYAKUKA,tricot,tricot,3,278.806,4593949,EFtbqm1EGRI,O7H55Q1K5ZA,0RU6vlFOrZ16c5t1MRpPKW,,tricot/Kabuku EP/02 節約家 - Setsuyakuka.m4a,節約家 - Setsuyakuka,tricot,tricot,Kabuku EP,278.827,EFtbqm1EGRI,EFtbqm1EGRI,0RU6vlFOrZ16c5t1MRpPKW,
present_same_path,certain,same_path,no,tricot/Kabuku EP/03 あーあ - Ah-ah.m4a,あーあ - Ah-ah,tricot,tricot,Kabuku EP,241.227,4174125,lN0-iJ0PWNI,lN0-iJ0PWNI,1EoqTIubsgJwIYdOikfZwe,4e0278c0-ad9c-4b9d-9f6f-8f3ceda089f5,tricot/Kabuku EP/03 あーあ - Ah-ah.m4a,あーあ - Ah-ah,tricot,tricot,Kabuku EP,241.248,lN0-iJ0PWNI,lN0-iJ0PWNI,1EoqTIubsgJwIYdOikfZwe,4e0278c0-ad9c-4b9d-9f6f-8f3ceda089f5
present_same_path,certain,same_path,no,tricot/Kabuku EP/01 Nichijo_Seikatsu.m4a,Nichijo_Seikatsu,tricot,tricot,Kabuku EP,169.094,2965797,XmqSUFuYIDw,XmqSUFuYIDw,7aqzFzccmQc7FIHhZIFs7v,2169ae60-abe4-49fb-b2bc-2fe41595eda4,tricot/Kabuku EP/01 Nichijo_Seikatsu.m4a,Nichijo_Seikatsu,tricot,tricot,Kabuku EP,169.115,XmqSUFuYIDw,XmqSUFuYIDw,7aqzFzccmQc7FIHhZIFs7v,2169ae60-abe4-49fb-b2bc-2fe41595eda4
present_same_path,certain,same_path,no,tricot/Kabuku EP/05 青い癖 - Blue.m4a,青い癖 - Blue,tricot,tricot,Kabuku EP,300.614,5179718,4cIabLupwug,4cIabLupwug,016Q7oL9S0L9Dxern5MOKu,774920e5-d545-4cae-9484-0730c73f6059,tricot/Kabuku EP/05 青い癖 - Blue.m4a,青い癖 - Blue,tricot,tricot,Kabuku EP,300.635,4cIabLupwug,4cIabLupwug,016Q7oL9S0L9Dxern5MOKu,774920e5-d545-4cae-9484-0730c73f6059
present_same_path,certain,same_path,no,tricot/Black/04 みてて - Watch.m4a,みてて - Watch,tricot,tricot,Black,198.910,3272261,jCcyqtfrBQk,jCcyqtfrBQk,7DCnHyyDtCdh7DnU7A5E5J,dd8a9b9a-6b3f-4a29-857a-8ba1bbfeb19f,tricot/Black/04 みてて - Watch.m4a,みてて - Watch,tricot,tricot,Black,198.931,jCcyqtfrBQk,jCcyqtfrBQk,7DCnHyyDtCdh7DnU7A5E5J,dd8a9b9a-6b3f-4a29-857a-8ba1bbfeb19f
present_same_path,certain,same_path,no,tricot/Black/07 順風満帆 - junpumanpan.m4a,順風満帆 - junpumanpan,tricot,tricot,Black,258.802,4256900,QxMS9Sz97nw,QxMS9Sz97nw,4bKZxtEn2NzQX4VMoAciwL,df42b068-7d3b-474e-86f2-f894cf78d8e6,tricot/Black/07 順風満帆 - junpumanpan.m4a,順風満帆 - junpumanpan,tricot,tricot,Black,258.823,QxMS9Sz97nw,QxMS9Sz97nw,4bKZxtEn2NzQX4VMoAciwL,df42b068-7d3b-474e-86f2-f894cf78d8e6
present_same_path,certain,same_path,no,tricot/Black/12 真っ黒 - Black.m4a,真っ黒 - Black,tricot,tricot,Black,240.043,3725345,axV7NhKArV0,ZGGFA_-0ETQ,4MZ4gxEbn2REPTn7qSjLpV,0460fa48-eae3-4a04-bcb4-442ac313dc1d,tricot/Black/12 真っ黒 - Black.m4a,真っ黒 - Black,tricot,tricot,Black,240.064,axV7NhKArV0,ZGGFA_-0ETQ,4MZ4gxEbn2REPTn7qSjLpV,0460fa48-eae3-4a04-bcb4-442ac313dc1d
present_same_path,certain,same_path,no,tricot/Black/11 真っ白 - pure white.m4a,真っ白 - pure white,tricot,tricot,Black,84.637,1314990,C7NXYSklMbg,R8DCbXIj30I,,ae0a8fe0-627a-4e9b-b81c-2343d49e850a,tricot/Black/11 真っ白 - pure white.m4a,真っ白 - pure white,tricot,tricot,Black,84.658,C7NXYSklMbg,R8DCbXIj30I,,ae0a8fe0-627a-4e9b-b81c-2343d49e850a
present_same_path,certain,same_path,no,tricot/Black/05 秘蜜 - himitsu.m4a,秘蜜 - himitsu,tricot,tricot,Black,276.744,4556733,n2yiBuoYcHw,n2yiBuoYcHw,6StChRQGHMEsMgXzueLGPF,fa1b0abb-2989-43f6-acc7-582fb5eb0edb,tricot/Black/05 秘蜜 - himitsu.m4a,秘蜜 - himitsu,tricot,tricot,Black,276.765,n2yiBuoYcHw,n2yiBuoYcHw,6StChRQGHMEsMgXzueLGPF,fa1b0abb-2989-43f6-acc7-582fb5eb0edb
present_same_path,certain,same_path,no,tricot/Black/06 低速道路 - teisokudouro.m4a,低速道路 - teisokudouro,tricot,tricot,Black,135.365,2244470,U98EoxjauCM,U98EoxjauCM,4haZlkuS0TNAGL0oXY6Yj7,2e8afbf9-17d2-4a6e-9c89-19d5df7cd4e1,tricot/Black/06 低速道路 - teisokudouro.m4a,低速道路 - teisokudouro,tricot,tricot,Black,135.386,U98EoxjauCM,U98EoxjauCM,4haZlkuS0TNAGL0oXY6Yj7,2e8afbf9-17d2-4a6e-9c89-19d5df7cd4e1
present_same_path,certain,same_path,no,tricot/Black/10 危なくなく無い街へ - abunakunakunaimachihe.m4a,危なくなく無い街へ - abunakunakunaimachihe,tricot,tricot,Black,314.054,5161114,-zBoO_qXPs0,-zBoO_qXPs0,2SAhGbwiPd8Dli8b3BWeQe,6870ac69-11d8-4d76-89fc-f41fac66c4f3,tricot/Black/10 危なくなく無い街へ - abunakunakunaimachihe.m4a,危なくなく無い街へ - abunakunakunaimachihe,tricot,tricot,Black,314.075,-zBoO_qXPs0,-zBoO_qXPs0,2SAhGbwiPd8Dli8b3BWeQe,6870ac69-11d8-4d76-89fc-f41fac66c4f3
present_same_path,certain,same_path,no,tricot/Black/08 なか (Album ver.) - naka Album ver..m4a,なか (Album ver.) - naka Album ver.,tricot,tricot,Black,271.699,4490308,pfICVryUd6g,pfICVryUd6g,7A4bAR5nBeNsRMo22oqkm5,39f10149-7538-40e9-b2f9-dd44ecaf47c0,tricot/Black/08 なか (Album ver.) - naka Album ver..m4a,なか (Album ver.) - naka Album ver.,tricot,tricot,Black,271.720,pfICVryUd6g,pfICVryUd6g,7A4bAR5nBeNsRMo22oqkm5,39f10149-7538-40e9-b2f9-dd44ecaf47c0
present_same_path,certain,same_path,no,tricot/Black/02 右脳左脳 - Right brain left brain.m4a,右脳左脳 - Right brain left brain,tricot,tricot,Black,217.686,3416247,fQSJ5oe8Qf4,eruyiQcSum8,,efe9318f-9289-48b9-86e9-22e8c408a684,tricot/Black/02 右脳左脳 - Right brain left brain.m4a,右脳左脳 - Right brain left brain,tricot,tricot,Black,217.707,fQSJ5oe8Qf4,eruyiQcSum8,,efe9318f-9289-48b9-86e9-22e8c408a684
present_same_path,certain,same_path,no,GEZAN/KLUE/11 東京 - TOKYO.m4a,東京 - TOKYO,GEZAN,GEZAN,KLUE,374.389,6305775,kqm-84TF9MQ,aummONl-BjM,3ZpX804AUt3OYxAfIEPdGA,fa1efec6-7107-4465-a8f3-689cff3379ae,GEZAN/KLUE/11 東京 - TOKYO.m4a,東京 - TOKYO,GEZAN,GEZAN,KLUE,374.402,kqm-84TF9MQ,aummONl-BjM,3ZpX804AUt3OYxAfIEPdGA,fa1efec6-7107-4465-a8f3-689cff3379ae
present_same_path,certain,same_path,no,The Cynn Boyz/runaway _ findme/01 runaway.m4a,runaway,The Cynn Boyz,The Cynn Boyz,runaway / findme,212.335,3612524,O1RSWLwZUjI,O1RSWLwZUjI,7ecSusgZwlFo27JtCzguqs,,The Cynn Boyz/runaway _ findme/01 runaway.m4a,runaway,The Cynn Boyz,The Cynn Boyz,runaway / findme,212.356,O1RSWLwZUjI,O1RSWLwZUjI,7ecSusgZwlFo27JtCzguqs,
present_same_path,certain,same_path,no,upliftspice/Unknown Album/1275 UPLIFT SPICE「オメガリズム」Music Video.m4a,UPLIFT SPICE「オメガリズム」Music Video,upliftspice,upliftspice,Unknown Album,194.966,3095341,4A2YQevikAo,4A2YQevikAo,,,upliftspice/Unknown Album/1275 UPLIFT SPICE「オメガリズム」Music Video.m4a,UPLIFT SPICE「オメガリズム」Music Video,upliftspice,upliftspice,Unknown Album,194.987,4A2YQevikAo,4A2YQevikAo,,
present_same_path,certain,same_path,no,"Rolling Quartz/Unknown Album/565 [MV] 015B(공일오비), 롤링쿼츠(Rolling Quartz)_Random.m4a","[MV] 015B(공일오비), 롤링쿼츠(Rolling Quartz)_Random",Rolling Quartz,Rolling Quartz,Unknown Album,280.384,4680054,JA0UodKKh4E,JA0UodKKh4E,,,"Rolling Quartz/Unknown Album/565 [MV] 015B(공일오비), 롤링쿼츠(Rolling Quartz)_Random.m4a","[MV] 015B(공일오비), 롤링쿼츠(Rolling Quartz)_Random",Rolling Quartz,Rolling Quartz,Unknown Album,280.405,JA0UodKKh4E,JA0UodKKh4E,,
present_same_path,certain,same_path,no,Rolling Quartz/Unknown Album/564 Misery Business (Paramore) by Rolling Quartz 롤링쿼츠 (M_V).m4a,Misery Business (Paramore) by Rolling Quartz 롤링쿼츠 (M/V),Rolling Quartz,Rolling Quartz,Unknown Album,224.967,3516672,D2xIv8LR93A,D2xIv8LR93A,,,Rolling Quartz/Unknown Album/564 Misery Business (Paramore) by Rolling Quartz 롤링쿼츠 (M_V).m4a,Misery Business (Paramore) by Rolling Quartz 롤링쿼츠 (M/V),Rolling Quartz,Rolling Quartz,Unknown Album,224.988,D2xIv8LR93A,D2xIv8LR93A,,
present_same_path,certain,same_path,no,KISIDA KYOUDAN & THE AKEBOSI ROCKETS/TRIGGER/01 TRIGGER.m4a,TRIGGER,KISIDA KYOUDAN & THE AKEBOSI ROCKETS,KISIDA KYOUDAN & THE AKEBOSI ROCKETS,TRIGGER,200.502,3529678,GytRsCtk-i8,gX-TAq3Ipgs,6VJY7U6cm8ZZ9NR7i906Sl,,KISIDA KYOUDAN & THE AKEBOSI ROCKETS/TRIGGER/01 TRIGGER.m4a,TRIGGER,KISIDA KYOUDAN & THE AKEBOSI ROCKETS,KISIDA KYOUDAN & THE AKEBOSI ROCKETS,TRIGGER,200.516,GytRsCtk-i8,gX-TAq3Ipgs,6VJY7U6cm8ZZ9NR7i906Sl,
present_same_path,certain,same_path,no,Boris/Japanese Heavy Rock Hits Live -25th Anniversary Show-/05 PINK.m4a,PINK,Boris,Boris,Japanese Heavy Rock Hits Live -25th Anniversary Show-,261.377,4459148,bREC4gvH5Gw,7-MjzbNYMlE,3Ope5ByslZ2392FTjaKcgj,38fd9ba7-5523-4099-a5bf-7f6609a559ae,Boris/Japanese Heavy Rock Hits Live -25th Anniversary Show-/05 PINK.m4a,PINK,Boris,Boris,Japanese Heavy Rock Hits Live -25th Anniversary Show-,261.391,bREC4gvH5Gw,7-MjzbNYMlE,3Ope5ByslZ2392FTjaKcgj,38fd9ba7-5523-4099-a5bf-7f6609a559ae
present_same_path,certain,same_path,no,Jamiroquai/Pop Music_ The Modern Era 1976-1999/34 Virtual Insanity.m4a,Virtual Insanity,Jamiroquai,Jamiroquai,Pop Music: The Modern Era 1976-1999,227.840,4152316,4JkIs37a2JE,N4g4502eGfk,24SUWisv2lYQiB3bVpE1sn,3342b386-1910-4f1f-ab6b-9137694e4f13,Jamiroquai/Pop Music_ The Modern Era 1976-1999/34 Virtual Insanity.m4a,Virtual Insanity,Jamiroquai,Jamiroquai,Pop Music: The Modern Era 1976-1999,227.861,4JkIs37a2JE,N4g4502eGfk,24SUWisv2lYQiB3bVpE1sn,3342b386-1910-4f1f-ab6b-9137694e4f13
present_same_path,certain,same_path,no,Mashinomi/Unknown Album/423 淡々とメロウ(tantan to mellow) _ ましのみ(Mashinomi).m4a,淡々とメロウ(tantan to mellow)   /  ましのみ(Mashinomi),Mashinomi,Mashinomi,Unknown Album,213.099,3689041,Mrb63CfRYmo,Mrb63CfRYmo,,,Mashinomi/Unknown Album/423 淡々とメロウ(tantan to mellow) _ ましのみ(Mashinomi).m4a,淡々とメロウ(tantan to mellow)   /  ましのみ(Mashinomi),Mashinomi,Mashinomi,Unknown Album,213.120,Mrb63CfRYmo,Mrb63CfRYmo,,
present_same_path,certain,same_path,no,Seventeen Years Old And Berlin Wall/Reflect/596 プリズム - Prism.m4a,プリズム - Prism,Seventeen Years Old And Berlin Wall,Seventeen Years Old And Berlin Wall,Reflect,263.500,4431533,w19uXMPpNmU,w19uXMPpNmU,4INz0XBe0JgMNYXBmcPpqV,,Seventeen Years Old And Berlin Wall/Reflect/596 プリズム - Prism.m4a,プリズム - Prism,Seventeen Years Old And Berlin Wall,Seventeen Years Old And Berlin Wall,Reflect,263.521,w19uXMPpNmU,w19uXMPpNmU,4INz0XBe0JgMNYXBmcPpqV,
present_same_path,certain,same_path,no,the cabs/kaiki suru kokyu/06 第八病棟 - dai hachi byoto.m4a,第八病棟 - dai hachi byoto,the cabs,the cabs,kaiki suru kokyu,298.899,5000566,yz2MghsWCxQ,CV4WkDY68Sw,0sHT66LVJBKp4EpwasGrER,02859a3d-b9ae-46c2-a6dc-333682d999cc,the cabs/kaiki suru kokyu/06 第八病棟 - dai hachi byoto.m4a,第八病棟 - dai hachi byoto,the cabs,the cabs,kaiki suru kokyu,298.920,yz2MghsWCxQ,CV4WkDY68Sw,0sHT66LVJBKp4EpwasGrER,02859a3d-b9ae-46c2-a6dc-333682d999cc
present_same_path,certain,same_path,no,yeti let you notice/silver ring/01 silver ring.m4a,silver ring,yeti let you notice,yeti let you notice,silver ring,193.387,3392491,g6SmX75HViU,e07Mra-F7Pc,3Tt6r80Ew8GP51yJWJdvbp,8feaa600-9351-4add-be92-ea643ecb3a03,yeti let you notice/silver ring/01 silver ring.m4a,silver ring,yeti let you notice,yeti let you notice,silver ring,193.408,g6SmX75HViU,e07Mra-F7Pc,3Tt6r80Ew8GP51yJWJdvbp,8feaa600-9351-4add-be92-ea643ecb3a03
present_same_path,certain,same_path,no,yeti let you notice/hashtag/01 hashtag.m4a,hashtag,yeti let you notice,yeti let you notice,hashtag,257.180,4488325,IQq1X7Hnx0M,zx6jDJ_O0DE,5OdFHrKmE89vI7XjJOuGMd,,yeti let you notice/hashtag/01 hashtag.m4a,hashtag,yeti let you notice,yeti let you notice,hashtag,257.201,IQq1X7Hnx0M,zx6jDJ_O0DE,5OdFHrKmE89vI7XjJOuGMd,
present_same_path,certain,same_path,no,yeti let you notice/summer ends/01 summer ends.m4a,summer ends,yeti let you notice,yeti let you notice,summer ends,309.081,5135386,SL-bw_g668U,UdrBItTBOz4,1fpkcdLAsR8rQRZ6GbSP7U,2c4477f3-629d-4f85-a607-53a7d1a03169,yeti let you notice/summer ends/01 summer ends.m4a,summer ends,yeti let you notice,yeti let you notice,summer ends,309.102,SL-bw_g668U,UdrBItTBOz4,1fpkcdLAsR8rQRZ6GbSP7U,2c4477f3-629d-4f85-a607-53a7d1a03169
present_same_path,certain,same_path,no,yeti let you notice/peeling on the pool/01 melodic girl.m4a,melodic girl,yeti let you notice,yeti let you notice,peeling on the pool,195.200,3353339,qDUc18k-hDc,CpLJrdn98bM,7H9i10h4Y7UznLJYJACwX6,,yeti let you notice/peeling on the pool/01 melodic girl.m4a,melodic girl,yeti let you notice,yeti let you notice,peeling on the pool,195.221,qDUc18k-hDc,CpLJrdn98bM,7H9i10h4Y7UznLJYJACwX6,
present_same_path,certain,same_path,no,yeti let you notice/hontounokoto/07 pilgrim.m4a,pilgrim,yeti let you notice,yeti let you notice,hontounokoto,214.000,3817668,sKaJk0EVjls,TAYTX-pmNN8,1Tr3MdgEYW8KWrU4JuQkVb,99116a1f-ccbc-4ed4-952f-a8e307a407b9,yeti let you notice/hontounokoto/07 pilgrim.m4a,pilgrim,yeti let you notice,yeti let you notice,hontounokoto,214.021,sKaJk0EVjls,TAYTX-pmNN8,1Tr3MdgEYW8KWrU4JuQkVb,99116a1f-ccbc-4ed4-952f-a8e307a407b9
present_same_path,certain,same_path,no,yeti let you notice/utopia/01 utopia.m4a,utopia,yeti let you notice,yeti let you notice,utopia,219.291,4197817,yV8ZGPQAo9k,c8Mi5qp_tPg,2oAgymvbRQj2jRJlJj6fNd,bf436efa-c7e3-46cd-ba0f-c28f4035932d,yeti let you notice/utopia/01 utopia.m4a,utopia,yeti let you notice,yeti let you notice,utopia,219.312,yV8ZGPQAo9k,c8Mi5qp_tPg,2oAgymvbRQj2jRJlJj6fNd,bf436efa-c7e3-46cd-ba0f-c28f4035932d
present_same_path,certain,same_path,no,yeti let you notice/blackout/01 blackout.m4a,blackout,yeti let you notice,yeti let you notice,blackout,218.706,3918229,oujCLMq3c5A,et9sZApPbpU,7iyFYO1TrKfGzkQQiweCj7,,yeti let you notice/blackout/01 blackout.m4a,blackout,yeti let you notice,yeti let you notice,blackout,218.727,oujCLMq3c5A,et9sZApPbpU,7iyFYO1TrKfGzkQQiweCj7,
present_same_path,certain,same_path,no,FKJ/Unknown Album/201 FKJ - On my own (feat. Bas).m4a,FKJ - On my own (feat. Bas),FKJ,FKJ,Unknown Album,144.833,2568905,a7p1R3xKSNA,a7p1R3xKSNA,,,FKJ/Unknown Album/201 FKJ - On my own (feat. Bas).m4a,FKJ - On my own (feat. Bas),FKJ,FKJ,Unknown Album,144.853,a7p1R3xKSNA,a7p1R3xKSNA,,
present_same_path,certain,same_path,no,Mana Diagram/Glitter wind/01 Glitter wind.m4a,Glitter wind,Mana Diagram,Mana Diagram,Glitter wind,325.947,5618495,5Y4LsJjLDNs,wFb-3BremKw,2pLus19ziCXMcVJwoOQ8UD,969c1e01-604e-4e69-a291-e64d07985a86,Mana Diagram/Glitter wind/01 Glitter wind.m4a,Glitter wind,Mana Diagram,Mana Diagram,Glitter wind,325.968,5Y4LsJjLDNs,wFb-3BremKw,2pLus19ziCXMcVJwoOQ8UD,969c1e01-604e-4e69-a291-e64d07985a86
present_same_path,certain,same_path,no,Star Horse/Slower Now/01 Slower Now.m4a,Slower Now,Star Horse,Star Horse,Slower Now,230.585,4090233,XN8UkYnsvn0,npt94dTrww8,0t2Plr7a4KLL1wEN1VgvcV,1a744cd5-0178-4174-9d7e-08dd8a40777a,Star Horse/Slower Now/01 Slower Now.m4a,Slower Now,Star Horse,Star Horse,Slower Now,230.606,XN8UkYnsvn0,npt94dTrww8,0t2Plr7a4KLL1wEN1VgvcV,1a744cd5-0178-4174-9d7e-08dd8a40777a
present_same_path,certain,same_path,no,Blurred City Lights/Gekkou/01 月光 - Gekkou.m4a,月光 - Gekkou,Blurred City Lights,Blurred City Lights,Gekkou,349.056,5942745,Thl2APC5HtA,PTVpInu9TMU,2mUNP3S95G8Bb0E0im8hmF,add0ecf8-9604-4838-8165-445175d81dc4,Blurred City Lights/Gekkou/01 月光 - Gekkou.m4a,月光 - Gekkou,Blurred City Lights,Blurred City Lights,Gekkou,349.077,Thl2APC5HtA,PTVpInu9TMU,2mUNP3S95G8Bb0E0im8hmF,add0ecf8-9604-4838-8165-445175d81dc4
present_same_path,certain,same_path,no,"baobab, haruka nakamura/Kanata/01 Kanata.m4a",Kanata,"baobab, haruka nakamura","baobab, haruka nakamura",Kanata,386.694,5993608,DGDEq-psvHw,Gzland_JII4,4v6FB83RnRa0s78MlAeEJ5,1a7dea29-c8b9-444e-a575-a3af01a61278,"baobab, haruka nakamura/Kanata/01 Kanata.m4a",Kanata,"baobab, haruka nakamura","baobab, haruka nakamura",Kanata,386.715,DGDEq-psvHw,Gzland_JII4,4v6FB83RnRa0s78MlAeEJ5,1a7dea29-c8b9-444e-a575-a3af01a61278
present_same_path,certain,same_path,no,Montell Fish/Destroy Myself Just For You/01 Destroy Myself Just For You.m4a,Destroy Myself Just For You,Montell Fish,Montell Fish,Destroy Myself Just For You,146.008,2512681,oxbqvhiJktc,7T18kEINBfo,3rmwnuqtLg5858xoXprtnq,9f8c1358-ec8f-4cb1-97f9-3895db7b93ec,Montell Fish/Destroy Myself Just For You/01 Destroy Myself Just For You.m4a,Destroy Myself Just For You,Montell Fish,Montell Fish,Destroy Myself Just For You,146.022,oxbqvhiJktc,7T18kEINBfo,3rmwnuqtLg5858xoXprtnq,9f8c1358-ec8f-4cb1-97f9-3895db7b93ec
present_same_path,certain,same_path,no,Various Artists/Jujutsu Kaisen (Original Television Soundtrack)/36 Working Overtime.m4a,Working Overtime,Yoshimasa Terui,Various Artists,Jujutsu Kaisen (Original Television Soundtrack),129.242,2379244,6OBcBGUeUVQ,6OBcBGUeUVQ,0L42ZPF4U4EDaaL7cfcDKB,,Various Artists/Jujutsu Kaisen (Original Television Soundtrack)/36 Working Overtime.m4a,Working Overtime,Yoshimasa Terui,Various Artists,Jujutsu Kaisen (Original Television Soundtrack),129.263,6OBcBGUeUVQ,6OBcBGUeUVQ,0L42ZPF4U4EDaaL7cfcDKB,
present_same_path,certain,same_path,no,"Various Artists/Modern Jazz Dance Classics, Vol. 1/14 Runner's High.m4a",Runner's High,TRI4TH,Various Artists,"Modern Jazz Dance Classics, Vol. 1",188.702,3293173,aJXThiVBMyU,aJXThiVBMyU,3G5AWJTaTXViKGQZQ49OvA,ce1490d8-693f-4409-8358-8a9c11e393df,"Various Artists/Modern Jazz Dance Classics, Vol. 1/14 Runner's High.m4a",Runner's High,TRI4TH,Various Artists,"Modern Jazz Dance Classics, Vol. 1",188.723,aJXThiVBMyU,aJXThiVBMyU,3G5AWJTaTXViKGQZQ49OvA,ce1490d8-693f-4409-8358-8a9c11e393df
present_same_path,certain,same_path,no,Various Artists/Foundland/12 Boys & Girls.m4a,Boys & Girls,How To Count Planets,Various Artists,Foundland,221.107,3737126,Zg6yq0zL3xg,Zg6yq0zL3xg,0zP0C0dtgtCUgXx8FJH1GQ,,Various Artists/Foundland/12 Boys & Girls.m4a,Boys & Girls,How To Count Planets,Various Artists,Foundland,221.128,Zg6yq0zL3xg,Zg6yq0zL3xg,0zP0C0dtgtCUgXx8FJH1GQ,
present_same_path,certain,same_path,no,Various Artists/Spaghetti Western Story/12 Madame Lulu.m4a,Madame Lulu,Amedeo Tommasi,Various Artists,Spaghetti Western Story,120.949,2314467,UnwvUAkN52g,UnwvUAkN52g,0OOrtv0uu57TNYdvWCvSeM,,Various Artists/Spaghetti Western Story/12 Madame Lulu.m4a,Madame Lulu,Amedeo Tommasi,Various Artists,Spaghetti Western Story,120.969,UnwvUAkN52g,UnwvUAkN52g,0OOrtv0uu57TNYdvWCvSeM,
present_same_path,certain,same_path,no,Mili/String Theocracy/01 String Theocracy.m4a,String Theocracy,Mili,Mili,String Theocracy,174.171,3171821,nOj_A3aZxGs,olcXwkJZxJk,7ETSUd74fhHvG2JldNVizV,afa2c83d-b17f-4029-b9da-790ea9250cf9,Mili/String Theocracy/01 String Theocracy.m4a,String Theocracy,Mili,Mili,String Theocracy,174.192,nOj_A3aZxGs,olcXwkJZxJk,7ETSUd74fhHvG2JldNVizV,afa2c83d-b17f-4029-b9da-790ea9250cf9
present_same_path,certain,same_path,no,時速36km/Unknown Album/05 時速36km _ ハロー 【MusicVideo】.m4a,時速36km / ハロー 【MusicVideo】,時速36km,時速36km,Unknown Album,155.499,2551087,fVNf--kI88Q,fVNf--kI88Q,,,時速36km/Unknown Album/05 時速36km _ ハロー 【MusicVideo】.m4a,時速36km / ハロー 【MusicVideo】,時速36km,時速36km,Unknown Album,155.520,fVNf--kI88Q,fVNf--kI88Q,,
present_same_path,certain,same_path,no,"LITE/Past, Present, Future/01 bond.m4a",bond,LITE,LITE,"Past, Present, Future",175.318,3121685,BlWiRjIcjOk,MW8zqVGeAbk,6vyBMRuSvAq3LZSZbHICiR,99a529d9-29f3-43cb-a94f-8753109cdfe7,"LITE/Past, Present, Future/01 bond.m4a",bond,LITE,LITE,"Past, Present, Future",175.339,BlWiRjIcjOk,MW8zqVGeAbk,6vyBMRuSvAq3LZSZbHICiR,99a529d9-29f3-43cb-a94f-8753109cdfe7
present_same_path,certain,same_path,no,The Mountain Goats/Tallahassee/07 No Children.m4a,No Children,The Mountain Goats,The Mountain Goats,Tallahassee,172.026,3032883,QS27S3mspjU,fqGKZ3fzN1M,5cxnSTLzGD1t9xcdmJYFVB,42ec135e-4c69-49db-8b29-8410f0f67005,The Mountain Goats/Tallahassee/07 No Children.m4a,No Children,The Mountain Goats,The Mountain Goats,Tallahassee,172.046,QS27S3mspjU,fqGKZ3fzN1M,5cxnSTLzGD1t9xcdmJYFVB,42ec135e-4c69-49db-8b29-8410f0f67005
present_same_path,certain,same_path,no,The Protomen/Live In Nashville/691 The Will of One.m4a,The Will of One,The Protomen,The Protomen,Live In Nashville,287.019,4822296,6BafkcfcmlQ,6BafkcfcmlQ,0H4CZtqWkgELMfWIfSAUE9,5427596d-a729-48be-9352-48a2e78e2d73,The Protomen/Live In Nashville/691 The Will of One.m4a,The Will of One,The Protomen,The Protomen,Live In Nashville,287.040,6BafkcfcmlQ,6BafkcfcmlQ,0H4CZtqWkgELMfWIfSAUE9,5427596d-a729-48be-9352-48a2e78e2d73
present_same_path,certain,same_path,yes,Memaisiren/Rokka/433 偽物の宴 - Nisemononoutage.m4a,偽物の宴 - Nisemononoutage,Memaisiren,Memaisiren,Rokka,238.166,4144219,Zc52Kh-LyZg,Zc52Kh-LyZg,,,Memaisiren/Rokka/433 偽物の宴 - Nisemononoutage.m4a,偽物の宴 - Nisemononoutage,Memaisiren,Memaisiren,Rokka,238.187,Zc52Kh-LyZg,Zc52Kh-LyZg,,
present_same_path,certain,same_path,yes,Memaisiren/Rokka/02 偽物の宴 - Nisemononoutage.m4a,偽物の宴 - Nisemononoutage,Memaisiren,Memaisiren,Rokka,238.166,4144219,o3dT5uRhYpA,Zc52Kh-LyZg,,,Memaisiren/Rokka/02 偽物の宴 - Nisemononoutage.m4a,偽物の宴 - Nisemononoutage,Memaisiren,Memaisiren,Rokka,238.187,o3dT5uRhYpA,Zc52Kh-LyZg,,
present_same_path,certain,same_path,no,KEXP/Unknown Album/325 black midi - Full Performance (Live on KEXP at Home).m4a,black midi - Full Performance (Live on KEXP at Home),KEXP,KEXP,Unknown Album,1440.984,23771950,ebrpRKUMcss,ebrpRKUMcss,,,KEXP/Unknown Album/325 black midi - Full Performance (Live on KEXP at Home).m4a,black midi - Full Performance (Live on KEXP at Home),KEXP,KEXP,Unknown Album,1441.005,ebrpRKUMcss,ebrpRKUMcss,,
present_same_path,certain,same_path,no,KEXP/Unknown Album/323 Kælan mikla - Ætli Það sé óhollt að láta sig dreyma (Live on KEXP).m4a,Kælan mikla - Ætli Það sé óhollt að láta sig dreyma (Live on KEXP),KEXP,KEXP,Unknown Album,352.120,5869883,qxqfdsp-EX0,qxqfdsp-EX0,,,KEXP/Unknown Album/323 Kælan mikla - Ætli Það sé óhollt að láta sig dreyma (Live on KEXP).m4a,Kælan mikla - Ætli Það sé óhollt að láta sig dreyma (Live on KEXP),KEXP,KEXP,Unknown Album,352.140,qxqfdsp-EX0,qxqfdsp-EX0,,
present_same_path,certain,same_path,no,KEXP/Unknown Album/324 Slow Pulp - Full Performance (Live on KEXP at Home).m4a,Slow Pulp - Full Performance (Live on KEXP at Home),KEXP,KEXP,Unknown Album,1092.139,17914358,PmU9vtEXBF4,PmU9vtEXBF4,,,KEXP/Unknown Album/324 Slow Pulp - Full Performance (Live on KEXP at Home).m4a,Slow Pulp - Full Performance (Live on KEXP at Home),KEXP,KEXP,Unknown Album,1092.160,PmU9vtEXBF4,PmU9vtEXBF4,,
present_same_path,certain,same_path,no,Topshelf Records/Unknown Album/725 _High Hopes_ by Sweet Pill (official video).m4a,"""High Hopes"" by Sweet Pill (official video)",Topshelf Records,Topshelf Records,Unknown Album,303.137,5184906,SGPr0ASYOf4,SGPr0ASYOf4,,,Topshelf Records/Unknown Album/725 _High Hopes_ by Sweet Pill (official video).m4a,"""High Hopes"" by Sweet Pill (official video)",Topshelf Records,Topshelf Records,Unknown Album,303.158,SGPr0ASYOf4,SGPr0ASYOf4,,
present_same_path,certain,same_path,no,"Topshelf Records/Unknown Album/726 DOKU-EN-KAI, by toe (official video).m4a","DOKU-EN-KAI, by toe (official video)",Topshelf Records,Topshelf Records,Unknown Album,5158.418,85041661,fvp3FEZPh_c,fvp3FEZPh_c,,,"Topshelf Records/Unknown Album/726 DOKU-EN-KAI, by toe (official video).m4a","DOKU-EN-KAI, by toe (official video)",Topshelf Records,Topshelf Records,Unknown Album,5158.439,fvp3FEZPh_c,fvp3FEZPh_c,,
present_same_path,certain,same_path,no,Marmalade butcher/Floccinaucinihilipilification/01 Floccinaucinihilipilification.m4a,Floccinaucinihilipilification,Marmalade butcher,Marmalade butcher,Floccinaucinihilipilification,219.427,3873105,M-Qq_JwUXW0,M-Qq_JwUXW0,6hLeHhDUIbKCJnIviuIJvl,f5c793ec-c187-4189-8b9c-249ff45ac624,Marmalade butcher/Floccinaucinihilipilification/01 Floccinaucinihilipilification.m4a,Floccinaucinihilipilification,Marmalade butcher,Marmalade butcher,Floccinaucinihilipilification,219.448,M-Qq_JwUXW0,M-Qq_JwUXW0,6hLeHhDUIbKCJnIviuIJvl,f5c793ec-c187-4189-8b9c-249ff45ac624
present_same_path,certain,same_path,no,Marmalade butcher/Uteruchesis/13 Anima.m4a,Anima,Marmalade butcher,Marmalade butcher,Uteruchesis,240.408,4268167,mmWIA0KRd0M,wpGI4QVY5w4,6G6wv4CiHOw6GuCxAxfOQC,18c702e7-b680-49a2-8d1b-05d0c46149f2,Marmalade butcher/Uteruchesis/13 Anima.m4a,Anima,Marmalade butcher,Marmalade butcher,Uteruchesis,240.422,mmWIA0KRd0M,wpGI4QVY5w4,6G6wv4CiHOw6GuCxAxfOQC,18c702e7-b680-49a2-8d1b-05d0c46149f2
present_same_path,certain,same_path,no,Marmalade butcher/Nullum Sonum/03 Amanita.m4a,Amanita,Marmalade butcher,Marmalade butcher,Nullum Sonum,211.694,3713791,cf5hYa4G--0,cf5hYa4G--0,57canNu1H882qqqU2dNl1v,8afed24a-125c-4ffe-94e9-2be489723add,Marmalade butcher/Nullum Sonum/03 Amanita.m4a,Amanita,Marmalade butcher,Marmalade butcher,Nullum Sonum,211.715,cf5hYa4G--0,cf5hYa4G--0,57canNu1H882qqqU2dNl1v,8afed24a-125c-4ffe-94e9-2be489723add
present_same_path,certain,same_path,no,Marmalade butcher/Onomatomani[a]kus/419 XXXphobia.m4a,XXXphobia,Marmalade butcher,Marmalade butcher,Onomatomani[a]kus,179.825,3230230,itWjgx5GLeM,itWjgx5GLeM,4L3faA1ioAAOkaXjeft9z3,eadeb6d4-2aa3-4938-a145-3afa3666b90d,Marmalade butcher/Onomatomani[a]kus/419 XXXphobia.m4a,XXXphobia,Marmalade butcher,Marmalade butcher,Onomatomani[a]kus,179.846,itWjgx5GLeM,itWjgx5GLeM,4L3faA1ioAAOkaXjeft9z3,eadeb6d4-2aa3-4938-a145-3afa3666b90d
present_same_path,certain,same_path,no,Wardrip06/Unknown Album/774 John Cafferty - Hearts On Fire (Rocky IV).m4a,John Cafferty - Hearts On Fire (Rocky IV),Wardrip06,Wardrip06,Unknown Album,246.144,4185284,swo51-CG9Ss,swo51-CG9Ss,,,Wardrip06/Unknown Album/774 John Cafferty - Hearts On Fire (Rocky IV).m4a,John Cafferty - Hearts On Fire (Rocky IV),Wardrip06,Wardrip06,Unknown Album,246.164,swo51-CG9Ss,swo51-CG9Ss,,
present_same_path,certain,same_path,no,Serwas7Kaizoku/Unknown Album/595 ONE PIECE AMV - His World.m4a,ONE PIECE AMV - His World,Serwas7Kaizoku,Serwas7Kaizoku,Unknown Album,127.060,2187221,qtD-tz3ylCw,qtD-tz3ylCw,,,Serwas7Kaizoku/Unknown Album/595 ONE PIECE AMV - His World.m4a,ONE PIECE AMV - His World,Serwas7Kaizoku,Serwas7Kaizoku,Unknown Album,127.081,qtD-tz3ylCw,qtD-tz3ylCw,,
present_same_path,certain,same_path,no,大橋トリオ/Stay Gold/01 Stay Gold.m4a,Stay Gold,大橋トリオ,大橋トリオ,Stay Gold,351.622,5805812,yWFxDRoSxxM,yWFxDRoSxxM,1wiUJdF93Ufnb8rbIothHI,0e61be43-edb0-4953-a151-5832939f0f45,大橋トリオ/Stay Gold/01 Stay Gold.m4a,Stay Gold,大橋トリオ,大橋トリオ,Stay Gold,351.643,yWFxDRoSxxM,yWFxDRoSxxM,1wiUJdF93Ufnb8rbIothHI,0e61be43-edb0-4953-a151-5832939f0f45
present_same_path,certain,same_path,no,Wagakki Band/Unknown Album/770 和楽器バンド _ 千本桜.m4a,和楽器バンド / 千本桜,Wagakki Band,Wagakki Band,Unknown Album,279.557,4563240,K_xTet06SUo,K_xTet06SUo,,,Wagakki Band/Unknown Album/770 和楽器バンド _ 千本桜.m4a,和楽器バンド / 千本桜,Wagakki Band,Wagakki Band,Unknown Album,279.578,K_xTet06SUo,K_xTet06SUo,,
present_same_path,certain,same_path,no,gesunokiwamiotome/Sukinaratowanai/04 もう切ないとは言わせない - Mou Setsunaitoha Iwasenai.m4a,もう切ないとは言わせない - Mou Setsunaitoha Iwasenai,gesunokiwamiotome,gesunokiwamiotome,Sukinaratowanai,285.327,4882125,enMzQTnZlEc,m515NRYGCgE,0PQGTkHDzvlBtDDt2P2wcR,,gesunokiwamiotome/Sukinaratowanai/04 もう切ないとは言わせない - Mou Setsunaitoha Iwasenai.m4a,もう切ないとは言わせない - Mou Setsunaitoha Iwasenai,gesunokiwamiotome,gesunokiwamiotome,Sukinaratowanai,285.348,enMzQTnZlEc,m515NRYGCgE,0PQGTkHDzvlBtDDt2P2wcR,
present_same_path,certain,same_path,no,"gesunokiwamiotome/Streaming, CD, Record/12 マルカ - Maruka.m4a",マルカ - Maruka,gesunokiwamiotome,gesunokiwamiotome,"Streaming, CD, Record",242.175,4324745,m2fcmQZhorg,NoGiUOC061k,,,"gesunokiwamiotome/Streaming, CD, Record/12 マルカ - Maruka.m4a",マルカ - Maruka,gesunokiwamiotome,gesunokiwamiotome,"Streaming, CD, Record",242.196,m2fcmQZhorg,NoGiUOC061k,,
present_same_path,certain,same_path,no,gesunokiwamiotome/miryokugasugoiyo/01 ラスカ - Lusca.m4a,ラスカ - Lusca,gesunokiwamiotome,gesunokiwamiotome,miryokugasugoiyo,238.867,4281175,Wjivt_MtKVA,GfHyNpZbyeE,,,gesunokiwamiotome/miryokugasugoiyo/01 ラスカ - Lusca.m4a,ラスカ - Lusca,gesunokiwamiotome,gesunokiwamiotome,miryokugasugoiyo,238.888,Wjivt_MtKVA,GfHyNpZbyeE,,
present_same_path,certain,same_path,no,hachiklau/Unknown Album/879 Sheena Ringo & Hiroji Miyamoto - Kemono yuku hosomichi [Lyrics and English].m4a,Sheena Ringo & Hiroji Miyamoto - Kemono yuku hosomichi [Lyrics and English],hachiklau,hachiklau,Unknown Album,225.060,3754052,iWdUf9hSOA0,iWdUf9hSOA0,,,hachiklau/Unknown Album/879 Sheena Ringo & Hiroji Miyamoto - Kemono yuku hosomichi [Lyrics and English].m4a,Sheena Ringo & Hiroji Miyamoto - Kemono yuku hosomichi [Lyrics and English],hachiklau,hachiklau,Unknown Album,225.081,iWdUf9hSOA0,iWdUf9hSOA0,,
present_same_path,certain,same_path,no,Ichikoro/SAMURAI/01 SAMURAI.m4a,SAMURAI,ichikoro,ichikoro,SAMURAI,122.067,2174214,27aD5Vo-A5g,-mI89ahaBBI,6IbWZhOC8yIh7ZM1xxfuv1,,Ichikoro/SAMURAI/01 SAMURAI.m4a,SAMURAI,ichikoro,ichikoro,SAMURAI,122.088,27aD5Vo-A5g,-mI89ahaBBI,6IbWZhOC8yIh7ZM1xxfuv1,
present_same_path,certain,same_path,no,Ichikoro/A Legend/01 Enemy.m4a,Enemy,ichikoro,ichikoro,A Legend,203.028,3595971,MdtaqSPWcl8,YvNVXfuXM1s,0qMSsBRgHRKvDwMUsLY1iJ,b3822e26-10f0-4598-b164-4ab8f4288bf8,Ichikoro/A Legend/01 Enemy.m4a,Enemy,ichikoro,ichikoro,A Legend,203.049,MdtaqSPWcl8,YvNVXfuXM1s,0qMSsBRgHRKvDwMUsLY1iJ,b3822e26-10f0-4598-b164-4ab8f4288bf8
present_same_path,certain,same_path,no,Remo Drive/Greatest Hits/08 Yer Killin' Me.m4a,Yer Killin' Me,Remo Drive,Remo Drive,Greatest Hits,234.543,4089262,1kaMiIaT-sg,oL4i46of_AY,79lzbYqczF4oLoOkxx9mHK,d9290fe3-ac98-42e0-93fc-3fbc506b178c,Remo Drive/Greatest Hits/08 Yer Killin' Me.m4a,Yer Killin' Me,Remo Drive,Remo Drive,Greatest Hits,234.557,1kaMiIaT-sg,oL4i46of_AY,79lzbYqczF4oLoOkxx9mHK,d9290fe3-ac98-42e0-93fc-3fbc506b178c
present_same_path,certain,same_path,no,Remo Drive/Greatest Hits/01 Art School.m4a,Art School,Remo Drive,Remo Drive,Greatest Hits,195.647,3407492,vHlRYkKhsic,aHPZ_aLXUIQ,4vwEz8K8Z2COiJ3N9G9Ypv,a21749cb-4972-4751-8197-0c67a3acd26a,Remo Drive/Greatest Hits/01 Art School.m4a,Art School,Remo Drive,Remo Drive,Greatest Hits,195.661,vHlRYkKhsic,aHPZ_aLXUIQ,4vwEz8K8Z2COiJ3N9G9Ypv,a21749cb-4972-4751-8197-0c67a3acd26a
present_same_path,certain,same_path,no,tszfungdrums/Unknown Album/1274 小紅帽silhungmo 聽着呼吸擴張狀態(full ep).m4a,小紅帽silhungmo 聽着呼吸擴張狀態(full ep),tszfungdrums,tszfungdrums,Unknown Album,1092.465,17892892,bILDBwuxxFc,bILDBwuxxFc,,,tszfungdrums/Unknown Album/1274 小紅帽silhungmo 聽着呼吸擴張狀態(full ep).m4a,小紅帽silhungmo 聽着呼吸擴張狀態(full ep),tszfungdrums,tszfungdrums,Unknown Album,1092.485,bILDBwuxxFc,bILDBwuxxFc,,
present_same_path,certain,same_path,no,fleufleu Official Channel/Unknown Album/859 SCANDAL - プラットホームシンドローム _ Platform Syndrome - Cover by fleufleu ♡ Stay Home Edition.m4a,SCANDAL - プラットホームシンドローム / Platform Syndrome - Cover by fleufleu ♡ Stay Home Edition,fleufleu Official Channel,fleufleu Official Channel,Unknown Album,211.035,3621828,MRtmOQ7kcaQ,MRtmOQ7kcaQ,,,fleufleu Official Channel/Unknown Album/859 SCANDAL - プラットホームシンドローム _ Platform Syndrome - Cover by fleufleu ♡ Stay Home Edition.m4a,SCANDAL - プラットホームシンドローム / Platform Syndrome - Cover by fleufleu ♡ Stay Home Edition,fleufleu Official Channel,fleufleu Official Channel,Unknown Album,211.056,MRtmOQ7kcaQ,MRtmOQ7kcaQ,,
present_same_path,certain,same_path,no,fleufleu Official Channel/Unknown Album/860 薔薇 - fleufleu.m4a,薔薇 - fleufleu,fleufleu Official Channel,fleufleu Official Channel,Unknown Album,276.028,4540269,mwQDnjr4CVM,mwQDnjr4CVM,,,fleufleu Official Channel/Unknown Album/860 薔薇 - fleufleu.m4a,薔薇 - fleufleu,fleufleu Official Channel,fleufleu Official Channel,Unknown Album,276.049,mwQDnjr4CVM,mwQDnjr4CVM,,
present_same_path,certain,same_path,no,rubens/mateki/01 魔的 - mateki.m4a,魔的 - mateki,rubens,rubens,mateki,163.637,2925604,00tdf5-J-vU,9eZExKPPZ3Y,6Hf138WdgAvEOFo5Vn8xG8,,rubens/mateki/01 魔的 - mateki.m4a,魔的 - mateki,rubens,rubens,mateki,163.658,00tdf5-J-vU,9eZExKPPZ3Y,6Hf138WdgAvEOFo5Vn8xG8,
present_same_path,certain,same_path,no,rubens/MELT/1000 わるい雨 - Bad rain.m4a,わるい雨 - Bad rain,rubens,rubens,MELT,218.311,3798054,4x0me4YKI7I,4x0me4YKI7I,,,rubens/MELT/1000 わるい雨 - Bad rain.m4a,わるい雨 - Bad rain,rubens,rubens,MELT,218.332,4x0me4YKI7I,4x0me4YKI7I,,
present_same_path,certain,same_path,no,rubens/MELT/07 息白し - Breath in white.m4a,息白し - Breath in white,rubens,rubens,MELT,183.740,3218557,2lsR9UWgWmM,2lsR9UWgWmM,,,rubens/MELT/07 息白し - Breath in white.m4a,息白し - Breath in white,rubens,rubens,MELT,183.760,2lsR9UWgWmM,2lsR9UWgWmM,,
present_same_path,certain,same_path,no,rubens/A Tail on the Heart/01 ハートの尾ひれ - A Tail on the Heart.m4a,ハートの尾ひれ - A Tail on the Heart,rubens,rubens,A Tail on the Heart,245.334,4297714,Qu5lGSHOSys,hYz0vUsB12E,7w0bv3w1z4pcU24RREcBqX,,rubens/A Tail on the Heart/01 ハートの尾ひれ - A Tail on the Heart.m4a,ハートの尾ひれ - A Tail on the Heart,rubens,rubens,A Tail on the Heart,245.355,Qu5lGSHOSys,hYz0vUsB12E,7w0bv3w1z4pcU24RREcBqX,
present_same_path,certain,same_path,yes,rubens/murmur/1004 棘棘 - Toge Toge.m4a,棘棘 - Toge Toge,rubens,rubens,murmur,209.503,3779389,0OxC6134N68,0OxC6134N68,0fShWjHLXe77jJi9b3QdVe,,rubens/murmur/1004 棘棘 - Toge Toge.m4a,棘棘 - Toge Toge,rubens,rubens,murmur,209.524,0OxC6134N68,0OxC6134N68,0fShWjHLXe77jJi9b3QdVe,
present_same_path,certain,same_path,no,rubens/murmur/04 チャコール - Charcoal.m4a,チャコール - Charcoal,rubens,rubens,murmur,198.751,3626272,bao59ac2jUk,bao59ac2jUk,2WyzLCDfFT8jWw9D3KcS5x,,rubens/murmur/04 チャコール - Charcoal.m4a,チャコール - Charcoal,rubens,rubens,murmur,198.772,bao59ac2jUk,bao59ac2jUk,2WyzLCDfFT8jWw9D3KcS5x,
present_same_path,certain,same_path,no,rubens/Tenshi-san/01 天使さん - Tenshi-san.m4a,天使さん - Tenshi-san,rubens,rubens,Tenshi-san,289.250,4907328,lOTIxtrhdIA,Jf5OX4d7HOk,3PbI0OUQkIjvmF7JTQHSH4,,rubens/Tenshi-san/01 天使さん - Tenshi-san.m4a,天使さん - Tenshi-san,rubens,rubens,Tenshi-san,289.271,lOTIxtrhdIA,Jf5OX4d7HOk,3PbI0OUQkIjvmF7JTQHSH4,
present_same_path,certain,same_path,no,rubens/ripple/02 なにもわからない - It doesn't make sense.m4a,なにもわからない - It doesn't make sense,rubens,rubens,ripple,232.902,3961280,17kq2PyeYDA,17kq2PyeYDA,4wfuzaRTg5toq3Binf6guy,,rubens/ripple/02 なにもわからない - It doesn't make sense.m4a,なにもわからない - It doesn't make sense,rubens,rubens,ripple,232.923,17kq2PyeYDA,17kq2PyeYDA,4wfuzaRTg5toq3Binf6guy,
present_same_path,certain,same_path,no,Between The Buried And Me/The Silent Circus/04 Mordecai.m4a,Mordecai,Between The Buried And Me,Between The Buried And Me,The Silent Circus,347.768,5970342,EylaJ8rnjYM,7MSwPjfFUA4,2Fui3xJLasH473qnBa2T6C,4149b746-2450-4112-8262-1c6659dbc0d2,Between The Buried And Me/The Silent Circus/04 Mordecai.m4a,Mordecai,Between The Buried And Me,Between The Buried And Me,The Silent Circus,347.782,EylaJ8rnjYM,7MSwPjfFUA4,2Fui3xJLasH473qnBa2T6C,4149b746-2450-4112-8262-1c6659dbc0d2
present_same_path,certain,same_path,no,Between The Buried And Me/Condemned to the Gallows/01 Condemned to the Gallows.m4a,Condemned to the Gallows,Between The Buried And Me,Between The Buried And Me,Condemned to the Gallows,394.888,6779714,Tq8u0uDK61E,YSsQyRHjRd8,3wQ9IC4ItObTLICCKmaGBa,9cb15f00-633a-4368-ace1-85d558ac56f0,Between The Buried And Me/Condemned to the Gallows/01 Condemned to the Gallows.m4a,Condemned to the Gallows,Between The Buried And Me,Between The Buried And Me,Condemned to the Gallows,394.902,Tq8u0uDK61E,YSsQyRHjRd8,3wQ9IC4ItObTLICCKmaGBa,9cb15f00-633a-4368-ace1-85d558ac56f0
present_same_path,certain,same_path,no,Between The Buried And Me/Automata II/03 Voice Of Trespass.m4a,Voice Of Trespass,Between The Buried And Me,Between The Buried And Me,Automata II,478.436,8246159,Ja0EWloqsKo,lV-9NCS2oQs,4ozqj0AKswwyRq5IwvGiGr,e032554e-9da6-451e-befd-a339dfd88196,Between The Buried And Me/Automata II/03 Voice Of Trespass.m4a,Voice Of Trespass,Between The Buried And Me,Between The Buried And Me,Automata II,478.450,Ja0EWloqsKo,lV-9NCS2oQs,4ozqj0AKswwyRq5IwvGiGr,e032554e-9da6-451e-befd-a339dfd88196
present_same_path,certain,same_path,no,"Sergei Rachmaninoff, Pio Palumbo/Prelude in C-Sharp Minor, Op. 3, No. 2/01 Prelude in C-Sharp Minor, Op. 3, No. 2.m4a","Prelude in C-Sharp Minor, Op. 3, No. 2","Sergei Rachmaninoff, Pio Palumbo","Sergei Rachmaninoff, Pio Palumbo","Prelude in C-Sharp Minor, Op. 3, No. 2",223.208,3819519,sCtixpIWBto,6GG1rJYknXw,1m22Z4V9xtyRAD09scrUNr,1a7b8763-fd7b-45e2-9c56-f3b571d2f202,"Sergei Rachmaninoff, Pio Palumbo/Prelude in C-Sharp Minor, Op. 3, No. 2/01 Prelude in C-Sharp Minor, Op. 3, No. 2.m4a","Prelude in C-Sharp Minor, Op. 3, No. 2","Sergei Rachmaninoff, Pio Palumbo","Sergei Rachmaninoff, Pio Palumbo","Prelude in C-Sharp Minor, Op. 3, No. 2",223.222,sCtixpIWBto,6GG1rJYknXw,1m22Z4V9xtyRAD09scrUNr,1a7b8763-fd7b-45e2-9c56-f3b571d2f202
present_same_path,certain,same_path,no,Tatsuya Kitani/Where Our Blue Is/01 青のすみか - Where Our Blue Is.m4a,青のすみか - Where Our Blue Is,Tatsuya Kitani,Tatsuya Kitani,Where Our Blue Is,196.467,3546317,Yc5VqWs43Q0,Yc5VqWs43Q0,,,Tatsuya Kitani/Where Our Blue Is/01 青のすみか - Where Our Blue Is.m4a,青のすみか - Where Our Blue Is,Tatsuya Kitani,Tatsuya Kitani,Where Our Blue Is,196.488,Yc5VqWs43Q0,Yc5VqWs43Q0,,
present_same_path,certain,same_path,no,"Sager52/Unknown Album/584 Dore Mear Beon - Bimbos, Bozos, and Buffoons.m4a","Dore Mear Beon - Bimbos, Bozos, and Buffoons",Sager52,Sager52,Unknown Album,275.378,4797352,PHEBhVaP1No,PHEBhVaP1No,,,"Sager52/Unknown Album/584 Dore Mear Beon - Bimbos, Bozos, and Buffoons.m4a","Dore Mear Beon - Bimbos, Bozos, and Buffoons",Sager52,Sager52,Unknown Album,275.398,PHEBhVaP1No,PHEBhVaP1No,,
present_same_path,certain,same_path,no,CatPianoClassics/Unknown Album/108 A Cruel Angels Thesis (Cat Piano Cover).m4a,A Cruel Angels Thesis (Cat Piano Cover),CatPianoClassics,CatPianoClassics,Unknown Album,91.104,1613435,EijpUzjKeM8,EijpUzjKeM8,,,CatPianoClassics/Unknown Album/108 A Cruel Angels Thesis (Cat Piano Cover).m4a,A Cruel Angels Thesis (Cat Piano Cover),CatPianoClassics,CatPianoClassics,Unknown Album,91.125,EijpUzjKeM8,EijpUzjKeM8,,
present_same_path,certain,same_path,no,Bad__Scooter/Unknown Album/75 Christone _Kingfish_ Ingram - Hey Joe_Redbone_Old Town Road.m4a,"Christone ""Kingfish"" Ingram - Hey Joe/Redbone/Old Town Road",Bad__Scooter,Bad__Scooter,Unknown Album,432.530,7289415,c5pFylDs9ys,c5pFylDs9ys,,,Bad__Scooter/Unknown Album/75 Christone _Kingfish_ Ingram - Hey Joe_Redbone_Old Town Road.m4a,"Christone ""Kingfish"" Ingram - Hey Joe/Redbone/Old Town Road",Bad__Scooter,Bad__Scooter,Unknown Album,432.551,c5pFylDs9ys,c5pFylDs9ys,,
present_same_path,certain,same_path,no,AMAIDANTOUDAI/Memoire Rouge/16 Bloody Dress.m4a,Bloody Dress,AMAIDANTOUDAI,AMAIDANTOUDAI,Memoire Rouge,275.306,4868173,MtBcIJzYTZk,MtBcIJzYTZk,5CGzwUozwQ4WNJ8A5ccBcr,,AMAIDANTOUDAI/Memoire Rouge/16 Bloody Dress.m4a,Bloody Dress,AMAIDANTOUDAI,AMAIDANTOUDAI,Memoire Rouge,275.327,MtBcIJzYTZk,MtBcIJzYTZk,5CGzwUozwQ4WNJ8A5ccBcr,
present_same_path,certain,same_path,no,tokyotender/Unknown Album/1141 tokyotender - グッドバイ MusicVideo.m4a,tokyotender - グッドバイ MusicVideo,tokyotender,tokyotender,Unknown Album,244.019,4107523,OIKKoGg2GgY,OIKKoGg2GgY,,,tokyotender/Unknown Album/1141 tokyotender - グッドバイ MusicVideo.m4a,tokyotender - グッドバイ MusicVideo,tokyotender,tokyotender,Unknown Album,244.040,OIKKoGg2GgY,OIKKoGg2GgY,,
present_same_path,certain,same_path,no,indigo la End/PULSATE/01 蒼糸 - Aoito.m4a,蒼糸 - Aoito,indigo la End,indigo la End,PULSATE,291.832,5025688,iMuzSKM4Zl0,M6Z-KfbqnhQ,0eALr3Ub0MA5JRe9f9qjk8,9d6639f4-445e-4e88-94e7-94298a487758,indigo la End/PULSATE/01 蒼糸 - Aoito.m4a,蒼糸 - Aoito,indigo la End,indigo la End,PULSATE,291.852,iMuzSKM4Zl0,M6Z-KfbqnhQ,0eALr3Ub0MA5JRe9f9qjk8,9d6639f4-445e-4e88-94e7-94298a487758
present_same_path,certain,same_path,no,The Comet Is Coming/Trust In The Lifeforce Of The Deep Mystery/03 Summon The Fire.m4a,Summon The Fire,The Comet Is Coming,The Comet Is Coming,Trust In The Lifeforce Of The Deep Mystery,235.200,4134831,G55GspnNkBo,bfVFMRwALHg,5c44MldQ2CvroamP73V1lp,483fe1ee-2219-45c4-bbdb-78b07291d8dc,The Comet Is Coming/Trust In The Lifeforce Of The Deep Mystery/03 Summon The Fire.m4a,Summon The Fire,The Comet Is Coming,The Comet Is Coming,Trust In The Lifeforce Of The Deep Mystery,235.221,G55GspnNkBo,bfVFMRwALHg,5c44MldQ2CvroamP73V1lp,483fe1ee-2219-45c4-bbdb-78b07291d8dc
present_same_path,certain,same_path,no,NEMOPHILA/REVIVE/10 雷霆 -RAITEI-.m4a,雷霆 -RAITEI-,NEMOPHILA,NEMOPHILA,REVIVE,233.955,4278493,lh-dVLKP314,Cfk7VCBMnFw,4GOOPHIqXXVOQNZtErQVSW,8a57274d-dada-4199-b46c-4d0525f2b89e,NEMOPHILA/REVIVE/10 雷霆 -RAITEI-.m4a,雷霆 -RAITEI-,NEMOPHILA,NEMOPHILA,REVIVE,233.969,lh-dVLKP314,Cfk7VCBMnFw,4GOOPHIqXXVOQNZtErQVSW,8a57274d-dada-4199-b46c-4d0525f2b89e
present_same_path,certain,same_path,no,NEMOPHILA/REVIVE/02 DISSENSION.m4a,DISSENSION,NEMOPHILA,NEMOPHILA,REVIVE,241.467,4404792,26aMuahxz8c,3xJcTVQm_iQ,2bNkdwl2BPPQkT3F94geBe,395148bf-b321-4ab9-add2-e45919ae3040,NEMOPHILA/REVIVE/02 DISSENSION.m4a,DISSENSION,NEMOPHILA,NEMOPHILA,REVIVE,241.488,26aMuahxz8c,3xJcTVQm_iQ,2bNkdwl2BPPQkT3F94geBe,395148bf-b321-4ab9-add2-e45919ae3040
present_same_path,certain,same_path,no,Cuckoo/Magpie E.P./02 Autobahn Kidnapping.m4a,Autobahn Kidnapping,Cuckoo,Cuckoo,Magpie E.P.,329.367,5660049,nHrjNST_HQ8,RPwBJFH7YLE,6xOJTNmLUJGCgZFIBm9rgN,6991027c-b6dd-4099-8053-cf5fd576b0a0,Cuckoo/Magpie E.P./02 Autobahn Kidnapping.m4a,Autobahn Kidnapping,Cuckoo,Cuckoo,Magpie E.P.,329.380,nHrjNST_HQ8,RPwBJFH7YLE,6xOJTNmLUJGCgZFIBm9rgN,6991027c-b6dd-4099-8053-cf5fd576b0a0
present_same_path,certain,same_path,no,Tokyorenbo/XXXX-XXX-XXX/01 XXXX-XXX-XXX.m4a,XXXX-XXX-XXX,Tokyorenbo,Tokyorenbo,XXXX-XXX-XXX,231.724,4148023,MKTebM4xazA,MKTebM4xazA,5GOqIV4F4vTG5DgbvYhOpH,,Tokyorenbo/XXXX-XXX-XXX/01 XXXX-XXX-XXX.m4a,XXXX-XXX-XXX,Tokyorenbo,Tokyorenbo,XXXX-XXX-XXX,231.745,MKTebM4xazA,MKTebM4xazA,5GOqIV4F4vTG5DgbvYhOpH,
present_same_path,certain,same_path,no,Stoic High School/Unknown Album/634 【呪術廻戦OP】『廻廻奇譚』をバンドで演奏してみた☆.m4a,【呪術廻戦OP】『廻廻奇譚』をバンドで演奏してみた☆,Stoic High School,Stoic High School,Unknown Album,224.572,3814185,BDO9Bjj3_Zc,BDO9Bjj3_Zc,,,Stoic High School/Unknown Album/634 【呪術廻戦OP】『廻廻奇譚』をバンドで演奏してみた☆.m4a,【呪術廻戦OP】『廻廻奇譚』をバンドで演奏してみた☆,Stoic High School,Stoic High School,Unknown Album,224.593,BDO9Bjj3_Zc,BDO9Bjj3_Zc,,
present_same_path,certain,same_path,no,Sato Moka/melt bitter/01 melt bitter.m4a,melt bitter,Sato Moka,Sato Moka,melt bitter,309.840,5202350,mwTmvdIeYnE,c7-Dt-BnVVI,6uSe3ACORUIVrAyiP84RZi,,Sato Moka/melt bitter/01 melt bitter.m4a,melt bitter,Sato Moka,Sato Moka,melt bitter,309.861,mwTmvdIeYnE,c7-Dt-BnVVI,6uSe3ACORUIVrAyiP84RZi,
present_same_path,certain,same_path,no,Overpade/hate/01 hate.m4a,hate,Overpade,Overpade,hate,105.184,2022024,ZEZN1ykAx7Y,ZEZN1ykAx7Y,3Jlch5AQC4NS7dS5GO7lYk,af263df3-2ff5-4544-9b22-e412edaa27ed,Overpade/hate/01 hate.m4a,hate,Overpade,Overpade,hate,105.205,ZEZN1ykAx7Y,ZEZN1ykAx7Y,3Jlch5AQC4NS7dS5GO7lYk,af263df3-2ff5-4544-9b22-e412edaa27ed
present_same_path,certain,same_path,no,Hakubi/Era/04 フレア - Flare.m4a,フレア - Flare,Hakubi,Hakubi,Era,178.522,3040516,65MBF6I18OE,65MBF6I18OE,,,Hakubi/Era/04 フレア - Flare.m4a,フレア - Flare,Hakubi,Hakubi,Era,178.543,65MBF6I18OE,65MBF6I18OE,,
present_same_path,certain,same_path,no,Ivory/Unknown Album/307 Berserk soundtrack - Silver Fins - Waiting So Long (full song).m4a,Berserk soundtrack - Silver Fins - Waiting So Long (full song),Ivory,Ivory,Unknown Album,220.288,3682573,70GD2SBCq64,70GD2SBCq64,,,Ivory/Unknown Album/307 Berserk soundtrack - Silver Fins - Waiting So Long (full song).m4a,Berserk soundtrack - Silver Fins - Waiting So Long (full song),Ivory,Ivory,Unknown Album,220.309,70GD2SBCq64,70GD2SBCq64,,
present_same_path,certain,same_path,no,WAGAMAMARAKIA/ONYX/01 GR4VITY G4ME.m4a,GR4VITY G4ME,WAGAMAMARAKIA,WAGAMAMARAKIA,ONYX,238.413,4082605,QIlKg-4DiUg,QIlKg-4DiUg,0pcmRfsIvU2mxvOwHAznMk,,WAGAMAMARAKIA/ONYX/01 GR4VITY G4ME.m4a,GR4VITY G4ME,WAGAMAMARAKIA,WAGAMAMARAKIA,ONYX,238.434,QIlKg-4DiUg,QIlKg-4DiUg,0pcmRfsIvU2mxvOwHAznMk,
present_same_path,certain,same_path,no,Favio D/Unknown Album/208 Sorairo Days - Masaaki Endoh Version.m4a,Sorairo Days - Masaaki Endoh Version,Favio D,Favio D,Unknown Album,265.091,4562712,-dWZcF58EgA,-dWZcF58EgA,,,Favio D/Unknown Album/208 Sorairo Days - Masaaki Endoh Version.m4a,Sorairo Days - Masaaki Endoh Version,Favio D,Favio D,Unknown Album,265.112,-dWZcF58EgA,-dWZcF58EgA,,
present_same_path,certain,same_path,no,d!ps/Unknown Album/850 Kessoku Band - あのバンド (Ano Bando) Bocchi the rock street performance version bass & guitar cover.m4a,Kessoku Band - あのバンド (Ano Bando) Bocchi the rock street performance version bass & guitar cover,d!ps,d!ps,Unknown Album,95.806,1784709,ke1YycY5Paw,ke1YycY5Paw,,,d!ps/Unknown Album/850 Kessoku Band - あのバンド (Ano Bando) Bocchi the rock street performance version bass & guitar cover.m4a,Kessoku Band - あのバンド (Ano Bando) Bocchi the rock street performance version bass & guitar cover,d!ps,d!ps,Unknown Album,95.827,ke1YycY5Paw,ke1YycY5Paw,,
present_same_path,certain,same_path,no,All That Remains/The Fall Of Ideals/01 This Calling.m4a,This Calling,All That Remains,All That Remains,The Fall Of Ideals,218.534,3911787,raRHUG0PkQU,1AINHDstO_w,2vH5Fy44mcCDUrUk0XbvfH,72813817-ba41-4d12-8dc8-1dc609e0c723,All That Remains/The Fall Of Ideals/01 This Calling.m4a,This Calling,All That Remains,All That Remains,The Fall Of Ideals,218.555,raRHUG0PkQU,1AINHDstO_w,2vH5Fy44mcCDUrUk0XbvfH,72813817-ba41-4d12-8dc8-1dc609e0c723
present_same_path,certain,same_path,no,yama/the meaning of life/1281 クリーム(Versus The Night 0.0).m4a,クリーム(Versus The Night 0.0),yama,yama,the meaning of life,218.616,3842785,F0F1rrVI7cQ,F0F1rrVI7cQ,,ee5fe66e-1e74-4c36-944c-8d4effcbeeb0,yama/the meaning of life/1281 クリーム(Versus The Night 0.0).m4a,クリーム(Versus The Night 0.0),yama,yama,the meaning of life,218.637,F0F1rrVI7cQ,F0F1rrVI7cQ,,ee5fe66e-1e74-4c36-944c-8d4effcbeeb0
present_same_path,certain,same_path,no,Worldwide FM/Unknown Album/782 Joe Armon-Jones and Femi Koleoso for Brownswood Basement x The Lot Radio.m4a,Joe Armon-Jones and Femi Koleoso for Brownswood Basement x The Lot Radio,Worldwide FM,Worldwide FM,Unknown Album,1208.204,19885205,-7givQ1hvWs,-7givQ1hvWs,,,Worldwide FM/Unknown Album/782 Joe Armon-Jones and Femi Koleoso for Brownswood Basement x The Lot Radio.m4a,Joe Armon-Jones and Femi Koleoso for Brownswood Basement x The Lot Radio,Worldwide FM,Worldwide FM,Unknown Album,1208.225,-7givQ1hvWs,-7givQ1hvWs,,
present_same_path,certain,same_path,no,"sidenerds/wasurerarenai, sorega anata/01 わすれたい - Need it gone.m4a",わすれたい - Need it gone,sidenerds,sidenerds,"wasurerarenai, sorega anata",140.287,2688645,XbxhdBAEGHQ,XbxhdBAEGHQ,6ZSTRdP4LZn9f7k9KWpNdp,868e8ca5-6b43-4e62-b0d3-02456b422c87,"sidenerds/wasurerarenai, sorega anata/01 わすれたい - Need it gone.m4a",わすれたい - Need it gone,sidenerds,sidenerds,"wasurerarenai, sorega anata",140.308,XbxhdBAEGHQ,XbxhdBAEGHQ,6ZSTRdP4LZn9f7k9KWpNdp,868e8ca5-6b43-4e62-b0d3-02456b422c87
present_same_path,certain,same_path,no,sidenerds/dive/02 入水 - dive.m4a,入水 - dive,sidenerds,sidenerds,dive,232.064,4281838,iowEDFhRSGY,iowEDFhRSGY,5aQKenjiIpQOShuIHsGqrU,0d9cec5d-51b2-4781-b9f1-909395e13ebc,sidenerds/dive/02 入水 - dive.m4a,入水 - dive,sidenerds,sidenerds,dive,232.085,iowEDFhRSGY,iowEDFhRSGY,5aQKenjiIpQOShuIHsGqrU,0d9cec5d-51b2-4781-b9f1-909395e13ebc
present_same_path,certain,same_path,no,Furui Riho/Hello/01 Hello.m4a,Hello,Furui Riho,Furui Riho,Hello,232.097,4380969,Eu7l7aSLxG0,Eu7l7aSLxG0,7A7ZcbZVlgiIgohy5EpwwS,55ffd8d7-92d5-4b99-818f-92cf99a914aa,Furui Riho/Hello/01 Hello.m4a,Hello,Furui Riho,Furui Riho,Hello,232.118,Eu7l7aSLxG0,Eu7l7aSLxG0,7A7ZcbZVlgiIgohy5EpwwS,55ffd8d7-92d5-4b99-818f-92cf99a914aa
present_same_path,certain,same_path,no,Jacob Collier/Djesse Vol. 3/11 He Won't Hold You (feat. Rapsody).m4a,He Won't Hold You (feat. Rapsody),Jacob Collier,Jacob Collier,Djesse Vol. 3,300.134,5383238,OnA5po3ASyI,vlButWxm1AI,3mSoxi4aC7oiTGJjsLLkaM,,Jacob Collier/Djesse Vol. 3/11 He Won't Hold You (feat. Rapsody).m4a,He Won't Hold You (feat. Rapsody),Jacob Collier,Jacob Collier,Djesse Vol. 3,300.155,OnA5po3ASyI,vlButWxm1AI,3mSoxi4aC7oiTGJjsLLkaM,
present_same_path,certain,same_path,no,Jacob Collier/Djesse Vol. 2/04 Make Me Cry.m4a,Make Me Cry,Jacob Collier,Jacob Collier,Djesse Vol. 2,232.800,4268308,Ra77qWfXv1c,-qMc2KoXUV8,4Y6VEDkRSpbn8Wt8x18RHh,0c5f3897-2ba3-4b59-907e-2ce979357fd6,Jacob Collier/Djesse Vol. 2/04 Make Me Cry.m4a,Make Me Cry,Jacob Collier,Jacob Collier,Djesse Vol. 2,232.821,Ra77qWfXv1c,-qMc2KoXUV8,4Y6VEDkRSpbn8Wt8x18RHh,0c5f3897-2ba3-4b59-907e-2ce979357fd6
present_same_path,certain,same_path,no,Jacob Collier/Djesse Vol. 2/06 Feel (feat. Lianne La Havas).m4a,Feel (feat. Lianne La Havas),Jacob Collier,Jacob Collier,Djesse Vol. 2,390.560,6881615,VMzIBNC_ojI,OGfGEPVyvu8,7MGNHuYwmm9UjQgdVciO1v,,Jacob Collier/Djesse Vol. 2/06 Feel (feat. Lianne La Havas).m4a,Feel (feat. Lianne La Havas),Jacob Collier,Jacob Collier,Djesse Vol. 2,390.581,VMzIBNC_ojI,OGfGEPVyvu8,7MGNHuYwmm9UjQgdVciO1v,
present_same_path,certain,same_path,no,Kevin Zamora/Unknown Album/351 tricot - Pork Ginger (ポークジンジャー) _ english_japanese_romaji lyrics 歌詞.m4a,tricot - Pork Ginger (ポークジンジャー) | english/japanese/romaji lyrics 歌詞,Kevin Zamora,Kevin Zamora,Unknown Album,283.435,4866424,aLUYB0YgNX0,aLUYB0YgNX0,,,Kevin Zamora/Unknown Album/351 tricot - Pork Ginger (ポークジンジャー) _ english_japanese_romaji lyrics 歌詞.m4a,tricot - Pork Ginger (ポークジンジャー) | english/japanese/romaji lyrics 歌詞,Kevin Zamora,Kevin Zamora,Unknown Album,283.456,aLUYB0YgNX0,aLUYB0YgNX0,,
present_same_path,certain,same_path,no,ZERO[Hz]/VENOM/01 VENOM.m4a,VENOM,ZERO[Hz],ZERO[Hz],VENOM,221.900,4018872,M-3L5SYSFc0,vURTztqLRws,0MkWWUuBmIJ6Y8SurSeJ2E,,ZERO[Hz]/VENOM/01 VENOM.m4a,VENOM,ZERO[Hz],ZERO[Hz],VENOM,221.921,M-3L5SYSFc0,vURTztqLRws,0MkWWUuBmIJ6Y8SurSeJ2E,
present_same_path,certain,same_path,no,The Long Faces/Sail Away/01 Sail Away.m4a,Sail Away,The Long Faces,The Long Faces,Sail Away,224.454,3981034,pCIDSrebiPU,pCIDSrebiPU,5n6Lgo7r6BKx2E3tXZuVe3,49c75338-6931-4e12-b1bd-c792338969c8,The Long Faces/Sail Away/01 Sail Away.m4a,Sail Away,The Long Faces,The Long Faces,Sail Away,224.475,pCIDSrebiPU,pCIDSrebiPU,5n6Lgo7r6BKx2E3tXZuVe3,49c75338-6931-4e12-b1bd-c792338969c8
present_same_path,certain,same_path,no,Kaneko Ayano/Hikari No Hou E/01 光の方へ - Hikari No Hou E.m4a,光の方へ - Hikari No Hou E,Kaneko Ayano,Kaneko Ayano,Hikari No Hou E,229.227,4005958,cE7-jDEKtE4,RxlZ-yhz-Y4,,,Kaneko Ayano/Hikari No Hou E/01 光の方へ - Hikari No Hou E.m4a,光の方へ - Hikari No Hou E,Kaneko Ayano,Kaneko Ayano,Hikari No Hou E,229.248,cE7-jDEKtE4,RxlZ-yhz-Y4,,
present_same_path,certain,same_path,no,Kaneko Ayano/Unknown Album/343 カネコアヤノ『やさしい生活』.m4a,カネコアヤノ『やさしい生活』,Kaneko Ayano,Kaneko Ayano,Unknown Album,300.310,5002131,rBLSqKioHXQ,rBLSqKioHXQ,,,Kaneko Ayano/Unknown Album/343 カネコアヤノ『やさしい生活』.m4a,カネコアヤノ『やさしい生活』,Kaneko Ayano,Kaneko Ayano,Unknown Album,300.331,rBLSqKioHXQ,rBLSqKioHXQ,,
present_same_path,certain,same_path,no,HANABIE./L.C.G/01 L.C.G.m4a,L.C.G,HANABIE.,HANABIE.,L.C.G,236.835,4249976,1unAr05MRis,Qvdi5XM38fY,0MnPMJ5LZuyHFWjbIZQESF,99e0fb86-c9fd-41a0-b0af-067d7ad18404,HANABIE./L.C.G/01 L.C.G.m4a,L.C.G,HANABIE.,HANABIE.,L.C.G,236.849,1unAr05MRis,Qvdi5XM38fY,0MnPMJ5LZuyHFWjbIZQESF,99e0fb86-c9fd-41a0-b0af-067d7ad18404
present_same_path,certain,same_path,no,HANABIE./Unknown Album/245 【呪術廻戦】女子大生がデスボとハイトーンで廻廻奇譚歌ってみた【花冷え。歌ってみた第二弾】.m4a,【呪術廻戦】女子大生がデスボとハイトーンで廻廻奇譚歌ってみた【花冷え。歌ってみた第二弾】,HANABIE.,HANABIE.,Unknown Album,284.971,4982488,--lSgom2ik0,--lSgom2ik0,,,HANABIE./Unknown Album/245 【呪術廻戦】女子大生がデスボとハイトーンで廻廻奇譚歌ってみた【花冷え。歌ってみた第二弾】.m4a,【呪術廻戦】女子大生がデスボとハイトーンで廻廻奇譚歌ってみた【花冷え。歌ってみた第二弾】,HANABIE.,HANABIE.,Unknown Album,284.992,--lSgom2ik0,--lSgom2ik0,,
present_same_path,certain,same_path,no,HANABIE./Unknown Album/244 花冷え。- 踊 _ Ado(Band cover Metal ver.) (歌ってみた第3弾).m4a,花冷え。- 踊 / Ado(Band cover Metal ver.) (歌ってみた第3弾),HANABIE.,HANABIE.,Unknown Album,215.157,3833368,SPSpXzp3tfQ,SPSpXzp3tfQ,,,HANABIE./Unknown Album/244 花冷え。- 踊 _ Ado(Band cover Metal ver.) (歌ってみた第3弾).m4a,花冷え。- 踊 / Ado(Band cover Metal ver.) (歌ってみた第3弾),HANABIE.,HANABIE.,Unknown Album,215.177,SPSpXzp3tfQ,SPSpXzp3tfQ,,
present_same_path,certain,same_path,no,HANABIE./Girl's Reform Manifest/05 Reiwa dating apps generation.m4a,Reiwa dating apps generation,HANABIE.,HANABIE.,Girl's Reform Manifest,209.625,3885689,LOs_Th_qyIs,MmJPxJSPLcA,41qfrjr1dy4R2KAPl2raZW,,HANABIE./Girl's Reform Manifest/05 Reiwa dating apps generation.m4a,Reiwa dating apps generation,HANABIE.,HANABIE.,Girl's Reform Manifest,209.646,LOs_Th_qyIs,MmJPxJSPLcA,41qfrjr1dy4R2KAPl2raZW,
present_same_path,certain,same_path,no,HANABIE./Girl's Reform Manifest/07 我甘党 - We love sweets.m4a,我甘党 - We love sweets,HANABIE.,HANABIE.,Girl's Reform Manifest,159.520,3037290,G18yyvPCiTM,fh6N4bDnTs0,0XuctrPVJmwNifmEaoC5Bj,,HANABIE./Girl's Reform Manifest/07 我甘党 - We love sweets.m4a,我甘党 - We love sweets,HANABIE.,HANABIE.,Girl's Reform Manifest,159.541,G18yyvPCiTM,fh6N4bDnTs0,0XuctrPVJmwNifmEaoC5Bj,
present_same_path,certain,same_path,no,"Emery/The Question/11 In A Lose, Lose Situation.m4a","In A Lose, Lose Situation",Emery,Emery,The Question,236.627,4208287,5xGgXTSMzh8,5xGgXTSMzh8,4BBVl7gen8DfkFjgd1kGZd,f13b9a91-b330-4fdf-a0c4-7c8cf2ae0c76,"Emery/The Question/11 In A Lose, Lose Situation.m4a","In A Lose, Lose Situation",Emery,Emery,The Question,236.648,5xGgXTSMzh8,5xGgXTSMzh8,4BBVl7gen8DfkFjgd1kGZd,f13b9a91-b330-4fdf-a0c4-7c8cf2ae0c76
present_same_path,certain,same_path,no,"CQ/Communication,Cultural,Curiosity Quotient～2024 Remastered～/01 Disco Crimson.m4a",Disco Crimson,CQ,CQ,"Communication,Cultural,Curiosity Quotient～2024 Remastered～",271.667,4614564,FML2d5Dt-lg,FML2d5Dt-lg,00TazEoB0bLPQMkGOslGlp,1cbc4239-22a9-4ee7-a382-d87587abedf5,"CQ/Communication,Cultural,Curiosity Quotient～2024 Remastered～/01 Disco Crimson.m4a",Disco Crimson,CQ,CQ,"Communication,Cultural,Curiosity Quotient～2024 Remastered～",271.688,FML2d5Dt-lg,FML2d5Dt-lg,00TazEoB0bLPQMkGOslGlp,1cbc4239-22a9-4ee7-a382-d87587abedf5
present_same_path,certain,same_path,no,Fennel/slow down/01 drunker.m4a,drunker,Fennel,Fennel,slow down,275.000,4767885,qMVy9tB1bTk,qMVy9tB1bTk,2TNwH1GLmKSFugnCKenHoG,e784a65d-d20c-44eb-9ed8-286ae7f170df,Fennel/slow down/01 drunker.m4a,drunker,Fennel,Fennel,slow down,275.021,qMVy9tB1bTk,qMVy9tB1bTk,2TNwH1GLmKSFugnCKenHoG,e784a65d-d20c-44eb-9ed8-286ae7f170df
present_same_path,certain,same_path,no,supercell/Today Is A Beautiful Day/08 Feel So Good.m4a,Feel So Good,supercell,supercell,Today Is A Beautiful Day,301.987,5369195,a8jGd3h58fI,a8jGd3h58fI,7KZdhGQMMrzeJj0ETX80km,69ca2c36-8642-4968-9e7d-451d9d98114c,supercell/Today Is A Beautiful Day/08 Feel So Good.m4a,Feel So Good,supercell,supercell,Today Is A Beautiful Day,302.008,a8jGd3h58fI,a8jGd3h58fI,7KZdhGQMMrzeJj0ETX80km,69ca2c36-8642-4968-9e7d-451d9d98114c
present_same_path,certain,same_path,no,supercell/Unknown Album/1116 #Love (feat. Ann & gaku).m4a,#Love (feat. Ann & gaku),supercell,supercell,Unknown Album,260.354,4468872,mx6E6EJnLPg,mx6E6EJnLPg,,,supercell/Unknown Album/1116 #Love (feat. Ann & gaku).m4a,#Love (feat. Ann & gaku),supercell,supercell,Unknown Album,260.375,mx6E6EJnLPg,mx6E6EJnLPg,,
present_same_path,certain,same_path,no,Squall Of Scream/WHAT COLOR/01 花の色 - Color Of Flower.m4a,花の色 - Color Of Flower,Squall Of Scream,Squall Of Scream,WHAT COLOR,249.065,4557111,N5wa9tc7KGM,RbLtOhPLhKo,4Xa3gvE8evELv6cmKTNaKt,64772c10-4d2e-4813-8faf-0f7d3b60963d,Squall Of Scream/WHAT COLOR/01 花の色 - Color Of Flower.m4a,花の色 - Color Of Flower,Squall Of Scream,Squall Of Scream,WHAT COLOR,249.078,N5wa9tc7KGM,RbLtOhPLhKo,4Xa3gvE8evELv6cmKTNaKt,64772c10-4d2e-4813-8faf-0f7d3b60963d
present_same_path,certain,same_path,no,chouchou merged syrups/since/07 白い呼吸 - white breath.m4a,白い呼吸 - white breath,chouchou merged syrups,chouchou merged syrups,since,289.854,4879814,SF-qM3C0kUQ,SF-qM3C0kUQ,4JQm8GF2i4IWdrZyOhNS9G,c55f29dc-9998-4b35-8489-4fa334865a9a,chouchou merged syrups/since/07 白い呼吸 - white breath.m4a,白い呼吸 - white breath,chouchou merged syrups,chouchou merged syrups,since,289.875,SF-qM3C0kUQ,SF-qM3C0kUQ,4JQm8GF2i4IWdrZyOhNS9G,c55f29dc-9998-4b35-8489-4fa334865a9a
present_same_path,certain,same_path,no,ESNO/Release/02 CME.m4a,CME,ESNO,ESNO,Release,204.094,3573425,50sKGUj9PEQ,50sKGUj9PEQ,2WxAKSoagEl8jJN9qpRjyn,cbffaba8-7bba-4365-913b-93791af0fff8,ESNO/Release/02 CME.m4a,CME,ESNO,ESNO,Release,204.115,50sKGUj9PEQ,50sKGUj9PEQ,2WxAKSoagEl8jJN9qpRjyn,cbffaba8-7bba-4365-913b-93791af0fff8
present_same_path,certain,same_path,no,Sonic Youth/Unknown Album/621 Incinerate Closed Captioned.m4a,Incinerate Closed Captioned,Sonic Youth,Sonic Youth,Unknown Album,292.932,4921600,rP3ovD8ZSS4,rP3ovD8ZSS4,,,Sonic Youth/Unknown Album/621 Incinerate Closed Captioned.m4a,Incinerate Closed Captioned,Sonic Youth,Sonic Youth,Unknown Album,292.953,rP3ovD8ZSS4,rP3ovD8ZSS4,,
present_same_path,certain,same_path,no,Mother Mother/O My Heart/08 Hayloft.m4a,Hayloft,Mother Mother,Mother Mother,O My Heart,181.680,3375882,wiXvDsHfpdk,AJ21voLY3BU,2kKkl59fY6Cic1CmhvSEZK,71a7dc8b-c8cd-4c26-a8d8-525751389d42,Mother Mother/O My Heart/08 Hayloft.m4a,Hayloft,Mother Mother,Mother Mother,O My Heart,181.701,wiXvDsHfpdk,AJ21voLY3BU,2kKkl59fY6Cic1CmhvSEZK,71a7dc8b-c8cd-4c26-a8d8-525751389d42
present_same_path,certain,same_path,no,Mother Mother/Touch Up/449 Oh Ana.m4a,Oh Ana,Mother Mother,Mother Mother,Touch Up,197.080,3410834,djS5XuvRafM,nj6pZFnZnEg,1HOhw9h6IpSVpFPS6OzUu4,82217aa5-53b8-4a91-b1ba-b23e94424374,Mother Mother/Touch Up/449 Oh Ana.m4a,Oh Ana,Mother Mother,Mother Mother,Touch Up,197.101,djS5XuvRafM,nj6pZFnZnEg,1HOhw9h6IpSVpFPS6OzUu4,82217aa5-53b8-4a91-b1ba-b23e94424374
present_same_path,certain,same_path,no,Otomekaiga/Kyoukai/03 日が落ちた - hi ga ochita.m4a,日が落ちた - hi ga ochita,Otomekaiga,Otomekaiga,Kyoukai,202.701,3581623,WBzT2yc2Do8,qKUp3V44Nr8,0mA8tTQls2R6eBMIz7bF2P,,Otomekaiga/Kyoukai/03 日が落ちた - hi ga ochita.m4a,日が落ちた - hi ga ochita,Otomekaiga,Otomekaiga,Kyoukai,202.715,WBzT2yc2Do8,qKUp3V44Nr8,0mA8tTQls2R6eBMIz7bF2P,
present_same_path,certain,same_path,no,fulusu/Chapter_ Nearend/01 色の無い芸術 - Monochrome art.m4a,色の無い芸術 - Monochrome art,fulusu,fulusu,Chapter: Nearend,270.002,4555329,kNvDLBQ0LUM,dEemrM9YtI0,1EMraIZgUEanQCInR6UK0i,b4e133ff-2f4c-45a6-b50d-4935c2233ed3,fulusu/Chapter_ Nearend/01 色の無い芸術 - Monochrome art.m4a,色の無い芸術 - Monochrome art,fulusu,fulusu,Chapter: Nearend,270.023,kNvDLBQ0LUM,dEemrM9YtI0,1EMraIZgUEanQCInR6UK0i,b4e133ff-2f4c-45a6-b50d-4935c2233ed3
present_same_path,certain,same_path,no,fulusu/Bruised by Praise/08 乞う身体 - The Begging Body.m4a,乞う身体 - The Begging Body,fulusu,fulusu,Bruised by Praise,218.731,3852999,dH9aeXLGd3o,-WO-qKLAIQA,3hwG3Jq8lfHIvpZSGnooYR,db217a62-104e-4053-b64e-4020479181e9,fulusu/Bruised by Praise/08 乞う身体 - The Begging Body.m4a,乞う身体 - The Begging Body,fulusu,fulusu,Bruised by Praise,218.752,dH9aeXLGd3o,-WO-qKLAIQA,3hwG3Jq8lfHIvpZSGnooYR,db217a62-104e-4053-b64e-4020479181e9
present_same_path,certain,same_path,no,fulusu/Chapter_ Lost/02 考察_ 雨 - Consideration_ Rain.m4a,考察: 雨 - Consideration: Rain,fulusu,fulusu,Chapter: Lost,274.750,4688515,ut68rpt_CCE,XS-PrRMoMPQ,5SxIrRf98AVdoinrev47Pw,,fulusu/Chapter_ Lost/02 考察_ 雨 - Consideration_ Rain.m4a,考察: 雨 - Consideration: Rain,fulusu,fulusu,Chapter: Lost,274.771,ut68rpt_CCE,XS-PrRMoMPQ,5SxIrRf98AVdoinrev47Pw,
present_same_path,certain,same_path,no,fulusu/Trial_ One/02 Ash.m4a,Ash,fulusu,fulusu,Trial: One,192.747,3183124,2cYlRgnBceo,Pfx-iH6FQe4,2ujEmmRWHBXoRKY8RYQ5js,170aca22-bc61-4783-8701-a4cf46b854c5,fulusu/Trial_ One/02 Ash.m4a,Ash,fulusu,fulusu,Trial: One,192.768,2cYlRgnBceo,Pfx-iH6FQe4,2ujEmmRWHBXoRKY8RYQ5js,170aca22-bc61-4783-8701-a4cf46b854c5
present_same_path,certain,same_path,no,Rise Against/Siren Song Of The Counter-Culture/04 Paper Wings.m4a,Paper Wings,Rise Against,Rise Against,Siren Song Of The Counter-Culture,223.614,4119384,ZJwy9jTiyu4,ZJwy9jTiyu4,6Nl8qp2bhHHWGYt3BYmsY1,93313021-0cdb-4693-bb62-7c1e938a51c0,Rise Against/Siren Song Of The Counter-Culture/04 Paper Wings.m4a,Paper Wings,Rise Against,Rise Against,Siren Song Of The Counter-Culture,223.635,ZJwy9jTiyu4,ZJwy9jTiyu4,6Nl8qp2bhHHWGYt3BYmsY1,93313021-0cdb-4693-bb62-7c1e938a51c0
present_same_path,certain,same_path,no,kamome sano/if/07 __emotional_.m4a,</emotional>,kamome sano,kamome sano,if,328.087,5616678,LwMcOE2gnPY,fTsJZd-uNmY,2ly6QfSfx7OYs3Zlbpe1Cl,8fe954c6-353c-491a-bdfc-f7071c94b058,kamome sano/if/07 __emotional_.m4a,</emotional>,kamome sano,kamome sano,if,328.108,LwMcOE2gnPY,fTsJZd-uNmY,2ly6QfSfx7OYs3Zlbpe1Cl,8fe954c6-353c-491a-bdfc-f7071c94b058
present_same_path,certain,same_path,no,GALNERYUS/ANGEL OF SALVATION/06 HUNTING FOR YOUR DREAM.m4a,HUNTING FOR YOUR DREAM,GALNERYUS,GALNERYUS,ANGEL OF SALVATION,324.461,5639865,6FhmyWT-_0U,CyIoNt2m1Gw,2wSBd0G5t1suEUn4xWM8Vh,b4be6f3d-9a2c-4ba4-b641-88973ff1e7e5,GALNERYUS/ANGEL OF SALVATION/06 HUNTING FOR YOUR DREAM.m4a,HUNTING FOR YOUR DREAM,GALNERYUS,GALNERYUS,ANGEL OF SALVATION,324.475,6FhmyWT-_0U,CyIoNt2m1Gw,2wSBd0G5t1suEUn4xWM8Vh,b4be6f3d-9a2c-4ba4-b641-88973ff1e7e5
present_same_path,certain,same_path,no,Akatan/口癖/01 口癖.m4a,口癖,Akatan,Akatan,口癖,233.847,4145275,gXrMwXPVRsU,gXrMwXPVRsU,3jqfaSTM10ZP7uoF6x1x5R,,Akatan/口癖/01 口癖.m4a,口癖,Akatan,Akatan,口癖,233.868,gXrMwXPVRsU,gXrMwXPVRsU,3jqfaSTM10ZP7uoF6x1x5R,
present_same_path,certain,same_path,no,Inshow ha/Kirei/01 綺麗 - Kirei.m4a,綺麗 - Kirei,Inshow ha,Inshow ha,Kirei,246.227,4309936,S1QiBHQIchU,6ssL75lEiqU,5z846UkX9wf8n2wB2kuuEA,,Inshow ha/Kirei/01 綺麗 - Kirei.m4a,綺麗 - Kirei,Inshow ha,Inshow ha,Kirei,246.248,S1QiBHQIchU,6ssL75lEiqU,5z846UkX9wf8n2wB2kuuEA,
present_same_path,certain,same_path,no,BADBADNOTGOOD/BBNG x Odd Future/62 SHE.m4a,SHE,BADBADNOTGOOD,BADBADNOTGOOD,BBNG x Odd Future,476.729,7995411,2KAiszHdGH8,2KAiszHdGH8,,1a0fc804-6821-44df-98b9-1cf7a8f61dbc,BADBADNOTGOOD/BBNG x Odd Future/62 SHE.m4a,SHE,BADBADNOTGOOD,BADBADNOTGOOD,BBNG x Odd Future,476.750,2KAiszHdGH8,2KAiszHdGH8,,1a0fc804-6821-44df-98b9-1cf7a8f61dbc
present_same_path,certain,same_path,no,BADBADNOTGOOD/Talk Memory/01 Signal from the Noise.m4a,Signal from the Noise,BADBADNOTGOOD,BADBADNOTGOOD,Talk Memory,542.750,9029564,gMEto80a2HY,xoIJEwmLHlU,0AJ8ksaZ9skN8UxEQw3L2p,b61af8fb-b2f7-4dc7-ab97-2e55f817e421,BADBADNOTGOOD/Talk Memory/01 Signal from the Noise.m4a,Signal from the Noise,BADBADNOTGOOD,BADBADNOTGOOD,Talk Memory,542.771,gMEto80a2HY,xoIJEwmLHlU,0AJ8ksaZ9skN8UxEQw3L2p,b61af8fb-b2f7-4dc7-ab97-2e55f817e421
present_same_path,certain,same_path,no,hitorie/DEEPER/900 ワンミーツハー - One Me Two Hearts.m4a,ワンミーツハー - One Me Two Hearts,hitorie,hitorie,DEEPER,203.600,3740185,_NJ3LGt5gNQ,_NJ3LGt5gNQ,,,hitorie/DEEPER/900 ワンミーツハー - One Me Two Hearts.m4a,ワンミーツハー - One Me Two Hearts,hitorie,hitorie,DEEPER,203.621,_NJ3LGt5gNQ,_NJ3LGt5gNQ,,
present_same_path,certain,same_path,no,CodyLee/Dancing Lights/01 おどる ひかり.m4a,おどる ひかり,CodyLee,CodyLee,Dancing Lights,281.296,4869834,xn6pEFpbXh8,LmVcqQsYNEM,5vKeKeMQEOVVHvWoboCWdK,,CodyLee/Dancing Lights/01 おどる ひかり.m4a,おどる ひかり,CodyLee,CodyLee,Dancing Lights,281.317,xn6pEFpbXh8,LmVcqQsYNEM,5vKeKeMQEOVVHvWoboCWdK,
present_same_path,certain,same_path,no,mitsume/Eye/06 Disco.m4a,Disco,mitsume,mitsume,Eye,181.027,3103551,Q26ZILgxDj4,Q26ZILgxDj4,4jzlvo0SdmUZGAjZSvmREI,,mitsume/Eye/06 Disco.m4a,Disco,mitsume,mitsume,Eye,181.048,Q26ZILgxDj4,Q26ZILgxDj4,4jzlvo0SdmUZGAjZSvmREI,
present_same_path,certain,same_path,no,NEWFOLK/Unknown Album/468 ラッキーオールドサン _深夜テンション_ (Official Music Video).m4a,"ラッキーオールドサン ""深夜テンション"" (Official Music Video)",NEWFOLK,NEWFOLK,Unknown Album,276.587,4108772,wCyMv_MM7Dc,wCyMv_MM7Dc,,,NEWFOLK/Unknown Album/468 ラッキーオールドサン _深夜テンション_ (Official Music Video).m4a,"ラッキーオールドサン ""深夜テンション"" (Official Music Video)",NEWFOLK,NEWFOLK,Unknown Album,276.608,wCyMv_MM7Dc,wCyMv_MM7Dc,,
present_same_path,certain,same_path,no,darthhelmet2193/Unknown Album/852 Asaki - Sanagi.m4a,Asaki - Sanagi,darthhelmet2193,darthhelmet2193,Unknown Album,394.600,6520851,qGf-ZiLlDnw,qGf-ZiLlDnw,,,darthhelmet2193/Unknown Album/852 Asaki - Sanagi.m4a,Asaki - Sanagi,darthhelmet2193,darthhelmet2193,Unknown Album,394.621,qGf-ZiLlDnw,qGf-ZiLlDnw,,
present_same_path,certain,same_path,no,Ichiko Aoba/A hill of the moon/01 月の丘 - A hill of the moon.m4a,月の丘 - A hill of the moon,Ichiko Aoba,Ichiko Aoba,A hill of the moon,206.240,3373632,ske5X_BLr1I,ske5X_BLr1I,0EEeL6BtOHa4rwRUEepngu,,Ichiko Aoba/A hill of the moon/01 月の丘 - A hill of the moon.m4a,月の丘 - A hill of the moon,Ichiko Aoba,Ichiko Aoba,A hill of the moon,206.261,ske5X_BLr1I,ske5X_BLr1I,0EEeL6BtOHa4rwRUEepngu,
present_same_path,certain,same_path,no,Wakusei Abnormal/Unknown Album/772 愛してやまない.m4a,愛してやまない,Wakusei Abnormal,Wakusei Abnormal,Unknown Album,287.498,4918616,dPQE-w-vahg,dPQE-w-vahg,1O7QYOGGa7fLLnkxCZVdCD,,Wakusei Abnormal/Unknown Album/772 愛してやまない.m4a,愛してやまない,Wakusei Abnormal,Wakusei Abnormal,Unknown Album,287.519,dPQE-w-vahg,dPQE-w-vahg,1O7QYOGGa7fLLnkxCZVdCD,
present_same_path,certain,same_path,no,"Tsukuyomi/Sing The Moon/05 暮れに茜、芥と花束 - Dusk and madder, dust and flower.m4a","暮れに茜、芥と花束 - Dusk and madder, dust and flower",Tsukuyomi,Tsukuyomi,Sing The Moon,210.054,3724040,kZo3pCWI8go,kZo3pCWI8go,08t2vjBtsQwjFrDq5aXuFA,,"Tsukuyomi/Sing The Moon/05 暮れに茜、芥と花束 - Dusk and madder, dust and flower.m4a","暮れに茜、芥と花束 - Dusk and madder, dust and flower",Tsukuyomi,Tsukuyomi,Sing The Moon,210.075,kZo3pCWI8go,kZo3pCWI8go,08t2vjBtsQwjFrDq5aXuFA,
present_same_path,certain,same_path,no,6OCK/Unknown Album/07 Rche-Todestrieb[Remix].m4a,Rche-Todestrieb[Remix],6OCK,6OCK,Unknown Album,207.088,3593062,l0HZm7J9DjA,l0HZm7J9DjA,,,6OCK/Unknown Album/07 Rche-Todestrieb[Remix].m4a,Rche-Todestrieb[Remix],6OCK,6OCK,Unknown Album,207.108,l0HZm7J9DjA,l0HZm7J9DjA,,
present_same_path,certain,same_path,no,commmons/Unknown Album/844 相対性理論＋渋谷慶一郎 _スカイライダーズ_ Music Video.m4a,"相対性理論＋渋谷慶一郎 ""スカイライダーズ"" Music Video",commmons,commmons,Unknown Album,132.052,2247752,Q3vhh9fe-S8,Q3vhh9fe-S8,,,commmons/Unknown Album/844 相対性理論＋渋谷慶一郎 _スカイライダーズ_ Music Video.m4a,"相対性理論＋渋谷慶一郎 ""スカイライダーズ"" Music Video",commmons,commmons,Unknown Album,132.073,Q3vhh9fe-S8,Q3vhh9fe-S8,,
present_same_path,certain,same_path,no,mikanzil/4th-peace/01 Pallet.m4a,Pallet,mikanzil,mikanzil,4th-peace,298.413,5206328,v-GxoMS1U2k,v-GxoMS1U2k,6ZCcskdnMq3jTuGB9z4vZf,e6a36aea-6994-46da-9480-5331499d126f,mikanzil/4th-peace/01 Pallet.m4a,Pallet,mikanzil,mikanzil,4th-peace,298.434,v-GxoMS1U2k,v-GxoMS1U2k,6ZCcskdnMq3jTuGB9z4vZf,e6a36aea-6994-46da-9480-5331499d126f
present_same_path,certain,same_path,no,icyball 冰球樂團/Unknown Album/904 搖啊搖 (feat. Limi).m4a,搖啊搖 (feat. Limi),icyball 冰球樂團,icyball 冰球樂團,Unknown Album,244.704,4230219,xSbeUixi22o,xSbeUixi22o,,,icyball 冰球樂團/Unknown Album/904 搖啊搖 (feat. Limi).m4a,搖啊搖 (feat. Limi),icyball 冰球樂團,icyball 冰球樂團,Unknown Album,244.725,xSbeUixi22o,xSbeUixi22o,,
present_same_path,certain,same_path,no,humoycaramelos/Unknown Album/901 Totorro - Home Alone [Full Album].m4a,Totorro - Home Alone [Full Album],humoycaramelos,humoycaramelos,Unknown Album,1979.049,32602895,xFWVFu2ASbE,xFWVFu2ASbE,,,humoycaramelos/Unknown Album/901 Totorro - Home Alone [Full Album].m4a,Totorro - Home Alone [Full Album],humoycaramelos,humoycaramelos,Unknown Album,1979.070,xFWVFu2ASbE,xFWVFu2ASbE,,
present_same_path,certain,same_path,no,Fearless Records/Unknown Album/210 Punk Goes Pop Vol. 6 - Slaves _Sweater Weather_.m4a,"Punk Goes Pop Vol. 6 - Slaves ""Sweater Weather""",Fearless Records,Fearless Records,Unknown Album,234.069,4133015,Bxn5th2B-VI,Bxn5th2B-VI,,,Fearless Records/Unknown Album/210 Punk Goes Pop Vol. 6 - Slaves _Sweater Weather_.m4a,"Punk Goes Pop Vol. 6 - Slaves ""Sweater Weather""",Fearless Records,Fearless Records,Unknown Album,234.090,Bxn5th2B-VI,Bxn5th2B-VI,,
present_same_path,certain,same_path,no,Lost in the Fog/The Grave Of Einzvach/06 Suicide Parade.m4a,Suicide Parade,Lost in the Fog,Lost in the Fog,The Grave Of Einzvach,385.315,6580330,nCA_lBGne6o,ZsDMJLRJ4BM,51NB1rnr8MDtQDifKhilQd,60e539fb-3855-4742-86cc-f58a72d5ddd6,Lost in the Fog/The Grave Of Einzvach/06 Suicide Parade.m4a,Suicide Parade,Lost in the Fog,Lost in the Fog,The Grave Of Einzvach,385.329,nCA_lBGne6o,ZsDMJLRJ4BM,51NB1rnr8MDtQDifKhilQd,60e539fb-3855-4742-86cc-f58a72d5ddd6
present_same_path,certain,same_path,no,yayuyo/Hibiranman/14 さよなら前夜 - Sayonarazenya.m4a,さよなら前夜 - Sayonarazenya,yayuyo,yayuyo,Hibiranman,212.270,3799074,ZQpKkVPlafc,ci_BS_4gFz4,,,yayuyo/Hibiranman/14 さよなら前夜 - Sayonarazenya.m4a,さよなら前夜 - Sayonarazenya,yayuyo,yayuyo,Hibiranman,212.291,ZQpKkVPlafc,ci_BS_4gFz4,,
present_same_path,certain,same_path,no,Megumi Acorda/Unexpectedly (Quarantine Session)/02 Ghost.m4a,Ghost,Megumi Acorda,Megumi Acorda,Unexpectedly (Quarantine Session),220.002,3770921,VfosyRmyGzA,VfosyRmyGzA,0rVTm2crUJpDnn64P5jAgD,58c83ee0-21d6-4ee1-afb9-53e9d8d511f7,Megumi Acorda/Unexpectedly (Quarantine Session)/02 Ghost.m4a,Ghost,Megumi Acorda,Megumi Acorda,Unexpectedly (Quarantine Session),220.023,VfosyRmyGzA,VfosyRmyGzA,0rVTm2crUJpDnn64P5jAgD,58c83ee0-21d6-4ee1-afb9-53e9d8d511f7
present_same_path,certain,same_path,no,"Aiobahn, Yuka Nagase/sora de oyasumi/24 宙でおやすみ - sora de oyasumi.m4a",宙でおやすみ - sora de oyasumi,"Aiobahn, Yuka Nagase","Aiobahn, Yuka Nagase",sora de oyasumi,165.693,3095239,5W9pdK5zmL8,5W9pdK5zmL8,142Y8gZMeilzCpR4mgoVnx,a55261a4-a897-4ac8-b0eb-1d5604d32ac0,"Aiobahn, Yuka Nagase/sora de oyasumi/24 宙でおやすみ - sora de oyasumi.m4a",宙でおやすみ - sora de oyasumi,"Aiobahn, Yuka Nagase","Aiobahn, Yuka Nagase",sora de oyasumi,165.714,5W9pdK5zmL8,5W9pdK5zmL8,142Y8gZMeilzCpR4mgoVnx,a55261a4-a897-4ac8-b0eb-1d5604d32ac0
present_same_path,certain,same_path,no,綴/Unknown Album/1364 【綴】NAME（作曲_編曲：堀江晶太 作詞：DECO_27）TVアニメ『好きな子がめがねを忘れた』オープニング主題歌.m4a,【綴】NAME（作曲/編曲：堀江晶太　作詞：DECO*27）TVアニメ『好きな子がめがねを忘れた』オープニング主題歌,綴,綴,Unknown Album,214.007,3633766,-U2skn6u2RA,-U2skn6u2RA,,,綴/Unknown Album/1364 【綴】NAME（作曲_編曲：堀江晶太 作詞：DECO_27）TVアニメ『好きな子がめがねを忘れた』オープニング主題歌.m4a,【綴】NAME（作曲/編曲：堀江晶太　作詞：DECO*27）TVアニメ『好きな子がめがねを忘れた』オープニング主題歌,綴,綴,Unknown Album,214.028,-U2skn6u2RA,-U2skn6u2RA,,
present_same_path,certain,same_path,no,KenjiShumizu/Unknown Album/349 Let's go together - Afromania.m4a,Let's go together - Afromania,KenjiShumizu,KenjiShumizu,Unknown Album,222.320,3709941,o8JmBKMZIcU,o8JmBKMZIcU,,,KenjiShumizu/Unknown Album/349 Let's go together - Afromania.m4a,Let's go together - Afromania,KenjiShumizu,KenjiShumizu,Unknown Album,222.341,o8JmBKMZIcU,o8JmBKMZIcU,,
present_same_path,certain,same_path,no,consome1971/Unknown Album/845 風に預けて - advantage Lucy.m4a,風に預けて　-　advantage Lucy,consome1971,consome1971,Unknown Album,264.859,4448577,C83e-EZLLow,C83e-EZLLow,,,consome1971/Unknown Album/845 風に預けて - advantage Lucy.m4a,風に預けて　-　advantage Lucy,consome1971,consome1971,Unknown Album,264.880,C83e-EZLLow,C83e-EZLLow,,
present_same_path,certain,same_path,no,yutori/Shortcut/01 ショートカット - Shortcut.m4a,ショートカット - Shortcut,yutori,yutori,Shortcut,212.267,3652628,jpbeYAVOuhQ,jpbeYAVOuhQ,6CHrfuOFJikGNs6JriXdGi,6429ac99-d806-4862-9e64-bb8471b6c293,yutori/Shortcut/01 ショートカット - Shortcut.m4a,ショートカット - Shortcut,yutori,yutori,Shortcut,212.288,jpbeYAVOuhQ,jpbeYAVOuhQ,6CHrfuOFJikGNs6JriXdGi,6429ac99-d806-4862-9e64-bb8471b6c293
present_same_path,certain,same_path,no,yutori/センチメンタル/01 センチメンタル.m4a,センチメンタル,yutori,yutori,センチメンタル,153.806,2650535,yu63tcPBREc,yu63tcPBREc,1rFu2hZZYs81gQXsrK7e6M,4446caa3-a9fc-4b0d-af80-0b09719c363a,yutori/センチメンタル/01 センチメンタル.m4a,センチメンタル,yutori,yutori,センチメンタル,153.827,yu63tcPBREc,yu63tcPBREc,1rFu2hZZYs81gQXsrK7e6M,4446caa3-a9fc-4b0d-af80-0b09719c363a
present_same_path,certain,same_path,no,Ema “BadSound” Tank/Unknown Album/193 Sōtaisei Riron ( 相対性理论)-Synchroniciteen (Full Album).m4a,Sōtaisei Riron ( 相対性理论)-Synchroniciteen (Full Album),Ema “BadSound” Tank,Ema “BadSound” Tank,Unknown Album,2380.023,39285430,a_6quQ994JI,a_6quQ994JI,,,Ema “BadSound” Tank/Unknown Album/193 Sōtaisei Riron ( 相対性理论)-Synchroniciteen (Full Album).m4a,Sōtaisei Riron ( 相対性理论)-Synchroniciteen (Full Album),Ema “BadSound” Tank,Ema “BadSound” Tank,Unknown Album,2380.043,a_6quQ994JI,a_6quQ994JI,,
present_same_path,certain,same_path,no,Iain Ball/Unknown Album/287 Ichiko Aoba - Creep (Radiohead Cover).m4a,Ichiko Aoba - Creep (Radiohead Cover),Iain Ball,Iain Ball,Unknown Album,280.149,4716631,7NaQWQJLIMM,7NaQWQJLIMM,,,Iain Ball/Unknown Album/287 Ichiko Aoba - Creep (Radiohead Cover).m4a,Ichiko Aoba - Creep (Radiohead Cover),Iain Ball,Iain Ball,Unknown Album,280.170,7NaQWQJLIMM,7NaQWQJLIMM,,
present_same_path,certain,same_path,no,kensuke ushio/The Colors Within (Original Motion Picture Soundtrack)/36 Walk.m4a,Walk,kensuke ushio,kensuke ushio,The Colors Within (Original Motion Picture Soundtrack),215.085,3790328,IFLLa5GYtxk,IFLLa5GYtxk,5fT91HxWhQ1q9OwWFWmVon,,kensuke ushio/The Colors Within (Original Motion Picture Soundtrack)/36 Walk.m4a,Walk,kensuke ushio,kensuke ushio,The Colors Within (Original Motion Picture Soundtrack),215.106,IFLLa5GYtxk,IFLLa5GYtxk,5fT91HxWhQ1q9OwWFWmVon,
present_same_path,certain,same_path,no,"kensuke ushio/The Colors Within (Original Motion Picture Soundtrack)/32 Amen, I'm Going Somewhere (Live Version).m4a","Amen, I'm Going Somewhere (Live Version)",SHIRONEKODO,kensuke ushio,The Colors Within (Original Motion Picture Soundtrack),159.370,2971070,HMvAtbodQWM,HMvAtbodQWM,14y3AE695XmbwXCoxXhkM0,,"kensuke ushio/The Colors Within (Original Motion Picture Soundtrack)/32 Amen, I'm Going Somewhere (Live Version).m4a","Amen, I'm Going Somewhere (Live Version)",SHIRONEKODO,kensuke ushio,The Colors Within (Original Motion Picture Soundtrack),159.391,HMvAtbodQWM,HMvAtbodQWM,14y3AE695XmbwXCoxXhkM0,
present_same_path,certain,same_path,no,selectiverecords81/Unknown Album/1017 SUNSET _ BLU-SWING.m4a,SUNSET / BLU-SWING,selectiverecords81,selectiverecords81,Unknown Album,208.585,3582440,gcaaefqWgs4,gcaaefqWgs4,,,selectiverecords81/Unknown Album/1017 SUNSET _ BLU-SWING.m4a,SUNSET / BLU-SWING,selectiverecords81,selectiverecords81,Unknown Album,208.606,gcaaefqWgs4,gcaaefqWgs4,,
present_same_path,certain,same_path,no,sajou no hana/Unknown Album/1010 【sajou no hana】「メモセピア」（Music Video）.m4a,【sajou no hana】「メモセピア」（Music Video）,sajou no hana,sajou no hana,Unknown Album,237.462,4002015,uEp2OvxjWP4,uEp2OvxjWP4,,,sajou no hana/Unknown Album/1010 【sajou no hana】「メモセピア」（Music Video）.m4a,【sajou no hana】「メモセピア」（Music Video）,sajou no hana,sajou no hana,Unknown Album,237.483,uEp2OvxjWP4,uEp2OvxjWP4,,
present_same_path,certain,same_path,no,sajou no hana/Unknown Album/1011 【sajou no hana】「グレイ」（Music Video）.m4a,【sajou no hana】「グレイ」（Music Video）,sajou no hana,sajou no hana,Unknown Album,229.031,3811417,py6MgBsXjYc,py6MgBsXjYc,,,sajou no hana/Unknown Album/1011 【sajou no hana】「グレイ」（Music Video）.m4a,【sajou no hana】「グレイ」（Music Video）,sajou no hana,sajou no hana,Unknown Album,229.051,py6MgBsXjYc,py6MgBsXjYc,,
present_same_path,certain,same_path,no,sajou no hana/memosepia _ gray/1012 gray.m4a,gray,sajou no hana,sajou no hana,memosepia / gray,223.427,3920115,utjiq0hs7EU,utjiq0hs7EU,3zDfnorew8B8SMSUwVrMSZ,,sajou no hana/memosepia _ gray/1012 gray.m4a,gray,sajou no hana,sajou no hana,memosepia / gray,223.448,utjiq0hs7EU,utjiq0hs7EU,3zDfnorew8B8SMSUwVrMSZ,
present_same_path,certain,same_path,no,haisuinonasa/about town/05 circle.m4a,circle,haisuinonasa,haisuinonasa,about town,207.600,3443059,zKfK7TjesgE,zKfK7TjesgE,33eeumTSxOJjUNyN36lG0s,,haisuinonasa/about town/05 circle.m4a,circle,haisuinonasa,haisuinonasa,about town,207.621,zKfK7TjesgE,zKfK7TjesgE,33eeumTSxOJjUNyN36lG0s,
present_same_path,certain,same_path,no,haisuinonasa/about town/01 平熱の街 - A city of warmth.m4a,平熱の街 - A city of warmth,haisuinonasa,haisuinonasa,about town,250.680,4201098,qqDvOViBXN0,qqDvOViBXN0,7pRWGo8wNVsVJHXrGzXbHh,,haisuinonasa/about town/01 平熱の街 - A city of warmth.m4a,平熱の街 - A city of warmth,haisuinonasa,haisuinonasa,about town,250.701,qqDvOViBXN0,qqDvOViBXN0,7pRWGo8wNVsVJHXrGzXbHh,
present_same_path,certain,same_path,no,haisuinonasa/about town/04 通り雨 - Storm rain.m4a,通り雨 - Storm rain,haisuinonasa,haisuinonasa,about town,197.494,3309984,GJjork2fCt4,GJjork2fCt4,1j5ofMGpdQVm7zR0lXimnD,,haisuinonasa/about town/04 通り雨 - Storm rain.m4a,通り雨 - Storm rain,haisuinonasa,haisuinonasa,about town,197.515,GJjork2fCt4,GJjork2fCt4,1j5ofMGpdQVm7zR0lXimnD,
present_same_path,certain,same_path,no,haisuinonasa/animal body/06 logos.m4a,logos,haisuinonasa,haisuinonasa,animal body,188.894,3299349,vsHxGPdwMqM,vsHxGPdwMqM,2k5zH7hkGw7cQcqNqCslbR,,haisuinonasa/animal body/06 logos.m4a,logos,haisuinonasa,haisuinonasa,animal body,188.915,vsHxGPdwMqM,vsHxGPdwMqM,2k5zH7hkGw7cQcqNqCslbR,
present_same_path,certain,same_path,no,No Vacation/Yam Yam/01 Yam Yam.m4a,Yam Yam,No Vacation,No Vacation,Yam Yam,216.063,3654675,zIa6w3aUSHc,cvz6pSeJK3U,0cM751o5JLWKvlskFhAlo2,b6080590-2e5f-4ea3-b411-55d4aed67462,No Vacation/Yam Yam/01 Yam Yam.m4a,Yam Yam,No Vacation,No Vacation,Yam Yam,216.084,zIa6w3aUSHc,cvz6pSeJK3U,0cM751o5JLWKvlskFhAlo2,b6080590-2e5f-4ea3-b411-55d4aed67462
present_same_path,certain,same_path,no,珂拉琪 Collage/MEmento·MORI/03 萬千花蕊慈母悲哀.m4a,萬千花蕊慈母悲哀,珂拉琪 Collage,珂拉琪 Collage,MEmento·MORI,238.500,3912298,kkUWlcjmOew,GTOs68AWhd4,2tm2VhQtGjsr5IPDfdm7Ja,,珂拉琪 Collage/MEmento·MORI/03 萬千花蕊慈母悲哀.m4a,萬千花蕊慈母悲哀,珂拉琪 Collage,珂拉琪 Collage,MEmento·MORI,238.521,kkUWlcjmOew,GTOs68AWhd4,2tm2VhQtGjsr5IPDfdm7Ja,
present_same_path,certain,same_path,no,WAKUSEI ABNORMAL official/Unknown Album/765 惑星アブノーマル 「怠惰」セルフカバー！.m4a,惑星アブノーマル　「怠惰」セルフカバー！,WAKUSEI ABNORMAL official,WAKUSEI ABNORMAL official,Unknown Album,246.620,4067324,LwqJ77hofGo,LwqJ77hofGo,,,WAKUSEI ABNORMAL official/Unknown Album/765 惑星アブノーマル 「怠惰」セルフカバー！.m4a,惑星アブノーマル　「怠惰」セルフカバー！,WAKUSEI ABNORMAL official,WAKUSEI ABNORMAL official,Unknown Album,246.640,LwqJ77hofGo,LwqJ77hofGo,,
present_same_path,certain,same_path,no,WAKUSEI ABNORMAL official/Unknown Album/766 惑星アブノーマル「ひとりになれない 」 セルフカバー.m4a,惑星アブノーマル「ひとりになれない 」　セルフカバー,WAKUSEI ABNORMAL official,WAKUSEI ABNORMAL official,Unknown Album,190.485,3023663,FJZ1MjYx-Gw,FJZ1MjYx-Gw,,,WAKUSEI ABNORMAL official/Unknown Album/766 惑星アブノーマル「ひとりになれない 」 セルフカバー.m4a,惑星アブノーマル「ひとりになれない 」　セルフカバー,WAKUSEI ABNORMAL official,WAKUSEI ABNORMAL official,Unknown Album,190.506,FJZ1MjYx-Gw,FJZ1MjYx-Gw,,
present_same_path,certain,same_path,no,THEE MICHELLE GUN ELEPHANT/SMOKIN' BILLY/01 スモーキン・ビリー.m4a,スモーキン・ビリー,THEE MICHELLE GUN ELEPHANT,THEE MICHELLE GUN ELEPHANT,SMOKIN' BILLY,205.608,3533804,bm0kOhLXQ2U,QVRJVjx7jLs,0WQxE76e7Kcd16PT5YDG5L,1d719be3-f5b9-443a-a1bb-80c3361dc81c,THEE MICHELLE GUN ELEPHANT/SMOKIN' BILLY/01 スモーキン・ビリー.m4a,スモーキン・ビリー,THEE MICHELLE GUN ELEPHANT,THEE MICHELLE GUN ELEPHANT,SMOKIN' BILLY,205.622,bm0kOhLXQ2U,QVRJVjx7jLs,0WQxE76e7Kcd16PT5YDG5L,1d719be3-f5b9-443a-a1bb-80c3361dc81c
present_same_path,certain,same_path,no,kilk/Unknown Album/924 虚弱。(kyojaku.) - egoist (official music video).m4a,虚弱。(kyojaku.) - egoist (official music video),kilk,kilk,Unknown Album,216.051,3716564,mPmEeuZmLBg,mPmEeuZmLBg,,,kilk/Unknown Album/924 虚弱。(kyojaku.) - egoist (official music video).m4a,虚弱。(kyojaku.) - egoist (official music video),kilk,kilk,Unknown Album,216.071,mPmEeuZmLBg,mPmEeuZmLBg,,
present_same_path,certain,same_path,no,kilk/Unknown Album/923 虚弱。(kyojaku.) - 哲学者の論破 (tetsugakusya no ronpa) (official music video).m4a,虚弱。(kyojaku.) - 哲学者の論破 (tetsugakusya no ronpa) (official music video),kilk,kilk,Unknown Album,218.795,3608821,2vwZH_oE8mo,2vwZH_oE8mo,,,kilk/Unknown Album/923 虚弱。(kyojaku.) - 哲学者の論破 (tetsugakusya no ronpa) (official music video).m4a,虚弱。(kyojaku.) - 哲学者の論破 (tetsugakusya no ronpa) (official music video),kilk,kilk,Unknown Album,218.816,2vwZH_oE8mo,2vwZH_oE8mo,,
present_same_path,certain,same_path,no,hiplandmusic/Unknown Album/899 LITE _ D (feat.TABU ZOMBIE).m4a,LITE / D (feat.TABU ZOMBIE),hiplandmusic,hiplandmusic,Unknown Album,259.776,4296468,OTGFAbmdQoQ,OTGFAbmdQoQ,,,hiplandmusic/Unknown Album/899 LITE _ D (feat.TABU ZOMBIE).m4a,LITE / D (feat.TABU ZOMBIE),hiplandmusic,hiplandmusic,Unknown Album,259.797,OTGFAbmdQoQ,OTGFAbmdQoQ,,
present_same_path,certain,same_path,no,Uchu Conbini/I Looked by the Reflection of the Moon/02 Everythingchanges.m4a,Everythingchanges,Uchu Conbini,Uchu Conbini,I Looked by the Reflection of the Moon,251.960,4315001,GR8CwENcgEk,6rYkjgiuo2Q,2OApHkMKThhp2NnYbOq1Fy,,Uchu Conbini/I Looked by the Reflection of the Moon/02 Everythingchanges.m4a,Everythingchanges,Uchu Conbini,Uchu Conbini,I Looked by the Reflection of the Moon,251.981,GR8CwENcgEk,6rYkjgiuo2Q,2OApHkMKThhp2NnYbOq1Fy,
present_same_path,certain,same_path,no,Galileo Galilei Official/Unknown Album/223 僕らのthe pillows.m4a,僕らのthe pillows,Galileo Galilei Official,Galileo Galilei Official,Unknown Album,1602.514,26581266,DM5PwuFenf4,DM5PwuFenf4,,,Galileo Galilei Official/Unknown Album/223 僕らのthe pillows.m4a,僕らのthe pillows,Galileo Galilei Official,Galileo Galilei Official,Unknown Album,1602.535,DM5PwuFenf4,DM5PwuFenf4,,
present_same_path,certain,same_path,yes,The Game/California Dream (feat. Jhené Aiko)/01 The Life.m4a,The Life,The Game,The Game,California Dream (feat. Jhené Aiko),269.120,4438414,0KPzi4bWQSs,0KPzi4bWQSs,0fShWjHLXe77jJi9b3QdVe,1415886e-ce49-4b11-96e5-1414647208a4,The Game/California Dream (feat. Jhené Aiko)/01 The Life.m4a,The Life,The Game,The Game,California Dream (feat. Jhené Aiko),269.141,0KPzi4bWQSs,0KPzi4bWQSs,0fShWjHLXe77jJi9b3QdVe,1415886e-ce49-4b11-96e5-1414647208a4
present_same_path,certain,same_path,no,AiNA THE END/On The Way/01 革命道中 - On The Way.m4a,革命道中 - On The Way,AiNA THE END,AiNA THE END,On The Way,197.669,3523547,ntRVm85--b4,ntRVm85--b4,1oFqKeepmT5S8BCGqJl7Ar,,AiNA THE END/On The Way/01 革命道中 - On The Way.m4a,革命道中 - On The Way,AiNA THE END,AiNA THE END,On The Way,197.689,ntRVm85--b4,ntRVm85--b4,1oFqKeepmT5S8BCGqJl7Ar,
present_same_path,certain,same_path,no,muque/Design/963 Charming.m4a,Charming,muque,muque,Design,190.577,3361574,2BpWz1FvSfo,2BpWz1FvSfo,0clwFdp5TcTNWO6bAe73bM,47bc0e10-4ffd-4af5-ab19-68460bdd3f4d,muque/Design/963 Charming.m4a,Charming,muque,muque,Design,190.598,2BpWz1FvSfo,2BpWz1FvSfo,0clwFdp5TcTNWO6bAe73bM,47bc0e10-4ffd-4af5-ab19-68460bdd3f4d
present_same_path,certain,same_path,no,SPAZZ 17'/Unknown Album/581 XXXTENTACION - Tightrope (Feat. Scott James).m4a,XXXTENTACION - Tightrope (Feat. Scott James),SPAZZ 17',SPAZZ 17',Unknown Album,241.616,4044174,lS4D6F_vl40,lS4D6F_vl40,,,SPAZZ 17'/Unknown Album/581 XXXTENTACION - Tightrope (Feat. Scott James).m4a,XXXTENTACION - Tightrope (Feat. Scott James),SPAZZ 17',SPAZZ 17',Unknown Album,241.637,lS4D6F_vl40,lS4D6F_vl40,,
present_same_path,certain,same_path,no,never young beach/fam fam/08 明るい未来.m4a,明るい未来,never young beach,never young beach,fam fam,233.770,3891326,PL9-6rClgXs,lILzKiiCEOM,,6c974050-c95e-45ea-9189-a7d023c4cb54,never young beach/fam fam/08 明るい未来.m4a,明るい未来,never young beach,never young beach,fam fam,233.790,PL9-6rClgXs,lILzKiiCEOM,,6c974050-c95e-45ea-9189-a7d023c4cb54
present_same_path,certain,same_path,no,never young beach/Itsumoame/01 いつも雨 - Itsumoame.m4a,いつも雨 - Itsumoame,never young beach,never young beach,Itsumoame,252.900,4387873,eWGlFyU2Dew,eWGlFyU2Dew,3uCh7UhRyfrybQM9Q2WVoG,6dd2a884-7560-4ccb-9ea8-ea4446bd6959,never young beach/Itsumoame/01 いつも雨 - Itsumoame.m4a,いつも雨 - Itsumoame,never young beach,never young beach,Itsumoame,252.921,eWGlFyU2Dew,eWGlFyU2Dew,3uCh7UhRyfrybQM9Q2WVoG,6dd2a884-7560-4ccb-9ea8-ea4446bd6959
present_same_path,certain,same_path,no,Red Bull Music Academy/Unknown Album/553 BADBADNOTGOOD - The IV Recording Sessions _ Red Bull Music Academy.m4a,BADBADNOTGOOD - The IV Recording Sessions | Red Bull Music Academy,Red Bull Music Academy,Red Bull Music Academy,Unknown Album,462.464,7826987,tylZcUjo1gQ,tylZcUjo1gQ,,,Red Bull Music Academy/Unknown Album/553 BADBADNOTGOOD - The IV Recording Sessions _ Red Bull Music Academy.m4a,BADBADNOTGOOD - The IV Recording Sessions | Red Bull Music Academy,Red Bull Music Academy,Red Bull Music Academy,Unknown Album,462.485,tylZcUjo1gQ,tylZcUjo1gQ,,
present_same_path,certain,same_path,no,Coletta/Blossom/01 Blossom.m4a,Blossom,Coletta,Coletta,Blossom,221.696,4134747,CMGxvdXWjjs,jbtWkfW7qvE,1aq2AYB2gRJGI52ZywKmsl,7fe825c9-a356-4b7d-bb1a-0a5443499747,Coletta/Blossom/01 Blossom.m4a,Blossom,Coletta,Coletta,Blossom,221.709,CMGxvdXWjjs,jbtWkfW7qvE,1aq2AYB2gRJGI52ZywKmsl,7fe825c9-a356-4b7d-bb1a-0a5443499747
present_same_path,certain,same_path,no,kurayamisaka/kurayamisaka yori ai wo komete/938 metro.m4a,metro,kurayamisaka,kurayamisaka,kurayamisaka yori ai wo komete,238.251,4134054,tctTvD2bAVE,tctTvD2bAVE,5HwvwLQCtv2BTAHSC1mCgP,9907a57e-d03d-4546-987b-3635805bd66b,kurayamisaka/kurayamisaka yori ai wo komete/938 metro.m4a,metro,kurayamisaka,kurayamisaka,kurayamisaka yori ai wo komete,238.272,tctTvD2bAVE,tctTvD2bAVE,5HwvwLQCtv2BTAHSC1mCgP,9907a57e-d03d-4546-987b-3635805bd66b
present_same_path,certain,same_path,no,kurayamisaka/kurayamisaka yori ai wo komete/06 evergreen.m4a,evergreen,kurayamisaka,kurayamisaka,kurayamisaka yori ai wo komete,229.313,3996739,on6WggtBC34,on6WggtBC34,2CpvIkHvGiidJmS6MtEgxN,20b54aa7-5567-4381-8df7-0f467bc643b6,kurayamisaka/kurayamisaka yori ai wo komete/06 evergreen.m4a,evergreen,kurayamisaka,kurayamisaka,kurayamisaka yori ai wo komete,229.334,on6WggtBC34,on6WggtBC34,2CpvIkHvGiidJmS6MtEgxN,20b54aa7-5567-4381-8df7-0f467bc643b6
present_same_path,certain,same_path,no,kurayamisaka/kurayamisaka yori ai wo komete/05 nameless.m4a,nameless,kurayamisaka,kurayamisaka,kurayamisaka yori ai wo komete,309.275,5299285,py8JY4ns-ok,py8JY4ns-ok,4OWeIeOF3uOdcjr8mVvrNO,54f2bc00-3077-4e7e-9f8f-d7f4e1b61ea1,kurayamisaka/kurayamisaka yori ai wo komete/05 nameless.m4a,nameless,kurayamisaka,kurayamisaka,kurayamisaka yori ai wo komete,309.296,py8JY4ns-ok,py8JY4ns-ok,4OWeIeOF3uOdcjr8mVvrNO,54f2bc00-3077-4e7e-9f8f-d7f4e1b61ea1
present_same_path,certain,same_path,no,kurayamisaka/kurayamisaka yori ai wo komete/09 ハイウェイ - highway.m4a,ハイウェイ - highway,kurayamisaka,kurayamisaka,kurayamisaka yori ai wo komete,246.009,4267629,Ea6SThLkoG0,Ea6SThLkoG0,5nAhsg0g4752ASynv99cRo,4abd4d64-00b3-46d3-a192-56b7844d824b,kurayamisaka/kurayamisaka yori ai wo komete/09 ハイウェイ - highway.m4a,ハイウェイ - highway,kurayamisaka,kurayamisaka,kurayamisaka yori ai wo komete,246.030,Ea6SThLkoG0,Ea6SThLkoG0,5nAhsg0g4752ASynv99cRo,4abd4d64-00b3-46d3-a192-56b7844d824b
present_same_path,certain,same_path,no,kurayamisaka/kurayamisaka yori ai wo komete/937 kurayamisaka yori ai wo komete.m4a,kurayamisaka yori ai wo komete,kurayamisaka,kurayamisaka,kurayamisaka yori ai wo komete,193.501,3397708,4gpJ4llOxa8,4gpJ4llOxa8,59sluwmTIHw9etH3RnBh89,ca3e5f5b-7e91-40b9-99fe-591689093597,kurayamisaka/kurayamisaka yori ai wo komete/937 kurayamisaka yori ai wo komete.m4a,kurayamisaka yori ai wo komete,kurayamisaka,kurayamisaka,kurayamisaka yori ai wo komete,193.522,4gpJ4llOxa8,4gpJ4llOxa8,59sluwmTIHw9etH3RnBh89,ca3e5f5b-7e91-40b9-99fe-591689093597
present_same_path,certain,same_path,no,kurayamisaka/sagittarius/01 sagittarius.m4a,sagittarius,kurayamisaka,kurayamisaka,sagittarius,270.894,4726515,VydmC1hvuyU,VydmC1hvuyU,1ZtWNkcURJOTn962rQE1O1,0f8cac47-8a9c-42b6-b548-3ef06ba53488,kurayamisaka/sagittarius/01 sagittarius.m4a,sagittarius,kurayamisaka,kurayamisaka,sagittarius,270.915,VydmC1hvuyU,VydmC1hvuyU,1ZtWNkcURJOTn962rQE1O1,0f8cac47-8a9c-42b6-b548-3ef06ba53488
present_same_path,certain,same_path,no,"kurayamisaka/kurayamisaka tte, doko_ #6 ”kurayamizaka yori ai wo komete tour” (kawasaki CLUB CITTA')/17 cinema paradiso (live).m4a",cinema paradiso (live),kurayamisaka,kurayamisaka,"kurayamisaka tte, doko? #6 ”kurayamizaka yori ai wo komete tour” (kawasaki CLUB CITTA')",345.920,5698316,uyMIlr1FBA4,S4CqDed4nOU,6viaxPLzARu3Wmg1ApbjMw,e08ff074-34b8-4f3c-a942-6243f3cd13b2,"kurayamisaka/kurayamisaka tte, doko_ #6 ”kurayamizaka yori ai wo komete tour” (kawasaki CLUB CITTA')/17 cinema paradiso (live).m4a",cinema paradiso (live),kurayamisaka,kurayamisaka,"kurayamisaka tte, doko? #6 ”kurayamizaka yori ai wo komete tour” (kawasaki CLUB CITTA')",345.941,uyMIlr1FBA4,S4CqDed4nOU,6viaxPLzARu3Wmg1ApbjMw,e08ff074-34b8-4f3c-a942-6243f3cd13b2
present_same_path,certain,same_path,no,kurayamisaka/sekisei inko/01 sekisei inko.m4a,sekisei inko,kurayamisaka,kurayamisaka,sekisei inko,207.746,3520047,mI7vmsEVhQI,mI7vmsEVhQI,6hxWSCuxxpsicHtEUYj5o1,c1ac9dce-18b6-49b3-9ed4-b09825e33988,kurayamisaka/sekisei inko/01 sekisei inko.m4a,sekisei inko,kurayamisaka,kurayamisaka,sekisei inko,207.767,mI7vmsEVhQI,mI7vmsEVhQI,6hxWSCuxxpsicHtEUYj5o1,c1ac9dce-18b6-49b3-9ed4-b09825e33988
present_same_path,certain,same_path,no,This Time We Will Not Promise And Forgive/Inherit To The Generation Who Don't Read Lyrics/03 歓喜の唄 - Song Of Joy.m4a,歓喜の唄 - Song Of Joy,This Time We Will Not Promise And Forgive,This Time We Will Not Promise And Forgive,Inherit To The Generation Who Don't Read Lyrics,330.061,5653775,90rv36p78Ww,SU4w2l6zHKM,,63c786e3-9006-401f-bfad-0fe29d265312,This Time We Will Not Promise And Forgive/Inherit To The Generation Who Don't Read Lyrics/03 歓喜の唄 - Song Of Joy.m4a,歓喜の唄 - Song Of Joy,This Time We Will Not Promise And Forgive,This Time We Will Not Promise And Forgive,Inherit To The Generation Who Don't Read Lyrics,330.081,90rv36p78Ww,SU4w2l6zHKM,,63c786e3-9006-401f-bfad-0fe29d265312
present_same_path,certain,same_path,no,Thebrownthebrown/Unknown Album/699 the brown _mosaic_.m4a,"the brown ""mosaic""",Thebrownthebrown,Thebrownthebrown,Unknown Album,281.264,4395340,Nh1wii2zHu0,Nh1wii2zHu0,,,Thebrownthebrown/Unknown Album/699 the brown _mosaic_.m4a,"the brown ""mosaic""",Thebrownthebrown,Thebrownthebrown,Unknown Album,281.285,Nh1wii2zHu0,Nh1wii2zHu0,,
present_same_path,certain,same_path,yes,kessoku band/Kessoku Band/08 カラカラ - Karakara.m4a,カラカラ - Karakara,kessoku band,kessoku band,Kessoku Band,265.134,4595118,3RWMMNsULsA,3RWMMNsULsA,1ofAXq6xfHjn6ZUxdsY3YW,,kessoku band/Kessoku Band/08 カラカラ - Karakara.m4a,カラカラ - Karakara,kessoku band,kessoku band,Kessoku Band,265.155,3RWMMNsULsA,3RWMMNsULsA,1ofAXq6xfHjn6ZUxdsY3YW,
present_same_path,certain,same_path,yes,kessoku band/Karakara/01 カラカラ - Karakara.m4a,カラカラ - Karakara,kessoku band,kessoku band,Karakara,264.085,4550318,IwHwv-lcxi4,IwHwv-lcxi4,1ofAXq6xfHjn6ZUxdsY3YW,,kessoku band/Karakara/01 カラカラ - Karakara.m4a,カラカラ - Karakara,kessoku band,kessoku band,Karakara,264.106,IwHwv-lcxi4,IwHwv-lcxi4,1ofAXq6xfHjn6ZUxdsY3YW,
present_same_path,certain,same_path,no,"kessoku band/Shine as usual _ Now, I'm going from underground/922 月並みに輝け - Shine as usual.m4a",月並みに輝け - Shine as usual,kessoku band,kessoku band,"Shine as usual / Now, I'm going from underground",247.427,4318581,SGzcrWL_xgk,SGzcrWL_xgk,,,"kessoku band/Shine as usual _ Now, I'm going from underground/922 月並みに輝け - Shine as usual.m4a",月並みに輝け - Shine as usual,kessoku band,kessoku band,"Shine as usual / Now, I'm going from underground",247.448,SGzcrWL_xgk,SGzcrWL_xgk,,
present_same_path,certain,same_path,no,gesunokiwami otome/Unknown Album/871 ロマンスがありあまる (2022 Remaster) - Romancega Ariamaru (2022 Remaster).m4a,ロマンスがありあまる (2022 Remaster) - Romancega Ariamaru (2022 Remaster),gesunokiwami otome,gesunokiwami otome,Unknown Album,236.246,3744113,C6-AN8J385c,C6-AN8J385c,5FjsDXqdePo360N0Luj59X,,gesunokiwami otome/Unknown Album/871 ロマンスがありあまる (2022 Remaster) - Romancega Ariamaru (2022 Remaster).m4a,ロマンスがありあまる (2022 Remaster) - Romancega Ariamaru (2022 Remaster),gesunokiwami otome,gesunokiwami otome,Unknown Album,236.267,C6-AN8J385c,C6-AN8J385c,5FjsDXqdePo360N0Luj59X,
present_same_path,certain,same_path,no,gesunokiwami otome/Unknown Album/876 ゲスの極み - Gesu no Kiwami.m4a,ゲスの極み - Gesu no Kiwami,gesunokiwami otome,gesunokiwami otome,Unknown Album,256.640,4124789,tx-y20Sosc8,tx-y20Sosc8,,,gesunokiwami otome/Unknown Album/876 ゲスの極み - Gesu no Kiwami.m4a,ゲスの極み - Gesu no Kiwami,gesunokiwami otome,gesunokiwami otome,Unknown Album,256.661,tx-y20Sosc8,tx-y20Sosc8,,
present_same_path,certain,same_path,no,gesunokiwami otome/Unknown Album/873 デジタルモグラ (2022 Remaster) - Digital Mogura (2022 Remaster).m4a,デジタルモグラ (2022 Remaster) - Digital Mogura (2022 Remaster),gesunokiwami otome,gesunokiwami otome,Unknown Album,224.726,3818432,-sXVjsijbcY,-sXVjsijbcY,1MXEMYL6uEmfX3kPjdLSP9,,gesunokiwami otome/Unknown Album/873 デジタルモグラ (2022 Remaster) - Digital Mogura (2022 Remaster).m4a,デジタルモグラ (2022 Remaster) - Digital Mogura (2022 Remaster),gesunokiwami otome,gesunokiwami otome,Unknown Album,224.747,-sXVjsijbcY,-sXVjsijbcY,1MXEMYL6uEmfX3kPjdLSP9,
present_same_path,certain,same_path,no,gesunokiwami otome/Unknown Album/877 オトナチック (2022 Remaster) - Otonachic (2022 Remaster).m4a,オトナチック (2022 Remaster) - Otonachic (2022 Remaster),gesunokiwami otome,gesunokiwami otome,Unknown Album,279.296,4556386,AhbBT-pQPxk,AhbBT-pQPxk,,,gesunokiwami otome/Unknown Album/877 オトナチック (2022 Remaster) - Otonachic (2022 Remaster).m4a,オトナチック (2022 Remaster) - Otonachic (2022 Remaster),gesunokiwami otome,gesunokiwami otome,Unknown Album,279.317,AhbBT-pQPxk,AhbBT-pQPxk,,
present_same_path,certain,same_path,no,gesunokiwami otome/Unknown Album/872 私以外私じゃないの (2022 Remaster) - Watashiigai Watashijanaino (2022 Remaster).m4a,私以外私じゃないの (2022 Remaster) - Watashiigai Watashijanaino (2022 Remaster),gesunokiwami otome,gesunokiwami otome,Unknown Album,242.262,3894776,Ae6gQmhaMn4,Ae6gQmhaMn4,0gfRkw2ZSZYWAMs5UlZlhi,,gesunokiwami otome/Unknown Album/872 私以外私じゃないの (2022 Remaster) - Watashiigai Watashijanaino (2022 Remaster).m4a,私以外私じゃないの (2022 Remaster) - Watashiigai Watashijanaino (2022 Remaster),gesunokiwami otome,gesunokiwami otome,Unknown Album,242.283,Ae6gQmhaMn4,Ae6gQmhaMn4,0gfRkw2ZSZYWAMs5UlZlhi,
present_same_path,certain,same_path,no,cokiyu/Your Thorn/843 cokiyu - Your Thorn.m4a,cokiyu - Your Thorn,cokiyu,cokiyu,Your Thorn,300.715,4915452,th0LBpscgdg,th0LBpscgdg,6OgUc3mXbIY5xmYhHlmRyn,2012f9c5-5867-458f-acd0-714375e53beb,cokiyu/Your Thorn/843 cokiyu - Your Thorn.m4a,cokiyu - Your Thorn,cokiyu,cokiyu,Your Thorn,300.736,th0LBpscgdg,th0LBpscgdg,6OgUc3mXbIY5xmYhHlmRyn,2012f9c5-5867-458f-acd0-714375e53beb
present_same_path,certain,same_path,no,Christiana/Unknown Album/117 ハイスイノナサ - 平熱の街.m4a,ハイスイノナサ - 平熱の街,Christiana,Christiana,Unknown Album,240.150,4048303,JApcr0txEw4,JApcr0txEw4,,,Christiana/Unknown Album/117 ハイスイノナサ - 平熱の街.m4a,ハイスイノナサ - 平熱の街,Christiana,Christiana,Unknown Album,240.171,JApcr0txEw4,JApcr0txEw4,,
present_same_path,certain,same_path,no,BIN/Melt/01 Melt.m4a,Melt,BIN,BIN,Melt,204.753,3487059,-wY5jlS0EtU,QgjSYcZ6CaE,0O270p8stH3280naJLF6Qa,2481922c-869c-430a-8779-ccb4a0249a27,BIN/Melt/01 Melt.m4a,Melt,BIN,BIN,Melt,204.774,-wY5jlS0EtU,QgjSYcZ6CaE,0O270p8stH3280naJLF6Qa,2481922c-869c-430a-8779-ccb4a0249a27
present_same_path,certain,same_path,no,Heatmiser/Mic City Sons (30th Anniversary)/23 Christian Brothers (Rock Version).m4a,Christian Brothers (Rock Version),Heatmiser,Heatmiser,Mic City Sons (30th Anniversary),274.128,4801506,D5mfpDL_q4U,yXzxuHr8K3c,6EMvreu6YOH4mFS07sUHMG,3e442542-85b7-4581-83aa-10d72d31335b,Heatmiser/Mic City Sons (30th Anniversary)/23 Christian Brothers (Rock Version).m4a,Christian Brothers (Rock Version),Heatmiser,Heatmiser,Mic City Sons (30th Anniversary),274.142,D5mfpDL_q4U,yXzxuHr8K3c,6EMvreu6YOH4mFS07sUHMG,3e442542-85b7-4581-83aa-10d72d31335b
present_same_path,certain,same_path,no,"LOVEBITES/Knockin' At Heaven's Gate (Pt. II)/16 Glory To The World (Live - 12 March, 2023).m4a","Glory To The World (Live - 12 March, 2023)",LOVEBITES,LOVEBITES,Knockin' At Heaven's Gate (Pt. II),416.334,7247080,-wJtD2XEXH4,bB7vj4BgOeA,0wynbeGrG40BnFNcKG0bnu,,"LOVEBITES/Knockin' At Heaven's Gate (Pt. II)/16 Glory To The World (Live - 12 March, 2023).m4a","Glory To The World (Live - 12 March, 2023)",LOVEBITES,LOVEBITES,Knockin' At Heaven's Gate (Pt. II),416.355,-wJtD2XEXH4,bB7vj4BgOeA,0wynbeGrG40BnFNcKG0bnu,
present_same_path,certain,same_path,no,Haruka Nakamura Piano Ensemble/光/02 Sin.m4a,Sin,Haruka Nakamura Piano Ensemble,Haruka Nakamura Piano Ensemble,光,788.680,12794285,gL3xj1BoEMw,gL3xj1BoEMw,6PPe2nu9XFUG6yrRsaqzlS,,Haruka Nakamura Piano Ensemble/光/02 Sin.m4a,Sin,Haruka Nakamura Piano Ensemble,Haruka Nakamura Piano Ensemble,光,788.701,gL3xj1BoEMw,gL3xj1BoEMw,6PPe2nu9XFUG6yrRsaqzlS,
present_same_path,certain,same_path,no,"taro, mmm, Emerson Kitamura/taro/01 化身の旅 - keshin no tabi.m4a",化身の旅 - keshin no tabi,"taro, mmm, Emerson Kitamura","taro, mmm, Emerson Kitamura",taro,326.897,5790218,5cJEUv3KZ_0,5cJEUv3KZ_0,,,"taro, mmm, Emerson Kitamura/taro/01 化身の旅 - keshin no tabi.m4a",化身の旅 - keshin no tabi,"taro, mmm, Emerson Kitamura","taro, mmm, Emerson Kitamura",taro,326.918,5cJEUv3KZ_0,5cJEUv3KZ_0,,
present_same_path,certain,same_path,no,Tenniscoats/Papa's Ear/02 Hikoki.m4a,Hikoki,Tenniscoats,Tenniscoats,Papa's Ear,492.787,8257496,vlMRSMjdlvM,vlMRSMjdlvM,53OnGBrkrvvGfsKS8LmuSC,059d1a90-fce7-41f9-b17e-e51df775bb50,Tenniscoats/Papa's Ear/02 Hikoki.m4a,Hikoki,Tenniscoats,Tenniscoats,Papa's Ear,492.808,vlMRSMjdlvM,vlMRSMjdlvM,53OnGBrkrvvGfsKS8LmuSC,059d1a90-fce7-41f9-b17e-e51df775bb50
present_same_path,certain,same_path,no,Lincoln/A Constant State of Ohio/03 Banks.m4a,Banks,Lincoln,Lincoln,A Constant State of Ohio,259.073,4431997,G_q3GVaV45g,rA4qbNHTGG0,3oupmHRSdB4P1lFEwPFyat,f6cf3f13-1154-4f26-849d-8b83451fc8a5,Lincoln/A Constant State of Ohio/03 Banks.m4a,Banks,Lincoln,Lincoln,A Constant State of Ohio,259.093,G_q3GVaV45g,rA4qbNHTGG0,3oupmHRSdB4P1lFEwPFyat,f6cf3f13-1154-4f26-849d-8b83451fc8a5
present_same_path,certain,same_path,no,Pierce The Veil/King For A Day/01 King For A Day (feat. Kellin Quinn).m4a,King For A Day (feat. Kellin Quinn),Pierce The Veil,Pierce The Veil,King For A Day,236.301,4217808,icXUkIfZxyg,8SvJXSyPNXs,,,Pierce The Veil/King For A Day/01 King For A Day (feat. Kellin Quinn).m4a,King For A Day (feat. Kellin Quinn),Pierce The Veil,Pierce The Veil,King For A Day,236.315,icXUkIfZxyg,8SvJXSyPNXs,,
present_same_path,certain,same_path,no,Maybeshewill/In Amber/01 In Amber.m4a,In Amber,Maybeshewill,Maybeshewill,In Amber,346.880,5965785,2lIGGvhGz3I,yr4Z6XqI7BA,1wdMxbCggDPjSdBZ9OgOm3,fd5da94a-5dbc-4fea-9b90-324d9e82b4ac,Maybeshewill/In Amber/01 In Amber.m4a,In Amber,Maybeshewill,Maybeshewill,In Amber,346.901,2lIGGvhGz3I,yr4Z6XqI7BA,1wdMxbCggDPjSdBZ9OgOm3,fd5da94a-5dbc-4fea-9b90-324d9e82b4ac
present_same_path,certain,same_path,no,Parannoul/To See the Next Part of the Dream/01 Beautiful World.m4a,Beautiful World,Parannoul,Parannoul,To See the Next Part of the Dream,320.626,5316658,gb9Qqt75rzg,uR0dnQFsQHg,6dNk7wme2WgW7Sd6lYcCbL,,Parannoul/To See the Next Part of the Dream/01 Beautiful World.m4a,Beautiful World,Parannoul,Parannoul,To See the Next Part of the Dream,320.646,gb9Qqt75rzg,uR0dnQFsQHg,6dNk7wme2WgW7Sd6lYcCbL,
present_same_path,certain,same_path,no,"Ado/Ado 1st Live Kigeki (Live At Zepp DiverCity, 2022)/13 踊 (Live At Zepp DiverCity, 2022) - Odo (Live At Zepp DiverCity, 2022).m4a","踊 (Live At Zepp DiverCity, 2022) - Odo (Live At Zepp DiverCity, 2022)",Ado,Ado,"Ado 1st Live Kigeki (Live At Zepp DiverCity, 2022)",210.347,3717520,YnSW8ian29w,KsoGWz5M7MY,7z6qHGEKxRtwtYym2epV7l,edb6736a-50b3-4815-ba46-e453807f0835,"Ado/Ado 1st Live Kigeki (Live At Zepp DiverCity, 2022)/13 踊 (Live At Zepp DiverCity, 2022) - Odo (Live At Zepp DiverCity, 2022).m4a","踊 (Live At Zepp DiverCity, 2022) - Odo (Live At Zepp DiverCity, 2022)",Ado,Ado,"Ado 1st Live Kigeki (Live At Zepp DiverCity, 2022)",210.368,YnSW8ian29w,KsoGWz5M7MY,7z6qHGEKxRtwtYym2epV7l,edb6736a-50b3-4815-ba46-e453807f0835
present_same_path,certain,same_path,no,Marija Jevtic/Unknown Album/415 Negative - Bez straha (lyrics).m4a,Negative - Bez straha (lyrics),Marija Jevtic,Marija Jevtic,Unknown Album,204.998,3491386,uuU5wPMvuD0,uuU5wPMvuD0,,,Marija Jevtic/Unknown Album/415 Negative - Bez straha (lyrics).m4a,Negative - Bez straha (lyrics),Marija Jevtic,Marija Jevtic,Unknown Album,205.019,uuU5wPMvuD0,uuU5wPMvuD0,,
present_same_path,certain,same_path,no,Yashin/Revolution/06 Stand Up (Acoustic).m4a,Stand Up (Acoustic),Yashin,Yashin,Revolution,235.350,3983645,SubTBLpVJ6w,sAV2qdyP5MQ,,96762ea1-ebe1-4d84-aa4f-1f4a397cf0ef,Yashin/Revolution/06 Stand Up (Acoustic).m4a,Stand Up (Acoustic),Yashin,Yashin,Revolution,235.364,SubTBLpVJ6w,sAV2qdyP5MQ,,96762ea1-ebe1-4d84-aa4f-1f4a397cf0ef
present_same_path,certain,same_path,no,Pink Guy/Pink Season/06 Stfu.m4a,Stfu,Pink Guy,Pink Guy,Pink Season,224.501,4028220,OLpeX4RRo28,GhJ043zp8hI,,1da09451-03c1-4547-a10f-ac34c227e593,Pink Guy/Pink Season/06 Stfu.m4a,Stfu,Pink Guy,Pink Guy,Pink Season,224.515,OLpeX4RRo28,GhJ043zp8hI,,1da09451-03c1-4547-a10f-ac34c227e593
present_same_path,certain,same_path,no,Ichika Nito/Away/01 Away.m4a,Away,Ichika Nito,Ichika Nito,Away,124.097,2339247,sOjA1tm_rvk,8LpvhBtJmMU,4o6J43bSBDERckXBIpVmye,d1a558f9-ec2f-44f2-b285-99e53338599b,Ichika Nito/Away/01 Away.m4a,Away,Ichika Nito,Ichika Nito,Away,124.118,sOjA1tm_rvk,8LpvhBtJmMU,4o6J43bSBDERckXBIpVmye,d1a558f9-ec2f-44f2-b285-99e53338599b
present_same_path,certain,same_path,no,Ichika Nito/Unknown Album/288 _Sprout_ w_ Yvette Young.m4a,"""Sprout"" w/ Yvette Young",Ichika Nito,Ichika Nito,Unknown Album,64.958,1282508,HBDH_YKuprs,HBDH_YKuprs,,,Ichika Nito/Unknown Album/288 _Sprout_ w_ Yvette Young.m4a,"""Sprout"" w/ Yvette Young",Ichika Nito,Ichika Nito,Unknown Album,64.979,HBDH_YKuprs,HBDH_YKuprs,,
present_same_path,certain,same_path,no,Ichika Nito/Unknown Album/291 THE 100 LEVELS OF Pokemon SOLO GUITAR.m4a,THE 100 LEVELS OF Pokemon SOLO GUITAR,Ichika Nito,Ichika Nito,Unknown Album,276.331,4695402,Zt0pxG5dn8U,Zt0pxG5dn8U,,,Ichika Nito/Unknown Album/291 THE 100 LEVELS OF Pokemon SOLO GUITAR.m4a,THE 100 LEVELS OF Pokemon SOLO GUITAR,Ichika Nito,Ichika Nito,Unknown Album,276.352,Zt0pxG5dn8U,Zt0pxG5dn8U,,
present_same_path,certain,same_path,no,"Ichika Nito/Unknown Album/292 I found my wallet, but having no money.m4a","I found my wallet, but having no money",Ichika Nito,Ichika Nito,Unknown Album,71.576,1312408,h6WLuL4MyPk,h6WLuL4MyPk,,,"Ichika Nito/Unknown Album/292 I found my wallet, but having no money.m4a","I found my wallet, but having no money",Ichika Nito,Ichika Nito,Unknown Album,71.597,h6WLuL4MyPk,h6WLuL4MyPk,,
present_same_path,certain,same_path,no,Ichika Nito/Unknown Album/293 When you're unable to speak and the only thing you got is a guitar.m4a,When you're unable to speak and the only thing you got is a guitar,Ichika Nito,Ichika Nito,Unknown Album,33.170,720081,aTUaHx3wkG0,aTUaHx3wkG0,,,Ichika Nito/Unknown Album/293 When you're unable to speak and the only thing you got is a guitar.m4a,When you're unable to speak and the only thing you got is a guitar,Ichika Nito,Ichika Nito,Unknown Album,33.191,aTUaHx3wkG0,aTUaHx3wkG0,,
present_same_path,certain,same_path,no,Bentham/Re_ Wonder/01 Chicago.m4a,Chicago,Bentham,Bentham,Re: Wonder,198.328,3750561,MWserASk0Jg,pxgWhxHygiU,6Ubl27JewGxzBJSks5nt1K,ed2f00dc-9df9-41cc-871b-39f1636e1927,Bentham/Re_ Wonder/01 Chicago.m4a,Chicago,Bentham,Bentham,Re: Wonder,198.342,MWserASk0Jg,pxgWhxHygiU,6Ubl27JewGxzBJSks5nt1K,ed2f00dc-9df9-41cc-871b-39f1636e1927
present_same_path,certain,same_path,no,Bentham/White/01 White.m4a,White,Bentham,Bentham,White,198.995,3392350,GNPhFCcJl_w,qWkJ02sW6O0,5B8Avqfu6PmDjZhFldVLYQ,,Bentham/White/01 White.m4a,White,Bentham,Bentham,White,199.008,GNPhFCcJl_w,qWkJ02sW6O0,5B8Avqfu6PmDjZhFldVLYQ,
present_same_path,certain,same_path,no,Bentham/Re_ Public (2014-2019)/07 Tonight.m4a,TONIGHT,Bentham,Bentham,Re: Public (2014-2019),230.107,4002736,FuZk5F6tESg,MVB15Kky-u8,5j2VcKudLnlImRgUrlLizx,,Bentham/Re_ Public (2014-2019)/07 Tonight.m4a,TONIGHT,Bentham,Bentham,Re: Public (2014-2019),230.128,FuZk5F6tESg,MVB15Kky-u8,5j2VcKudLnlImRgUrlLizx,
present_same_path,certain,same_path,no,Musicprecedence/Unknown Album/452 黄昏のBay City.m4a,黄昏のBay City,Musicprecedence,Musicprecedence,Unknown Album,250.277,4209905,aQGvlemqUpE,aQGvlemqUpE,4wUQvovMEkByMvZNCecZ9v,,Musicprecedence/Unknown Album/452 黄昏のBay City.m4a,黄昏のBay City,Musicprecedence,Musicprecedence,Unknown Album,250.298,aQGvlemqUpE,aQGvlemqUpE,4wUQvovMEkByMvZNCecZ9v,
present_same_path,certain,same_path,no,sora tob sakana/deep blue/10 ribbon.m4a,ribbon,sora tob sakana,sora tob sakana,deep blue,293.008,4978227,fHBrIzHFff4,rW4nfFKq9SA,1je4fEDJlqdCvivz5c5qR1,1aae009b-585a-4864-854f-d483f7299d11,sora tob sakana/deep blue/10 ribbon.m4a,ribbon,sora tob sakana,sora tob sakana,deep blue,293.022,fHBrIzHFff4,rW4nfFKq9SA,1je4fEDJlqdCvivz5c5qR1,1aae009b-585a-4864-854f-d483f7299d11
present_same_path,certain,same_path,no,"whoo, Hatsune Miku/W feat.Vocaloid/02 夜の足跡 - Night Steps (feat. Hatsune Miku).m4a",夜の足跡 - Night Steps (feat. Hatsune Miku),"whoo, Hatsune Miku","whoo, Hatsune Miku",W feat.Vocaloid,346.254,6129468,ocLdkjHgVkI,fDaK1HZMgiA,,19b6b00e-a93e-40af-b973-a7c9cd68d119,"whoo, Hatsune Miku/W feat.Vocaloid/02 夜の足跡 - Night Steps (feat. Hatsune Miku).m4a",夜の足跡 - Night Steps (feat. Hatsune Miku),"whoo, Hatsune Miku","whoo, Hatsune Miku",W feat.Vocaloid,346.275,ocLdkjHgVkI,fDaK1HZMgiA,,19b6b00e-a93e-40af-b973-a7c9cd68d119
present_same_path,certain,same_path,no,Dire Straits/Unknown Album/171 Sultans Of Swing (Alchemy Live).m4a,Sultans Of Swing (Alchemy Live),Dire Straits,Dire Straits,Unknown Album,646.607,10725736,8Pa9x9fZBtY,8Pa9x9fZBtY,37Tmv4NnfQeb0ZgUC4fOJj,,Dire Straits/Unknown Album/171 Sultans Of Swing (Alchemy Live).m4a,Sultans Of Swing (Alchemy Live),Dire Straits,Dire Straits,Unknown Album,646.627,8Pa9x9fZBtY,8Pa9x9fZBtY,37Tmv4NnfQeb0ZgUC4fOJj,
present_same_path,certain,same_path,no,BASI/MELLOW/08 果てない - Hatenai.m4a,果てない - Hatenai,BASI,BASI,MELLOW,266.088,4895236,ew3OuevQNDM,d9A-VD0tm8Y,1yairdzTisIPOLncMz9CyC,bc776a0f-701d-465d-bf18-cdbaa8563bf3,BASI/MELLOW/08 果てない - Hatenai.m4a,果てない - Hatenai,BASI,BASI,MELLOW,266.102,ew3OuevQNDM,d9A-VD0tm8Y,1yairdzTisIPOLncMz9CyC,bc776a0f-701d-465d-bf18-cdbaa8563bf3
present_same_path,certain,same_path,no,"The Pastels, Tenniscoats/Vivid Youth/689 Vivid Youth.m4a",Vivid Youth,"The Pastels, Tenniscoats","The Pastels, Tenniscoats",Vivid Youth,239.680,4225960,nUPj53a1yBg,nUPj53a1yBg,0gIvz0LnX1JwpQ2lKkUpCY,,"The Pastels, Tenniscoats/Vivid Youth/689 Vivid Youth.m4a",Vivid Youth,"The Pastels, Tenniscoats","The Pastels, Tenniscoats",Vivid Youth,239.701,nUPj53a1yBg,nUPj53a1yBg,0gIvz0LnX1JwpQ2lKkUpCY,
present_same_path,certain,same_path,no,Periphery/Periphery II/09 Make Total Destroy.m4a,Make Total Destroy,Periphery,Periphery,Periphery II,267.374,4515351,spCmStMOiHE,rxIQPF5Qy30,5f4S8HdIFFsNTL9jSyg6uE,0cdb7dd4-0ee7-42f5-bb6d-9ead20eb86eb,Periphery/Periphery II/09 Make Total Destroy.m4a,Make Total Destroy,Periphery,Periphery,Periphery II,267.395,spCmStMOiHE,rxIQPF5Qy30,5f4S8HdIFFsNTL9jSyg6uE,0cdb7dd4-0ee7-42f5-bb6d-9ead20eb86eb
present_same_path,certain,same_path,no,Stuck in the Sound/Live in Mexico City (Live at Bajo Circuito - 15_03_2024)/02 Let's Go (Live).m4a,Let's Go (Live),Stuck in the Sound,Stuck in the Sound,Live in Mexico City (Live at Bajo Circuito - 15/03/2024),246.720,4301069,52Gg9CqhbP8,dNby1dQJvGc,1XsN9Flu0VvZpXmrkBtZGt,,Stuck in the Sound/Live in Mexico City (Live at Bajo Circuito - 15_03_2024)/02 Let's Go (Live).m4a,Let's Go (Live),Stuck in the Sound,Stuck in the Sound,Live in Mexico City (Live at Bajo Circuito - 15/03/2024),246.734,52Gg9CqhbP8,dNby1dQJvGc,1XsN9Flu0VvZpXmrkBtZGt,
present_same_path,certain,same_path,no,Yorushika/Thoughtcrime/01 思想犯 - Thoughtcrime.m4a,思想犯 - Thoughtcrime,Yorushika,Yorushika,Thoughtcrime,252.067,4518345,4F7D__a-1Pw,4F7D__a-1Pw,5o3LSzu8xCMDpbAwm4dZ46,,Yorushika/Thoughtcrime/01 思想犯 - Thoughtcrime.m4a,思想犯 - Thoughtcrime,Yorushika,Yorushika,Thoughtcrime,252.088,4F7D__a-1Pw,4F7D__a-1Pw,5o3LSzu8xCMDpbAwm4dZ46,
present_same_path,certain,same_path,no,WHUS Radio/Unknown Album/769 Covet __ Live Studio Session.m4a,Covet // Live Studio Session,WHUS Radio,WHUS Radio,Unknown Album,1065.657,17779701,DUgnwUIpRAo,DUgnwUIpRAo,,,WHUS Radio/Unknown Album/769 Covet __ Live Studio Session.m4a,Covet // Live Studio Session,WHUS Radio,WHUS Radio,Unknown Album,1065.678,DUgnwUIpRAo,DUgnwUIpRAo,,
present_same_path,certain,same_path,no,NEGOTO/sharp/463 sharp ♯ - Sharp.m4a,sharp ♯ - Sharp,NEGOTO,NEGOTO,sharp,222.334,3715060,BiygXj3xfkk,BiygXj3xfkk,5GvQzJ462BgEdnZvUdhclb,,NEGOTO/sharp/463 sharp ♯ - Sharp.m4a,sharp ♯ - Sharp,NEGOTO,NEGOTO,sharp,222.355,BiygXj3xfkk,BiygXj3xfkk,5GvQzJ462BgEdnZvUdhclb,
present_same_path,certain,same_path,no,NEGOTO/ETERNALBEAT/462 Destiny.m4a,Destiny,NEGOTO,NEGOTO,ETERNALBEAT,245.574,4270573,XGqT9OgWOTo,XGqT9OgWOTo,0B0xiIxr8EyLvz5X9nfiPJ,,NEGOTO/ETERNALBEAT/462 Destiny.m4a,Destiny,NEGOTO,NEGOTO,ETERNALBEAT,245.595,XGqT9OgWOTo,XGqT9OgWOTo,0B0xiIxr8EyLvz5X9nfiPJ,
present_same_path,certain,same_path,no,cinemastaffchannel/Unknown Album/839 cinema staff「西南西の虹」SPECIAL LIVE.m4a,cinema staff「西南西の虹」SPECIAL LIVE,cinemastaffchannel,cinemastaffchannel,Unknown Album,831.851,13651573,kFAALfPKqR4,kFAALfPKqR4,,,cinemastaffchannel/Unknown Album/839 cinema staff「西南西の虹」SPECIAL LIVE.m4a,cinema staff「西南西の虹」SPECIAL LIVE,cinemastaffchannel,cinemastaffchannel,Unknown Album,831.872,kFAALfPKqR4,kFAALfPKqR4,,
present_same_path,certain,same_path,no,Brandy Senki/Unknown Album/98 ブランデー戦記 1st EP『人類滅亡ワンダーランド』トレーラー.m4a,ブランデー戦記 1st EP『人類滅亡ワンダーランド』トレーラー,Brandy Senki,Brandy Senki,Unknown Album,85.136,1525090,IHhtjcsyzw0,IHhtjcsyzw0,,,Brandy Senki/Unknown Album/98 ブランデー戦記 1st EP『人類滅亡ワンダーランド』トレーラー.m4a,ブランデー戦記 1st EP『人類滅亡ワンダーランド』トレーラー,Brandy Senki,Brandy Senki,Unknown Album,85.157,IHhtjcsyzw0,IHhtjcsyzw0,,
present_same_path,certain,same_path,no,Brandy Senki/Kids/01 Kids.m4a,Kids,Brandy Senki,Brandy Senki,Kids,183.215,3321469,chW9LI8n4z8,SDmlzKRW5FM,6rZYUi0y0gtXTTMUd40B0A,,Brandy Senki/Kids/01 Kids.m4a,Kids,Brandy Senki,Brandy Senki,Kids,183.236,chW9LI8n4z8,SDmlzKRW5FM,6rZYUi0y0gtXTTMUd40B0A,
present_same_path,certain,same_path,no,沼津中央高校(軽音学太郎)/Unknown Album/1360 夢が覚める前に + 忘れないように (オリジナル) _ イクラノドン （2023卒業生バンド）.m4a,夢が覚める前に + 忘れないように (オリジナル) / イクラノドン （2023卒業生バンド）,沼津中央高校(軽音学太郎),沼津中央高校(軽音学太郎),Unknown Album,529.174,8728676,pZbSxpApwu0,pZbSxpApwu0,,,沼津中央高校(軽音学太郎)/Unknown Album/1360 夢が覚める前に + 忘れないように (オリジナル) _ イクラノドン （2023卒業生バンド）.m4a,夢が覚める前に + 忘れないように (オリジナル) / イクラノドン （2023卒業生バンド）,沼津中央高校(軽音学太郎),沼津中央高校(軽音学太郎),Unknown Album,529.195,pZbSxpApwu0,pZbSxpApwu0,,
present_same_path,certain,same_path,no,redtails/Unknown Album/991 SWING HOLIC - 冷たい湖畔のシンフォニア (Beloved tomboyish Daughter).m4a,SWING HOLIC - 冷たい湖畔のシンフォニア (Beloved tomboyish Daughter),redtails,redtails,Unknown Album,298.690,5212271,Mxkz8cgWW0M,Mxkz8cgWW0M,,,redtails/Unknown Album/991 SWING HOLIC - 冷たい湖畔のシンフォニア (Beloved tomboyish Daughter).m4a,SWING HOLIC - 冷たい湖畔のシンフォニア (Beloved tomboyish Daughter),redtails,redtails,Unknown Album,298.711,Mxkz8cgWW0M,Mxkz8cgWW0M,,
present_same_path,certain,same_path,no,Haru Nemuri/harutosyura/01 MAKE MORE NOISE OF YOU.m4a,MAKE MORE NOISE OF YOU,Haru Nemuri,Haru Nemuri,harutosyura,104.280,1821375,BUm2ir4hF7o,BUm2ir4hF7o,2luJ055CDIvQToqSJNSukm,,Haru Nemuri/harutosyura/01 MAKE MORE NOISE OF YOU.m4a,MAKE MORE NOISE OF YOU,Haru Nemuri,Haru Nemuri,harutosyura,104.301,BUm2ir4hF7o,BUm2ir4hF7o,2luJ055CDIvQToqSJNSukm,
present_same_path,certain,same_path,no,Haru Nemuri/harutosyura/13 ロックンロールは死なない with 突然少年 - rock 'n' roll wa shinanai with totsuzenshounen.m4a,ロックンロールは死なない with 突然少年 - rock 'n' roll wa shinanai with totsuzenshounen,Haru Nemuri,Haru Nemuri,harutosyura,264.960,4415531,Zn96WsZFqTI,Zn96WsZFqTI,5FoiQ2EieChMpkh4dx23Xs,,Haru Nemuri/harutosyura/13 ロックンロールは死なない with 突然少年 - rock 'n' roll wa shinanai with totsuzenshounen.m4a,ロックンロールは死なない with 突然少年 - rock 'n' roll wa shinanai with totsuzenshounen,Haru Nemuri,Haru Nemuri,harutosyura,264.981,Zn96WsZFqTI,Zn96WsZFqTI,5FoiQ2EieChMpkh4dx23Xs,
present_same_path,certain,same_path,no,Haru Nemuri/harutosyura/02 鳴らして - narashite.m4a,鳴らして - narashite,Haru Nemuri,Haru Nemuri,harutosyura,199.320,3401305,XY9QHQlfNQ8,XY9QHQlfNQ8,7IIRN7KZksXp9ieBFmNuHI,9c434d00-5e3b-4903-8865-aa38ff1fe3cc,Haru Nemuri/harutosyura/02 鳴らして - narashite.m4a,鳴らして - narashite,Haru Nemuri,Haru Nemuri,harutosyura,199.341,XY9QHQlfNQ8,XY9QHQlfNQ8,7IIRN7KZksXp9ieBFmNuHI,9c434d00-5e3b-4903-8865-aa38ff1fe3cc
present_same_path,certain,same_path,no,Youth Brush/Dialogue of The Familiar/05 Best Daughter.m4a,Best Daughter,Youth Brush,Youth Brush,Dialogue of The Familiar,240.008,4126344,VEpMj-tqixs,MlcwPhl1hYU,6PUf6WQd6L8BJHfmxqfaFZ,,Youth Brush/Dialogue of The Familiar/05 Best Daughter.m4a,Best Daughter,Youth Brush,Youth Brush,Dialogue of The Familiar,240.022,VEpMj-tqixs,MlcwPhl1hYU,6PUf6WQd6L8BJHfmxqfaFZ,
present_same_path,certain,same_path,no,171/Bakufu Magma Otozumo Vol.10 (Live at KYOTO GROWLY 2024.12.28)/04 紡 (Live at 京都GROWLY 2024.12.28).m4a,紡 (Live at 京都GROWLY 2024.12.28),171,171,Bakufu Magma Otozumo Vol.10 (Live at KYOTO GROWLY 2024.12.28),214.665,3670152,VmL8V9AW82Q,9cfEjgB3Dbc,0gt76yPAVkEvgCBNZzufmK,,171/Bakufu Magma Otozumo Vol.10 (Live at KYOTO GROWLY 2024.12.28)/04 紡 (Live at 京都GROWLY 2024.12.28).m4a,紡 (Live at 京都GROWLY 2024.12.28),171,171,Bakufu Magma Otozumo Vol.10 (Live at KYOTO GROWLY 2024.12.28),214.679,VmL8V9AW82Q,9cfEjgB3Dbc,0gt76yPAVkEvgCBNZzufmK,
remote_only_no_equivalent,unmatched,no_equivalent_found,no,171/Soundproof Handle/01 グレモンハンドル - Soundproof Handle.m4a,グレモンハンドル - Soundproof Handle,171,171,Soundproof Handle,250.596,4247762,3JH-cx0XWag,3JH-cx0XWag,4SCJwfUT7tSYfAdTQqt5HM,,,,,,,,,,,
present_same_path,certain,same_path,no,171/my second car/04 インターセクション - Intersection.m4a,インターセクション - Intersection,171,171,my second car,208.866,3832632,nOIEFCwpJe4,nOIEFCwpJe4,6pQl6qBHXozIagGbHUvP3J,,171/my second car/04 インターセクション - Intersection.m4a,インターセクション - Intersection,171,171,my second car,208.887,nOIEFCwpJe4,nOIEFCwpJe4,6pQl6qBHXozIagGbHUvP3J,
present_same_path,certain,same_path,no,CoronerRecords/Unknown Album/130 RISE TO FALL _The Threshold_ OFFICIAL VIDEO.m4a,"RISE TO FALL ""The Threshold"" OFFICIAL VIDEO",CoronerRecords,CoronerRecords,Unknown Album,228.044,3679120,ZLIYZVLC_zw,ZLIYZVLC_zw,,,CoronerRecords/Unknown Album/130 RISE TO FALL _The Threshold_ OFFICIAL VIDEO.m4a,"RISE TO FALL ""The Threshold"" OFFICIAL VIDEO",CoronerRecords,CoronerRecords,Unknown Album,228.065,ZLIYZVLC_zw,ZLIYZVLC_zw,,
present_same_path,certain,same_path,no,whoo/EXIT TUNES PRESENTS 私とボカロのある日常/05 虹.m4a,虹,whoo,whoo,EXIT TUNES PRESENTS 私とボカロのある日常,231.004,4051101,RFS6nFJlA2E,xTWoGtEEGdk,6DYvXpvtwLgSpMYUZU2lVX,9037d63a-710b-4a19-9fed-8c90549849e7,whoo/EXIT TUNES PRESENTS 私とボカロのある日常/05 虹.m4a,虹,whoo,whoo,EXIT TUNES PRESENTS 私とボカロのある日常,231.025,RFS6nFJlA2E,xTWoGtEEGdk,6DYvXpvtwLgSpMYUZU2lVX,9037d63a-710b-4a19-9fed-8c90549849e7
present_same_path,certain,same_path,no,Red Bullet/Unknown Album/554 Focus - Hocus Pocus.m4a,Focus - Hocus Pocus,Red Bullet,Red Bullet,Unknown Album,402.646,6874992,MV0F_XiR48Q,MV0F_XiR48Q,,,Red Bullet/Unknown Album/554 Focus - Hocus Pocus.m4a,Focus - Hocus Pocus,Red Bullet,Red Bullet,Unknown Album,402.667,MV0F_XiR48Q,MV0F_XiR48Q,,
present_same_path,certain,same_path,no,"inabakumori,RIME/Musical Isotope RIME 1st COMPILATION ALBUM Paranormal vol.1 A Paranormal Echo/906 シンクタンク - Sinktank.m4a",シンクタンク - Sinktank,"inabakumori,RIME","inabakumori,RIME",Musical Isotope RIME 1st COMPILATION ALBUM Paranormal vol.1 A Paranormal Echo,224.894,3910594,xyT1RiRpqfY,xyT1RiRpqfY,7u4D80x7YHLSOOFPRopioI,,"inabakumori,RIME/Musical Isotope RIME 1st COMPILATION ALBUM Paranormal vol.1 A Paranormal Echo/906 シンクタンク - Sinktank.m4a",シンクタンク - Sinktank,"inabakumori,RIME","inabakumori,RIME",Musical Isotope RIME 1st COMPILATION ALBUM Paranormal vol.1 A Paranormal Echo,224.915,xyT1RiRpqfY,xyT1RiRpqfY,7u4D80x7YHLSOOFPRopioI,
present_same_path,certain,same_path,no,Kinok0Teikoku404/Unknown Album/358 Spangle call Lilli line - Dreams Never End [Full Album].m4a,Spangle call Lilli line - Dreams Never End [Full Album],Kinok0Teikoku404,Kinok0Teikoku404,Unknown Album,2478.059,40947664,qJCv23IjDAI,qJCv23IjDAI,,,Kinok0Teikoku404/Unknown Album/358 Spangle call Lilli line - Dreams Never End [Full Album].m4a,Spangle call Lilli line - Dreams Never End [Full Album],Kinok0Teikoku404,Kinok0Teikoku404,Unknown Album,2478.080,qJCv23IjDAI,qJCv23IjDAI,,
present_same_path,certain,same_path,no,Kinok0Teikoku404/Unknown Album/357 Eiko Ishibashi - The Dream My Bones Dream [Full Album].m4a,Eiko Ishibashi - The Dream My Bones Dream [Full Album],Kinok0Teikoku404,Kinok0Teikoku404,Unknown Album,2548.031,41818303,_u41GvkGATo,_u41GvkGATo,,,Kinok0Teikoku404/Unknown Album/357 Eiko Ishibashi - The Dream My Bones Dream [Full Album].m4a,Eiko Ishibashi - The Dream My Bones Dream [Full Album],Kinok0Teikoku404,Kinok0Teikoku404,Unknown Album,2548.051,_u41GvkGATo,_u41GvkGATo,,
present_same_path,certain,same_path,no,Kiro Akiyama/From Dropout/06 Caffeine.m4a,Caffeine,Kiro Akiyama,Kiro Akiyama,From Dropout,243.261,4450678,8-kryug_X2Y,1D5sm82yaFY,708feUe50Ed8N6zilSiSQM,,Kiro Akiyama/From Dropout/06 Caffeine.m4a,Caffeine,Kiro Akiyama,Kiro Akiyama,From Dropout,243.275,8-kryug_X2Y,1D5sm82yaFY,708feUe50Ed8N6zilSiSQM,
present_same_path,certain,same_path,no,Comicdom Official/Unknown Album/129 [One Piece Full AMV] Entertainment (Re Edit) {Comicdom AMV Contest}.m4a,[One Piece Full AMV] Entertainment (Re Edit) {Comicdom AMV Contest},Comicdom Official,Comicdom Official,Unknown Album,214.808,3736946,hRK2asDe9Qs,hRK2asDe9Qs,,,Comicdom Official/Unknown Album/129 [One Piece Full AMV] Entertainment (Re Edit) {Comicdom AMV Contest}.m4a,[One Piece Full AMV] Entertainment (Re Edit) {Comicdom AMV Contest},Comicdom Official,Comicdom Official,Unknown Album,214.829,hRK2asDe9Qs,hRK2asDe9Qs,,
present_same_path,certain,same_path,no,High & Rooted Rock/Unknown Album/265 SING FOR YOUR SUPPER. The Mamas and the Papas.m4a,SING FOR YOUR SUPPER. The Mamas and the Papas,High & Rooted Rock,High & Rooted Rock,Unknown Album,192.204,2923611,8r5RxrhpXy8,8r5RxrhpXy8,,,High & Rooted Rock/Unknown Album/265 SING FOR YOUR SUPPER. The Mamas and the Papas.m4a,SING FOR YOUR SUPPER. The Mamas and the Papas,High & Rooted Rock,High & Rooted Rock,Unknown Album,192.225,8r5RxrhpXy8,8r5RxrhpXy8,,
present_same_path,certain,same_path,no,Hoshimachi Suisei/Unknown Album/646 シド「乱舞のメロディ」 _ 星街すいせい(Cover).m4a,シド「乱舞のメロディ」 / 星街すいせい(Cover),Hoshimachi Suisei,Hoshimachi Suisei,Unknown Album,228.502,4028027,LpkWFnRPd-M,LpkWFnRPd-M,,,Hoshimachi Suisei/Unknown Album/646 シド「乱舞のメロディ」 _ 星街すいせい(Cover).m4a,シド「乱舞のメロディ」 / 星街すいせい(Cover),Hoshimachi Suisei,Hoshimachi Suisei,Unknown Album,228.523,LpkWFnRPd-M,LpkWFnRPd-M,,
present_same_path,certain,same_path,no,Hoshimachi Suisei/Unknown Album/645 Goose house「光るなら」 _ 星街すいせい × 蒔田陽丸 × 楓山蓮太郎(Cover).m4a,Goose house「光るなら」 / 星街すいせい × 蒔田陽丸 × 楓山蓮太郎(Cover),Hoshimachi Suisei,Hoshimachi Suisei,Unknown Album,256.704,4510860,68iRzgy6c00,68iRzgy6c00,,,Hoshimachi Suisei/Unknown Album/645 Goose house「光るなら」 _ 星街すいせい × 蒔田陽丸 × 楓山蓮太郎(Cover).m4a,Goose house「光るなら」 / 星街すいせい × 蒔田陽丸 × 楓山蓮太郎(Cover),Hoshimachi Suisei,Hoshimachi Suisei,Unknown Album,256.725,68iRzgy6c00,68iRzgy6c00,,
present_same_path,certain,same_path,no,Hoshimachi Suisei/Unknown Album/644 【ゾンビランドサガ】フランシュシュ「佐賀事変」_ 星街すいせい with ホロライブファンタジー(Cover).m4a,【ゾンビランドサガ】フランシュシュ「佐賀事変」/ 星街すいせい with ホロライブファンタジー(Cover),Hoshimachi Suisei,Hoshimachi Suisei,Unknown Album,260.029,4216521,-wNSFmqhQsU,-wNSFmqhQsU,,,Hoshimachi Suisei/Unknown Album/644 【ゾンビランドサガ】フランシュシュ「佐賀事変」_ 星街すいせい with ホロライブファンタジー(Cover).m4a,【ゾンビランドサガ】フランシュシュ「佐賀事変」/ 星街すいせい with ホロライブファンタジー(Cover),Hoshimachi Suisei,Hoshimachi Suisei,Unknown Album,260.050,-wNSFmqhQsU,-wNSFmqhQsU,,
present_same_path,certain,same_path,no,Gill Snatch/Unknown Album/231 Gill Snatch - サニーサイドブルース [OFFICIAL MUSIC VIDEO].m4a,Gill Snatch - サニーサイドブルース [OFFICIAL MUSIC VIDEO],Gill Snatch,Gill Snatch,Unknown Album,222.891,3736757,AKtAwf1hS0g,AKtAwf1hS0g,,,Gill Snatch/Unknown Album/231 Gill Snatch - サニーサイドブルース [OFFICIAL MUSIC VIDEO].m4a,Gill Snatch - サニーサイドブルース [OFFICIAL MUSIC VIDEO],Gill Snatch,Gill Snatch,Unknown Album,222.912,AKtAwf1hS0g,AKtAwf1hS0g,,
present_same_path,certain,same_path,no,Suchmos/Love & Vice/01 STAY TUNE.m4a,STAY TUNE,Suchmos,Suchmos,Love & Vice,298.747,5399131,PLgYflfgq0M,EgFVHXzmlvU,1KKc8f9ZiKFzOeRJJ3SYn7,1e7bf288-4588-42db-af9d-41d07ed97c0c,Suchmos/Love & Vice/01 STAY TUNE.m4a,STAY TUNE,Suchmos,Suchmos,Love & Vice,298.768,PLgYflfgq0M,EgFVHXzmlvU,1KKc8f9ZiKFzOeRJJ3SYn7,1e7bf288-4588-42db-af9d-41d07ed97c0c
present_same_path,certain,same_path,no,Suchmos/Mint Condition/01 MINT.m4a,MINT,Suchmos,Suchmos,Mint Condition,265.934,4949162,WXk69QJ-Wr4,Mp0nXG5ICiw,0q7srV6oZ46Xyp5LZS80Jr,bcde209f-e084-4903-a3de-29ff6156b62c,Suchmos/Mint Condition/01 MINT.m4a,MINT,Suchmos,Suchmos,Mint Condition,265.955,WXk69QJ-Wr4,Mp0nXG5ICiw,0q7srV6oZ46Xyp5LZS80Jr,bcde209f-e084-4903-a3de-29ff6156b62c
present_same_path,certain,same_path,no,Paniyolo/hitotema/04 Color.m4a,Color,Paniyolo,Paniyolo,hitotema,285.808,4854783,Cl8a9b76GMg,i-43jgTKCdw,1UwD9Plls7Pdh9ZMGeliN2,,Paniyolo/hitotema/04 Color.m4a,Color,Paniyolo,Paniyolo,hitotema,285.822,Cl8a9b76GMg,i-43jgTKCdw,1UwD9Plls7Pdh9ZMGeliN2,
present_same_path,certain,same_path,no,Wallows/Are You Bored Yet_ (feat. Clairo)/01 Are You Bored Yet_ (feat. Clairo).m4a,Are You Bored Yet? (feat. Clairo),Wallows,Wallows,Are You Bored Yet? (feat. Clairo),178.008,3417348,wIgmyE5Juzw,nt4_p9Pz0RI,57RA3JGafJm5zRtKJiKPIm,,Wallows/Are You Bored Yet_ (feat. Clairo)/01 Are You Bored Yet_ (feat. Clairo).m4a,Are You Bored Yet? (feat. Clairo),Wallows,Wallows,Are You Bored Yet? (feat. Clairo),178.022,wIgmyE5Juzw,nt4_p9Pz0RI,57RA3JGafJm5zRtKJiKPIm,
present_same_path,certain,same_path,no,DeNeel/Ignition _ Blackout/160 導火 - Ignition.m4a,導火 - Ignition,DeNeel,DeNeel,Ignition / Blackout,219.667,4029943,seo6jSC2ZN8,seo6jSC2ZN8,1dg51SMEWgVj8NWiGXIVVw,1ce178d1-fb8c-40f5-b55a-db22045426eb,DeNeel/Ignition _ Blackout/160 導火 - Ignition.m4a,導火 - Ignition,DeNeel,DeNeel,Ignition / Blackout,219.688,seo6jSC2ZN8,seo6jSC2ZN8,1dg51SMEWgVj8NWiGXIVVw,1ce178d1-fb8c-40f5-b55a-db22045426eb
present_same_path,certain,same_path,no,duendita/One of One/01 One of One.m4a,One of One,duendita,duendita,One of One,139.763,2655033,QTKqsFh1SoM,l43A-eaPafg,,5feeac2d-17a5-4aad-8170-710e85a77bb2,duendita/One of One/01 One of One.m4a,One of One,duendita,duendita,One of One,139.777,QTKqsFh1SoM,l43A-eaPafg,,5feeac2d-17a5-4aad-8170-710e85a77bb2
present_same_path,certain,same_path,no,Asian Shoegaze/Unknown Album/53 揺らぎ - night life e. p. [HQ].m4a,揺らぎ - night life e. p. [HQ],Asian Shoegaze,Asian Shoegaze,Unknown Album,1182.453,19497645,xgMD6efugcU,xgMD6efugcU,,,Asian Shoegaze/Unknown Album/53 揺らぎ - night life e. p. [HQ].m4a,揺らぎ - night life e. p. [HQ],Asian Shoegaze,Asian Shoegaze,Unknown Album,1182.474,xgMD6efugcU,xgMD6efugcU,,
present_same_path,certain,same_path,no,Haku./That's All I Can Say/01 それしか言えない - That's All I Can Say.m4a,それしか言えない - That's All I Can Say,Haku.,Haku.,That's All I Can Say,264.153,4627075,0_pe1BnPI6U,0_pe1BnPI6U,,,Haku./That's All I Can Say/01 それしか言えない - That's All I Can Say.m4a,それしか言えない - That's All I Can Say,Haku.,Haku.,That's All I Can Say,264.174,0_pe1BnPI6U,0_pe1BnPI6U,,
present_same_path,certain,same_path,no,Haku./Wakamono Nikki/251 ふたり基地 - Futari Kichi.m4a,ふたり基地 - Futari Kichi,Haku.,Haku.,Wakamono Nikki,261.270,4568140,-AgI6SMM8sA,-AgI6SMM8sA,,,Haku./Wakamono Nikki/251 ふたり基地 - Futari Kichi.m4a,ふたり基地 - Futari Kichi,Haku.,Haku.,Wakamono Nikki,261.291,-AgI6SMM8sA,-AgI6SMM8sA,,
present_same_path,certain,same_path,no,Haku./Minami Shinmachi/01 南新町 - Minami Shinmachi.m4a,南新町 - Minami Shinmachi,Haku.,Haku.,Minami Shinmachi,247.227,4265739,hi9JgfsZRQk,hi9JgfsZRQk,,,Haku./Minami Shinmachi/01 南新町 - Minami Shinmachi.m4a,南新町 - Minami Shinmachi,Haku.,Haku.,Minami Shinmachi,247.248,hi9JgfsZRQk,hi9JgfsZRQk,,
present_same_path,certain,same_path,no,Milky Chance/Blossom/09 Cocoon.m4a,Cocoon,Milky Chance,Milky Chance,Blossom,255.168,4419481,ernVvrYH9vg,OB-vHIFngNs,6acDlNeA06MCVCzsTVGr9V,0f776ae1-4d30-4e35-a06f-923b018eaabf,Milky Chance/Blossom/09 Cocoon.m4a,Cocoon,Milky Chance,Milky Chance,Blossom,255.182,ernVvrYH9vg,OB-vHIFngNs,6acDlNeA06MCVCzsTVGr9V,0f776ae1-4d30-4e35-a06f-923b018eaabf
present_same_path,certain,same_path,no,suraniset ☩/Unknown Album/1117 Hito toshite Jiku ga Bureteiru - Sayonara Zetsubou Sensei Op 1.m4a,Hito toshite Jiku ga Bureteiru - Sayonara Zetsubou Sensei Op 1,suraniset ☩,suraniset ☩,Unknown Album,207.851,3596291,ry5ljUeuyDQ,ry5ljUeuyDQ,,,suraniset ☩/Unknown Album/1117 Hito toshite Jiku ga Bureteiru - Sayonara Zetsubou Sensei Op 1.m4a,Hito toshite Jiku ga Bureteiru - Sayonara Zetsubou Sensei Op 1,suraniset ☩,suraniset ☩,Unknown Album,207.872,ry5ljUeuyDQ,ry5ljUeuyDQ,,
present_same_path,certain,same_path,yes,Queens of the Stone Age/Insignificant Other/01 Insignificant Other.m4a,Insignificant Other,Queens of the Stone Age,Queens of the Stone Age,Insignificant Other,835.037,13848631,rrgD3LoYztM,rrgD3LoYztM,5ABz96jTZ6cWHehbCV9tFm,1415886e-ce49-4b11-96e5-1414647208a4,Queens of the Stone Age/Insignificant Other/01 Insignificant Other.m4a,Insignificant Other,Queens of the Stone Age,Queens of the Stone Age,Insignificant Other,835.057,rrgD3LoYztM,rrgD3LoYztM,5ABz96jTZ6cWHehbCV9tFm,1415886e-ce49-4b11-96e5-1414647208a4
present_same_path,certain,same_path,no,pettels/Reinforced Concrete/01 鉄筋コンクリート - Reinforced Concrete.m4a,鉄筋コンクリート - Reinforced Concrete,pettels,pettels,Reinforced Concrete,227.227,4152948,5iRyatB6YUo,Mr9-Ha3x0lU,12Q79cy2fUDeBHeHYDwzeX,,pettels/Reinforced Concrete/01 鉄筋コンクリート - Reinforced Concrete.m4a,鉄筋コンクリート - Reinforced Concrete,pettels,pettels,Reinforced Concrete,227.248,5iRyatB6YUo,Mr9-Ha3x0lU,12Q79cy2fUDeBHeHYDwzeX,
present_same_path,certain,same_path,no,PASSEPIED/Neon and Tiger/02 マッカメッカ - Makka Mecca.m4a,マッカメッカ - Makka Mecca,PASSEPIED,PASSEPIED,Neon and Tiger,270.400,4715387,YrL3t9noMTU,rR44Zkl4_sQ,,,PASSEPIED/Neon and Tiger/02 マッカメッカ - Makka Mecca.m4a,マッカメッカ - Makka Mecca,PASSEPIED,PASSEPIED,Neon and Tiger,270.421,YrL3t9noMTU,rR44Zkl4_sQ,,
present_same_path,certain,same_path,no,Marissa/Unknown Album/416 Marissa - Cold Blooded (studio cover).m4a,Marissa - Cold Blooded (studio cover),Marissa,Marissa,Unknown Album,184.704,3131019,rP0p-q6oDus,rP0p-q6oDus,,,Marissa/Unknown Album/416 Marissa - Cold Blooded (studio cover).m4a,Marissa - Cold Blooded (studio cover),Marissa,Marissa,Unknown Album,184.725,rP0p-q6oDus,rP0p-q6oDus,,
present_same_path,certain,same_path,no,Thirty Seconds To Mars/mtvU Sampler 2006/701 The Kill (Bury Me).m4a,The Kill (Bury Me),Thirty Seconds To Mars,Thirty Seconds To Mars,mtvU Sampler 2006,329.596,5437465,8yvGCAvOAfM,8yvGCAvOAfM,1p1nO35bbi4ZlQgjIA4oa4,5680de1b-670e-4d60-8e6f-52f868e99c02,Thirty Seconds To Mars/mtvU Sampler 2006/701 The Kill (Bury Me).m4a,The Kill (Bury Me),Thirty Seconds To Mars,Thirty Seconds To Mars,mtvU Sampler 2006,329.617,8yvGCAvOAfM,8yvGCAvOAfM,1p1nO35bbi4ZlQgjIA4oa4,5680de1b-670e-4d60-8e6f-52f868e99c02
present_same_path,certain,same_path,no,Sigrid Evangelista/Unknown Album/607 Shiki No Uta - our rendition.m4a,Shiki No Uta - our rendition,Sigrid Evangelista,Sigrid Evangelista,Unknown Album,250.336,4242592,aspEmAvXm8Y,aspEmAvXm8Y,,,Sigrid Evangelista/Unknown Album/607 Shiki No Uta - our rendition.m4a,Shiki No Uta - our rendition,Sigrid Evangelista,Sigrid Evangelista,Unknown Album,250.357,aspEmAvXm8Y,aspEmAvXm8Y,,
present_same_path,certain,same_path,no,WHITE ASH/Crowds/768 Crowds.m4a,Crowds,WHITE ASH,WHITE ASH,Crowds,180.440,3100923,otnUeyLs_3c,otnUeyLs_3c,5MbhvsafMgw7sOIvoWROFA,781e0e6b-1ffb-427b-a9ce-d7cf508dc82c,WHITE ASH/Crowds/768 Crowds.m4a,Crowds,WHITE ASH,WHITE ASH,Crowds,180.461,otnUeyLs_3c,otnUeyLs_3c,5MbhvsafMgw7sOIvoWROFA,781e0e6b-1ffb-427b-a9ce-d7cf508dc82c
present_same_path,certain,same_path,no,BLACKBUTZ/Unknown Album/69 Blurry Eyes _ L'Arc〜en〜Ciel(cover).m4a,Blurry Eyes / L'Arc〜en〜Ciel(cover),BLACKBUTZ,BLACKBUTZ,Unknown Album,263.019,4556564,x9mZrH9DV70,x9mZrH9DV70,,,BLACKBUTZ/Unknown Album/69 Blurry Eyes _ L'Arc〜en〜Ciel(cover).m4a,Blurry Eyes / L'Arc〜en〜Ciel(cover),BLACKBUTZ,BLACKBUTZ,Unknown Album,263.040,x9mZrH9DV70,x9mZrH9DV70,,
present_same_path,certain,same_path,no,Genie High/Genie classic/01 モンスター - Monster (feat. yama).m4a,モンスター - Monster (feat. yama),Genie High,Genie High,Genie classic,265.371,4669422,3EeGcpNmUx8,mmyB183bPbs,09gBx310Z7KnMI5LdB3fDl,,Genie High/Genie classic/01 モンスター - Monster (feat. yama).m4a,モンスター - Monster (feat. yama),Genie High,Genie High,Genie classic,265.385,3EeGcpNmUx8,mmyB183bPbs,09gBx310Z7KnMI5LdB3fDl,
present_same_path,certain,same_path,no,Genie High/geniestar/228 コクーンさん - Cocoonsan.m4a,コクーンさん - Cocoonsan,Genie High,Genie High,geniestar,221.592,4057323,DTbhrZ_3fxA,DTbhrZ_3fxA,5rUEPaxofuF16o5jCFDtFt,,Genie High/geniestar/228 コクーンさん - Cocoonsan.m4a,コクーンさん - Cocoonsan,Genie High,Genie High,geniestar,221.613,DTbhrZ_3fxA,DTbhrZ_3fxA,5rUEPaxofuF16o5jCFDtFt,
present_same_path,certain,same_path,no,Genie High/Genie High Story/226 シャミナミ - Shaminami.m4a,シャミナミ - Shaminami,Genie High,Genie High,Genie High Story,225.070,3904287,TkE2HvtvTfA,TkE2HvtvTfA,19DoAguq7yDD3n09TZaGIQ,,Genie High/Genie High Story/226 シャミナミ - Shaminami.m4a,シャミナミ - Shaminami,Genie High,Genie High,Genie High Story,225.091,TkE2HvtvTfA,TkE2HvtvTfA,19DoAguq7yDD3n09TZaGIQ,
present_same_path,certain,same_path,no,Rikuto Murai/Unknown Album/561 掌で踊る_そこに鳴る 弾いてみた.m4a,掌で踊る/そこに鳴る 弾いてみた,Rikuto Murai,Rikuto Murai,Unknown Album,197.300,3334962,HNEshpIXA4o,HNEshpIXA4o,,,Rikuto Murai/Unknown Album/561 掌で踊る_そこに鳴る 弾いてみた.m4a,掌で踊る/そこに鳴る 弾いてみた,Rikuto Murai,Rikuto Murai,Unknown Album,197.321,HNEshpIXA4o,HNEshpIXA4o,,
present_same_path,certain,same_path,no,Akilese/Unknown Album/30 Elena Siegman - Beauty Of Annihilation Lyric.m4a,Elena Siegman - Beauty Of Annihilation Lyric,Akilese,Akilese,Unknown Album,269.967,4556015,aYh3k0SxdIY,aYh3k0SxdIY,,,Akilese/Unknown Album/30 Elena Siegman - Beauty Of Annihilation Lyric.m4a,Elena Siegman - Beauty Of Annihilation Lyric,Akilese,Akilese,Unknown Album,269.988,aYh3k0SxdIY,aYh3k0SxdIY,,
present_same_path,certain,same_path,no,Akilese/Unknown Album/29 Elena Siegman - Lullaby for a dead man Lyrics.m4a,Elena Siegman - Lullaby for a dead man Lyrics,Akilese,Akilese,Unknown Album,244.565,4054358,1fGbQynT1Gw,1fGbQynT1Gw,,,Akilese/Unknown Album/29 Elena Siegman - Lullaby for a dead man Lyrics.m4a,Elena Siegman - Lullaby for a dead man Lyrics,Akilese,Akilese,Unknown Album,244.586,1fGbQynT1Gw,1fGbQynT1Gw,,
present_same_path,certain,same_path,no,Skyward/Unknown Album/611 Camellia - Light It Up.m4a,Camellia - Light It Up,Skyward,Skyward,Unknown Album,371.543,6330429,QxCiZQokxnk,QxCiZQokxnk,,,Skyward/Unknown Album/611 Camellia - Light It Up.m4a,Camellia - Light It Up,Skyward,Skyward,Unknown Album,371.564,QxCiZQokxnk,QxCiZQokxnk,,
present_same_path,certain,same_path,no,Softcult/Year Of The Rat/03 Take It Off.m4a,Take It Off,Softcult,Softcult,Year Of The Rat,191.685,3492320,rvNcrJnjynQ,326MEcJL7N4,5xtSnYsevveWRiYmKTnxWS,973ba561-45f4-4446-be07-4e073feada1b,Softcult/Year Of The Rat/03 Take It Off.m4a,Take It Off,Softcult,Softcult,Year Of The Rat,191.706,rvNcrJnjynQ,326MEcJL7N4,5xtSnYsevveWRiYmKTnxWS,973ba561-45f4-4446-be07-4e073feada1b
present_same_path,certain,same_path,no,Softcult/Year Of The Rat/04 Young Forever.m4a,Young Forever,Softcult,Softcult,Year Of The Rat,164.061,2997158,VCM495aCuaI,VS3DSi5qZVQ,5lPg6FeJwQ6AVuPV0QDTZw,7a8381a9-d44e-48f7-ba8a-a39eba4ce0df,Softcult/Year Of The Rat/04 Young Forever.m4a,Young Forever,Softcult,Softcult,Year Of The Rat,164.082,VCM495aCuaI,VS3DSi5qZVQ,5lPg6FeJwQ6AVuPV0QDTZw,7a8381a9-d44e-48f7-ba8a-a39eba4ce0df
present_same_path,certain,same_path,no,VivaLaPanda/Unknown Album/763 moriyuni - 祝いのうた.m4a,moriyuni - 祝いのうた,VivaLaPanda,VivaLaPanda,Unknown Album,353.095,5738453,uw-RU1pWsro,uw-RU1pWsro,,,VivaLaPanda/Unknown Album/763 moriyuni - 祝いのうた.m4a,moriyuni - 祝いのうた,VivaLaPanda,VivaLaPanda,Unknown Album,353.116,uw-RU1pWsro,uw-RU1pWsro,,
present_same_path,certain,same_path,no,Uncle Chris/Uncle Chris/06 Lavender.m4a,Lavender,Uncle Chris,Uncle Chris,Uncle Chris,277.947,5085406,EvjHN8LtidQ,EvjHN8LtidQ,6mNSHbyTp11H34WyzIxXOK,9962605c-9f85-4bc3-887e-539003a7fe44,Uncle Chris/Uncle Chris/06 Lavender.m4a,Lavender,Uncle Chris,Uncle Chris,Uncle Chris,277.968,EvjHN8LtidQ,EvjHN8LtidQ,6mNSHbyTp11H34WyzIxXOK,9962605c-9f85-4bc3-887e-539003a7fe44
present_same_path,certain,same_path,no,Uncle Chris/Green Eyes/01 Green Eyes.m4a,Green Eyes,Uncle Chris,Uncle Chris,Green Eyes,254.772,4589302,gR9AIeQBJss,gR9AIeQBJss,0OjVmGMCkcQCO3Dq1TKbz1,6a847611-ed0c-411e-9fb6-4f7803ffda43,Uncle Chris/Green Eyes/01 Green Eyes.m4a,Green Eyes,Uncle Chris,Uncle Chris,Green Eyes,254.793,gR9AIeQBJss,gR9AIeQBJss,0OjVmGMCkcQCO3Dq1TKbz1,6a847611-ed0c-411e-9fb6-4f7803ffda43
present_same_path,certain,same_path,no,Default缺省/California Nebula/03 將死之時掩以水門汀.m4a,將死之時掩以水門汀,Default缺省,Default缺省,California Nebula,429.118,7434569,YDVnAT0JW_Y,YDVnAT0JW_Y,414bv885AtjmsKHPYgGRWi,,Default缺省/California Nebula/03 將死之時掩以水門汀.m4a,將死之時掩以水門汀,Default缺省,Default缺省,California Nebula,429.139,YDVnAT0JW_Y,YDVnAT0JW_Y,414bv885AtjmsKHPYgGRWi,
present_same_path,certain,same_path,no,Audiotree/Unknown Album/57 La Dispute on Audiotree Live (Full Session).m4a,La Dispute on Audiotree Live (Full Session),Audiotree,Audiotree,Unknown Album,2430.514,40008610,5NtUbkp8ZCc,5NtUbkp8ZCc,,,Audiotree/Unknown Album/57 La Dispute on Audiotree Live (Full Session).m4a,La Dispute on Audiotree Live (Full Session),Audiotree,Audiotree,Unknown Album,2430.535,5NtUbkp8ZCc,5NtUbkp8ZCc,,
present_same_path,certain,same_path,no,Audiotree/Unknown Album/59 Hana Vu on Audiotree Live (Full Session).m4a,Hana Vu on Audiotree Live (Full Session),Audiotree,Audiotree,Unknown Album,1904.118,31431645,Zuc1nOIIPmc,Zuc1nOIIPmc,,,Audiotree/Unknown Album/59 Hana Vu on Audiotree Live (Full Session).m4a,Hana Vu on Audiotree Live (Full Session),Audiotree,Audiotree,Unknown Album,1904.139,Zuc1nOIIPmc,Zuc1nOIIPmc,,
present_same_path,certain,same_path,no,Audiotree/Unknown Album/56 Delta Sleep on Audiotree Live (Full Session).m4a,Delta Sleep on Audiotree Live (Full Session),Audiotree,Audiotree,Unknown Album,2296.675,37896679,2Uz8zdI5fwo,2Uz8zdI5fwo,,,Audiotree/Unknown Album/56 Delta Sleep on Audiotree Live (Full Session).m4a,Delta Sleep on Audiotree Live (Full Session),Audiotree,Audiotree,Unknown Album,2296.695,2Uz8zdI5fwo,2Uz8zdI5fwo,,
present_same_path,certain,same_path,no,"Audiotree/Unknown Album/58 Beat 'em Up, Donatello! - Casey Jones _ Dancing Alone _ Audiotree Worldwide.m4a","Beat 'em Up, Donatello!  - Casey Jones / Dancing Alone | Audiotree Worldwide",Audiotree,Audiotree,Unknown Album,557.270,9348417,JV9Wb0WmBbM,JV9Wb0WmBbM,,,"Audiotree/Unknown Album/58 Beat 'em Up, Donatello! - Casey Jones _ Dancing Alone _ Audiotree Worldwide.m4a","Beat 'em Up, Donatello!  - Casey Jones / Dancing Alone | Audiotree Worldwide",Audiotree,Audiotree,Unknown Album,557.291,JV9Wb0WmBbM,JV9Wb0WmBbM,,
present_same_path,certain,same_path,no,Dios/CASTLE/10 逃避行 - Runaway.m4a,逃避行 - Runaway,Dios,Dios,CASTLE,289.156,5191734,a9PeA1QAptA,syvg2-jhg0k,1o4E4z1lw60soZOWs89Zeh,1049e73d-5926-4245-a443-49b94ba29065,Dios/CASTLE/10 逃避行 - Runaway.m4a,逃避行 - Runaway,Dios,Dios,CASTLE,289.177,a9PeA1QAptA,syvg2-jhg0k,1o4E4z1lw60soZOWs89Zeh,1049e73d-5926-4245-a443-49b94ba29065
present_same_path,certain,same_path,no,Dios/CASTLE/08 鬼よ - My Inner Demons.m4a,鬼よ - My Inner Demons,Dios,Dios,CASTLE,179.000,3389299,wAMHq9e3HrA,wRMBbqmyplg,3iYTGoIO2iHfzfGOXxx8FS,7fabd644-822f-41e5-b1bf-cb7ca8242b03,Dios/CASTLE/08 鬼よ - My Inner Demons.m4a,鬼よ - My Inner Demons,Dios,Dios,CASTLE,179.021,wAMHq9e3HrA,wRMBbqmyplg,3iYTGoIO2iHfzfGOXxx8FS,7fabd644-822f-41e5-b1bf-cb7ca8242b03
present_same_path,certain,same_path,no,Dios/CASTLE/03 天国 - Heaven.m4a,天国 - Heaven,Dios,Dios,CASTLE,193.850,3645467,iE9ctGo6N88,4pbIY69gUvI,,a64ed9d6-47d5-4545-8dfd-1f7c4594d3e5,Dios/CASTLE/03 天国 - Heaven.m4a,天国 - Heaven,Dios,Dios,CASTLE,193.871,iE9ctGo6N88,4pbIY69gUvI,,a64ed9d6-47d5-4545-8dfd-1f7c4594d3e5
present_same_path,certain,same_path,no,Dios/CASTLE/12 劇場 - Theater.m4a,劇場 - Theater,Dios,Dios,CASTLE,214.230,4023844,E66KwJhaWY0,j2ILrrqtx0E,0WBFbSUwp4UFTSQT2JCQFw,c12a8cb4-8df4-424f-a608-1841908ac16f,Dios/CASTLE/12 劇場 - Theater.m4a,劇場 - Theater,Dios,Dios,CASTLE,214.244,E66KwJhaWY0,j2ILrrqtx0E,0WBFbSUwp4UFTSQT2JCQFw,c12a8cb4-8df4-424f-a608-1841908ac16f
present_same_path,certain,same_path,no,Dios/Betrayal/01 裏切りについて - Betrayal.m4a,裏切りについて - Betrayal,Dios,Dios,Betrayal,192.158,3390416,ytNIwJCnrmY,Ej16Q0N5zwo,5hPA99E16NsJf45PHqSFbI,faa8b390-8f48-4d0c-8f72-3cc1ffc4b4eb,Dios/Betrayal/01 裏切りについて - Betrayal.m4a,裏切りについて - Betrayal,Dios,Dios,Betrayal,192.179,ytNIwJCnrmY,Ej16Q0N5zwo,5hPA99E16NsJf45PHqSFbI,faa8b390-8f48-4d0c-8f72-3cc1ffc4b4eb
present_same_path,certain,same_path,no,Laura day romance/Sad Number_Laundry/01 Sad Number.m4a,Sad Number,Laura day romance,Laura day romance,Sad Number/Laundry,191.626,3250378,gHoN6GQufcY,V0MC9Y6J98s,734EMcGt57JKYQzejY1uGQ,fede68f1-41db-4a2c-8b8e-b9ea0be7ebb1,Laura day romance/Sad Number_Laundry/01 Sad Number.m4a,Sad Number,Laura day romance,Laura day romance,Sad Number/Laundry,191.647,gHoN6GQufcY,V0MC9Y6J98s,734EMcGt57JKYQzejY1uGQ,fede68f1-41db-4a2c-8b8e-b9ea0be7ebb1
present_same_path,certain,same_path,no,Michel/Unknown Album/435 Sokoninaru_ Less Than Zero @Sauna-Klub Wolfsburg.m4a,Sokoninaru: Less Than Zero @Sauna-Klub Wolfsburg,Michel,Michel,Unknown Album,176.658,3022551,hfpPXLo90BQ,hfpPXLo90BQ,,,Michel/Unknown Album/435 Sokoninaru_ Less Than Zero @Sauna-Klub Wolfsburg.m4a,Sokoninaru: Less Than Zero @Sauna-Klub Wolfsburg,Michel,Michel,Unknown Album,176.679,hfpPXLo90BQ,hfpPXLo90BQ,,
present_same_path,certain,same_path,no,"Bradframe/Unknown Album/96 Let Us Just Call It Abstract - And As Technique Became Invisible, All That Was Left Was Pure Emotion.m4a","Let Us Just Call It Abstract - And As Technique Became Invisible, All That Was Left Was Pure Emotion",Bradframe,Bradframe,Unknown Album,472.027,8010492,NYm4D8iyr2g,NYm4D8iyr2g,,,"Bradframe/Unknown Album/96 Let Us Just Call It Abstract - And As Technique Became Invisible, All That Was Left Was Pure Emotion.m4a","Let Us Just Call It Abstract - And As Technique Became Invisible, All That Was Left Was Pure Emotion",Bradframe,Bradframe,Unknown Album,472.048,NYm4D8iyr2g,NYm4D8iyr2g,,
present_same_path,certain,same_path,no,Asher Gamedze/Siyabulela/01 Siyabulela.m4a,Siyabulela,Asher Gamedze,Asher Gamedze,Siyabulela,502.978,8856932,LRNakWlGQm4,LRNakWlGQm4,54s76VIwiH05zSmyVb80Yv,c0c86ec5-9d8d-4003-b5eb-3056cc0aa3fc,Asher Gamedze/Siyabulela/01 Siyabulela.m4a,Siyabulela,Asher Gamedze,Asher Gamedze,Siyabulela,502.999,LRNakWlGQm4,LRNakWlGQm4,54s76VIwiH05zSmyVb80Yv,c0c86ec5-9d8d-4003-b5eb-3056cc0aa3fc
present_same_path,certain,same_path,no,SawanoHiroyuki[nZk]/iv/09 Till I (feat. Yuuri).m4a,Till I (feat. Yuuri),SawanoHiroyuki[nZk],SawanoHiroyuki[nZk],iv,281.240,4994828,k2MWBy-Hb1M,k2MWBy-Hb1M,,,SawanoHiroyuki[nZk]/iv/09 Till I (feat. Yuuri).m4a,Till I (feat. Yuuri),SawanoHiroyuki[nZk],SawanoHiroyuki[nZk],iv,281.261,k2MWBy-Hb1M,k2MWBy-Hb1M,,
present_same_path,certain,same_path,no,Lily Chou-Chou/Kokyuu/03 Erotic.m4a,Erotic,Lily Chou-Chou,Lily Chou-Chou,Kokyuu,287.894,4989706,ac57prz7I7I,ac57prz7I7I,,,Lily Chou-Chou/Kokyuu/03 Erotic.m4a,Erotic,Lily Chou-Chou,Lily Chou-Chou,Kokyuu,287.915,ac57prz7I7I,ac57prz7I7I,,
present_same_path,certain,same_path,no,Lily Chou-Chou/Kokyuu/02 Ai no Jikken.m4a,Ai no Jikken,Lily Chou-Chou,Lily Chou-Chou,Kokyuu,326.707,5623789,PW1ZQ9ETsIs,PW1ZQ9ETsIs,,,Lily Chou-Chou/Kokyuu/02 Ai no Jikken.m4a,Ai no Jikken,Lily Chou-Chou,Lily Chou-Chou,Kokyuu,326.728,PW1ZQ9ETsIs,PW1ZQ9ETsIs,,
present_same_path,certain,same_path,no,Lily Chou-Chou/Kokyuu/07 Tobenai Tsubasa.m4a,Tobenai Tsubasa,Lily Chou-Chou,Lily Chou-Chou,Kokyuu,287.467,5022314,wocqFwe0oLs,wocqFwe0oLs,,,Lily Chou-Chou/Kokyuu/07 Tobenai Tsubasa.m4a,Tobenai Tsubasa,Lily Chou-Chou,Lily Chou-Chou,Kokyuu,287.488,wocqFwe0oLs,wocqFwe0oLs,,
present_same_path,certain,same_path,no,Lily Chou-Chou/Kokyuu/08 Kyoumei -Kuukyo na Ishi-.m4a,Kyoumei -Kuukyo na Ishi-,Lily Chou-Chou,Lily Chou-Chou,Kokyuu,262.867,4571497,AWjoPl09BnU,AWjoPl09BnU,,,Lily Chou-Chou/Kokyuu/08 Kyoumei -Kuukyo na Ishi-.m4a,Kyoumei -Kuukyo na Ishi-,Lily Chou-Chou,Lily Chou-Chou,Kokyuu,262.888,AWjoPl09BnU,AWjoPl09BnU,,
present_same_path,certain,same_path,no,sunsoogirl/Unknown Album/1113 三四少女-シュガースーサイド【LIVE】.m4a,三四少女-シュガースーサイド【LIVE】,sunsoogirl,sunsoogirl,Unknown Album,193.098,3287251,z3yKQHAV5oI,z3yKQHAV5oI,,,sunsoogirl/Unknown Album/1113 三四少女-シュガースーサイド【LIVE】.m4a,三四少女-シュガースーサイド【LIVE】,sunsoogirl,sunsoogirl,Unknown Album,193.118,z3yKQHAV5oI,z3yKQHAV5oI,,
present_same_path,certain,same_path,no,The Killers/Direct Hits/05 When You Were Young (Calvin Harris Remix).m4a,When You Were Young (Calvin Harris Remix),The Killers,The Killers,Direct Hits,372.808,6316922,ff0oWESdmH0,dpoxxttxGQ0,70wYA8oYHoMzhRRkARoMhU,e1a6976b-a732-4ed6-a1ea-846ee284ac00,The Killers/Direct Hits/05 When You Were Young (Calvin Harris Remix).m4a,When You Were Young (Calvin Harris Remix),The Killers,The Killers,Direct Hits,372.822,ff0oWESdmH0,dpoxxttxGQ0,70wYA8oYHoMzhRRkARoMhU,e1a6976b-a732-4ed6-a1ea-846ee284ac00
present_same_path,certain,same_path,no,Saintseneca/Pillar of Na/09 Frostbiter.m4a,Frostbiter,Saintseneca,Saintseneca,Pillar of Na,253.280,4570964,xq0hVlx_MEI,ccz5XRKMhDM,1ibEFpu4qJXqAbDP5aZREZ,d95d06c0-8ade-4330-b407-5f47933c59c4,Saintseneca/Pillar of Na/09 Frostbiter.m4a,Frostbiter,Saintseneca,Saintseneca,Pillar of Na,253.301,xq0hVlx_MEI,ccz5XRKMhDM,1ibEFpu4qJXqAbDP5aZREZ,d95d06c0-8ade-4330-b407-5f47933c59c4
present_same_path,certain,same_path,no,CrushingDreams/Unknown Album/144 石橋英子(Eiko Ishibashi) - Drifting Devil (2009) [Full Album].m4a,石橋英子(Eiko Ishibashi) - Drifting Devil (2009) [Full Album],CrushingDreams,CrushingDreams,Unknown Album,3508.489,57218585,3Ewo7DTnE00,3Ewo7DTnE00,,,CrushingDreams/Unknown Album/144 石橋英子(Eiko Ishibashi) - Drifting Devil (2009) [Full Album].m4a,石橋英子(Eiko Ishibashi) - Drifting Devil (2009) [Full Album],CrushingDreams,CrushingDreams,Unknown Album,3508.510,3Ewo7DTnE00,3Ewo7DTnE00,,
present_same_path,certain,same_path,no,The Bulletproof Tiger/You Wanna Kiss About It_/01 Franko Spanko's Greatest Hit.m4a,Franko Spanko's Greatest Hit,The Bulletproof Tiger,The Bulletproof Tiger,You Wanna Kiss About It?,210.294,3563518,1601II8RfAo,1601II8RfAo,7EaPFF7yQHRVFCZYeanDRM,,The Bulletproof Tiger/You Wanna Kiss About It_/01 Franko Spanko's Greatest Hit.m4a,Franko Spanko's Greatest Hit,The Bulletproof Tiger,The Bulletproof Tiger,You Wanna Kiss About It?,210.315,1601II8RfAo,1601II8RfAo,7EaPFF7yQHRVFCZYeanDRM,
present_same_path,certain,same_path,no,w.o.d./STARS/01 STARS.m4a,STARS,w.o.d.,w.o.d.,STARS,213.400,3729862,R5VIEuqJDI4,R5VIEuqJDI4,0mMikRupn84z6woeMHccz1,7e39440e-9d64-414c-93f8-327995f53102,w.o.d./STARS/01 STARS.m4a,STARS,w.o.d.,w.o.d.,STARS,213.421,R5VIEuqJDI4,R5VIEuqJDI4,0mMikRupn84z6woeMHccz1,7e39440e-9d64-414c-93f8-327995f53102
present_same_path,certain,same_path,no,SpecialThanks/SUNCTUARY/627 ムーブメント.m4a,ムーブメント,SpecialThanks,SpecialThanks,SUNCTUARY,184.727,3148831,b34cRpu1NIM,b34cRpu1NIM,2WWhDMevbLLhLUATRufiVI,e683780e-2b37-4234-b9cd-79da7b543ccb,SpecialThanks/SUNCTUARY/627 ムーブメント.m4a,ムーブメント,SpecialThanks,SpecialThanks,SUNCTUARY,184.748,b34cRpu1NIM,b34cRpu1NIM,2WWhDMevbLLhLUATRufiVI,e683780e-2b37-4234-b9cd-79da7b543ccb
present_same_path,certain,same_path,no,SpecialThanks/YELLOW SUN -THE BEST-/20 ミラコーナイト - Miracle night.m4a,ミラコーナイト - Miracle night,SpecialThanks,SpecialThanks,YELLOW SUN -THE BEST-,223.659,3955842,o3m62KxSG2I,1bA172EVDrE,,d95d249f-7605-43d8-98e3-519b24f4c1a1,SpecialThanks/YELLOW SUN -THE BEST-/20 ミラコーナイト - Miracle night.m4a,ミラコーナイト - Miracle night,SpecialThanks,SpecialThanks,YELLOW SUN -THE BEST-,223.680,o3m62KxSG2I,1bA172EVDrE,,d95d249f-7605-43d8-98e3-519b24f4c1a1
present_same_path,certain,same_path,no,Nathaniel Sun/Unknown Album/476 Kanye West - _Ghost Town_ but you're in church.m4a,"Kanye West - ""Ghost Town"" but you're in church",Nathaniel Sun,Nathaniel Sun,Unknown Album,138.688,2417248,G_BnSc02mg0,G_BnSc02mg0,,,Nathaniel Sun/Unknown Album/476 Kanye West - _Ghost Town_ but you're in church.m4a,"Kanye West - ""Ghost Town"" but you're in church",Nathaniel Sun,Nathaniel Sun,Unknown Album,138.709,G_BnSc02mg0,G_BnSc02mg0,,
present_same_path,certain,same_path,no,Coil/ROPELAND MUSIC/15 COIL／天才ヴァガボンド.m4a,COIL／天才ヴァガボンド,Coil,Coil,ROPELAND MUSIC,224.208,3806356,gsA67JOUqk4,L0spnzt0r3c,4z4nVnkpxzwXi5DFzGsgDn,8fe0a185-5e0e-42a3-9ca0-6d2e7ad792a0,Coil/ROPELAND MUSIC/15 COIL／天才ヴァガボンド.m4a,COIL／天才ヴァガボンド,Coil,Coil,ROPELAND MUSIC,224.222,gsA67JOUqk4,L0spnzt0r3c,4z4nVnkpxzwXi5DFzGsgDn,8fe0a185-5e0e-42a3-9ca0-6d2e7ad792a0
present_same_path,certain,same_path,no,ChiorixToto/Unknown Album/114 Uplift spice - Starburst.m4a,Uplift spice - Starburst,ChiorixToto,ChiorixToto,Unknown Album,175.149,3037400,tRQZMO1VBm8,tRQZMO1VBm8,,,ChiorixToto/Unknown Album/114 Uplift spice - Starburst.m4a,Uplift spice - Starburst,ChiorixToto,ChiorixToto,Unknown Album,175.169,tRQZMO1VBm8,tRQZMO1VBm8,,
present_same_path,certain,same_path,no,tomeihyohon/Rumneld./1142 ココロコンパス - cocorocompass.m4a,ココロコンパス - cocorocompass,tomeihyohon,tomeihyohon,Rumneld.,229.507,3973544,NhIf8gi97Sk,NhIf8gi97Sk,,,tomeihyohon/Rumneld./1142 ココロコンパス - cocorocompass.m4a,ココロコンパス - cocorocompass,tomeihyohon,tomeihyohon,Rumneld.,229.528,NhIf8gi97Sk,NhIf8gi97Sk,,
present_same_path,certain,same_path,no,Kazuyoshi Saito/55 STONES/02 Boy.m4a,Boy,Kazuyoshi Saito,Kazuyoshi Saito,55 STONES,260.449,4459893,U-dvOieSh34,Gwuq-7aXqec,5VTBm7maAomQmEBpm5oY1C,,Kazuyoshi Saito/55 STONES/02 Boy.m4a,Boy,Kazuyoshi Saito,Kazuyoshi Saito,55 STONES,260.463,U-dvOieSh34,Gwuq-7aXqec,5VTBm7maAomQmEBpm5oY1C,
present_same_path,certain,same_path,no,AsianIceCreamJK/Unknown Album/54 Tommy Heavenly - Pray [Opening 1 Gintama](Sub Español - Romaji).m4a,Tommy Heavenly - Pray [Opening 1 Gintama](Sub Español - Romaji),AsianIceCreamJK,AsianIceCreamJK,Unknown Album,272.336,4665690,nlgGxEmeaW8,nlgGxEmeaW8,,,AsianIceCreamJK/Unknown Album/54 Tommy Heavenly - Pray [Opening 1 Gintama](Sub Español - Romaji).m4a,Tommy Heavenly - Pray [Opening 1 Gintama](Sub Español - Romaji),AsianIceCreamJK,AsianIceCreamJK,Unknown Album,272.357,nlgGxEmeaW8,nlgGxEmeaW8,,
present_same_path,certain,same_path,no,E.scene/I/01 I.m4a,I,E.scene,E.scene,I,234.547,4103714,2dqgEveiPwE,2dqgEveiPwE,,d76f1fea-2719-447c-98d3-48b6c669fa05,E.scene/I/01 I.m4a,I,E.scene,E.scene,I,234.568,2dqgEveiPwE,2dqgEveiPwE,,d76f1fea-2719-447c-98d3-48b6c669fa05
present_same_path,certain,same_path,no,OlmoLane/Unknown Album/497 Low-Pass － Trimurti （2012）－ Full Album.m4a,Low-Pass － Trimurti （2012）－ Full Album,OlmoLane,OlmoLane,Unknown Album,1981.986,32274161,3k7G8K1pDZ0,3k7G8K1pDZ0,,,OlmoLane/Unknown Album/497 Low-Pass － Trimurti （2012）－ Full Album.m4a,Low-Pass － Trimurti （2012）－ Full Album,OlmoLane,OlmoLane,Unknown Album,1982.007,3k7G8K1pDZ0,3k7G8K1pDZ0,,
present_same_path,certain,same_path,no,"Junko Yagami/Communication (+3, 2012 Remaster)/03 Communication.m4a",Communication,Junko Yagami,Junko Yagami,"Communication (+3, 2012 Remaster)",302.101,5198896,MKTwdik3xqY,NU0ELvREFVM,4WnEL1q8L6lNui0RP0Fhrw,,"Junko Yagami/Communication (+3, 2012 Remaster)/03 Communication.m4a",Communication,Junko Yagami,Junko Yagami,"Communication (+3, 2012 Remaster)",302.115,MKTwdik3xqY,NU0ELvREFVM,4WnEL1q8L6lNui0RP0Fhrw,
present_same_path,certain,same_path,no,KISIDA KYODAN & THE AKEBOSI ROCKETS/BERSERKERS/329 エイトビート･バーサーカー - Eight Beat Berserker.m4a,エイトビート･バーサーカー - Eight Beat Berserker,KISIDA KYODAN & THE AKEBOSI ROCKETS,KISIDA KYODAN & THE AKEBOSI ROCKETS,BERSERKERS,205.536,3768747,N_o44QYm2wE,N_o44QYm2wE,60pFUp83n9ytY0JCvI3HY9,,KISIDA KYODAN & THE AKEBOSI ROCKETS/BERSERKERS/329 エイトビート･バーサーカー - Eight Beat Berserker.m4a,エイトビート･バーサーカー - Eight Beat Berserker,KISIDA KYODAN & THE AKEBOSI ROCKETS,KISIDA KYODAN & THE AKEBOSI ROCKETS,BERSERKERS,205.557,N_o44QYm2wE,N_o44QYm2wE,60pFUp83n9ytY0JCvI3HY9,
present_same_path,certain,same_path,no,KISIDA KYODAN & THE AKEBOSI ROCKETS/BERSERKERS/328 entertainment punks.m4a,entertainment punks,KISIDA KYODAN & THE AKEBOSI ROCKETS,KISIDA KYODAN & THE AKEBOSI ROCKETS,BERSERKERS,200.478,3679198,RUdAUV8y7_0,RUdAUV8y7_0,0YVPM3wqfZ3Vc5ckEAzd9V,,KISIDA KYODAN & THE AKEBOSI ROCKETS/BERSERKERS/328 entertainment punks.m4a,entertainment punks,KISIDA KYODAN & THE AKEBOSI ROCKETS,KISIDA KYODAN & THE AKEBOSI ROCKETS,BERSERKERS,200.498,RUdAUV8y7_0,RUdAUV8y7_0,0YVPM3wqfZ3Vc5ckEAzd9V,
present_same_path,certain,same_path,no,KISIDA KYODAN & THE AKEBOSI ROCKETS/Level up and physical attack/332 レベルを上げて物理で殴る - Level up and physical attack.m4a,レベルを上げて物理で殴る - Level up and physical attack,KISIDA KYODAN & THE AKEBOSI ROCKETS,KISIDA KYODAN & THE AKEBOSI ROCKETS,Level up and physical attack,218.004,3896889,x3lFIkOg-WQ,x3lFIkOg-WQ,,4070362a-9211-4b5f-bdc1-353bb0588b90,KISIDA KYODAN & THE AKEBOSI ROCKETS/Level up and physical attack/332 レベルを上げて物理で殴る - Level up and physical attack.m4a,レベルを上げて物理で殴る - Level up and physical attack,KISIDA KYODAN & THE AKEBOSI ROCKETS,KISIDA KYODAN & THE AKEBOSI ROCKETS,Level up and physical attack,218.025,x3lFIkOg-WQ,x3lFIkOg-WQ,,4070362a-9211-4b5f-bdc1-353bb0588b90
present_same_path,certain,same_path,no,KISIDA KYODAN & THE AKEBOSI ROCKETS/GATE Ⅱ -Sekaiwo koete/330 GATE Ⅱ ～世界を超えて～ - GATE Ⅱ -Sekaiwo koete.m4a,GATE Ⅱ ～世界を超えて～ - GATE Ⅱ -Sekaiwo koete,KISIDA KYODAN & THE AKEBOSI ROCKETS,KISIDA KYODAN & THE AKEBOSI ROCKETS,GATE Ⅱ -Sekaiwo koete,215.876,3880311,zvx76J2x3DM,zvx76J2x3DM,59JiRvZPHTAfrIOjlf6viF,,KISIDA KYODAN & THE AKEBOSI ROCKETS/GATE Ⅱ -Sekaiwo koete/330 GATE Ⅱ ～世界を超えて～ - GATE Ⅱ -Sekaiwo koete.m4a,GATE Ⅱ ～世界を超えて～ - GATE Ⅱ -Sekaiwo koete,KISIDA KYODAN & THE AKEBOSI ROCKETS,KISIDA KYODAN & THE AKEBOSI ROCKETS,GATE Ⅱ -Sekaiwo koete,215.897,zvx76J2x3DM,zvx76J2x3DM,59JiRvZPHTAfrIOjlf6viF,
present_same_path,certain,same_path,no,KISIDA KYODAN & THE AKEBOSI ROCKETS/HIGHSCHOOL OF THE DEAD[2021]/01 HIGHSCHOOL OF THE DEAD[2021].m4a,HIGHSCHOOL OF THE DEAD[2021],KISIDA KYOUDAN & THE AKEBOSI ROCKETS,KISIDA KYODAN & THE AKEBOSI ROCKETS,HIGHSCHOOL OF THE DEAD[2021],205.021,3644286,bynlx9ieKCE,bynlx9ieKCE,1sxXzwRNlAxhpUT5n1aGla,,KISIDA KYODAN & THE AKEBOSI ROCKETS/HIGHSCHOOL OF THE DEAD[2021]/01 HIGHSCHOOL OF THE DEAD[2021].m4a,HIGHSCHOOL OF THE DEAD[2021],KISIDA KYOUDAN & THE AKEBOSI ROCKETS,KISIDA KYODAN & THE AKEBOSI ROCKETS,HIGHSCHOOL OF THE DEAD[2021],205.042,bynlx9ieKCE,bynlx9ieKCE,1sxXzwRNlAxhpUT5n1aGla,
present_same_path,certain,same_path,no,Polkadot Stingray/Nanimono/03 Free.m4a,Free,Polkadot Stingray,Polkadot Stingray,Nanimono,174.867,3377043,C0F4MzdKt9g,ulR8wZqPUFc,0ezNygbCe5v2dN6F9Vo87v,,Polkadot Stingray/Nanimono/03 Free.m4a,Free,Polkadot Stingray,Polkadot Stingray,Nanimono,174.888,C0F4MzdKt9g,ulR8wZqPUFc,0ezNygbCe5v2dN6F9Vo87v,
present_same_path,certain,same_path,no,Polkadot Stingray/Capacity/10 シンクロニシカ (全知全能 ver.) - Synchronisica (Capacity Version).m4a,シンクロニシカ (全知全能 ver.) - Synchronisica (Capacity Version),Polkadot Stingray,Polkadot Stingray,Capacity,288.253,4792618,EQL9mZtIY5o,qGdEmvlo0ls,2hbu0OzwSM7gDF2KrS7EbP,,Polkadot Stingray/Capacity/10 シンクロニシカ (全知全能 ver.) - Synchronisica (Capacity Version).m4a,シンクロニシカ (全知全能 ver.) - Synchronisica (Capacity Version),Polkadot Stingray,Polkadot Stingray,Capacity,288.274,EQL9mZtIY5o,qGdEmvlo0ls,2hbu0OzwSM7gDF2KrS7EbP,
present_same_path,certain,same_path,no,Killswitch Engage/As Daylight Dies (Special Edition)/15 Holy Diver.m4a,Holy Diver,Killswitch Engage,Killswitch Engage,As Daylight Dies (Special Edition),250.254,4606269,NR7dG_m3MsI,sFxLbPG09xI,3a9urnht8HvfFzPwd0ipx6,318f5894-23cc-42ca-88a0-bfa492af7f05,Killswitch Engage/As Daylight Dies (Special Edition)/15 Holy Diver.m4a,Holy Diver,Killswitch Engage,Killswitch Engage,As Daylight Dies (Special Edition),250.275,NR7dG_m3MsI,sFxLbPG09xI,3a9urnht8HvfFzPwd0ipx6,318f5894-23cc-42ca-88a0-bfa492af7f05
present_same_path,certain,same_path,no,Killswitch Engage/Atonement/02 The Signal Fire (feat. Howard Jones).m4a,The Signal Fire (feat. Howard Jones),Killswitch Engage,Killswitch Engage,Atonement,185.267,3686114,2N0ShfOOEq4,xcVWLYuX7yE,,,Killswitch Engage/Atonement/02 The Signal Fire (feat. Howard Jones).m4a,The Signal Fire (feat. Howard Jones),Killswitch Engage,Killswitch Engage,Atonement,185.288,2N0ShfOOEq4,xcVWLYuX7yE,,
present_same_path,certain,same_path,no,Arlo Parks/Collapsed In Sunbeams/06 Black Dog.m4a,Black Dog,Arlo Parks,Arlo Parks,Collapsed In Sunbeams,228.760,4034190,QOu0Ht0-D4M,td9ynZLqVHY,37pShAS4iuRXJeRAa9k6xw,39f08b80-b42a-4676-a967-b22160e766c3,Arlo Parks/Collapsed In Sunbeams/06 Black Dog.m4a,Black Dog,Arlo Parks,Arlo Parks,Collapsed In Sunbeams,228.781,QOu0Ht0-D4M,td9ynZLqVHY,37pShAS4iuRXJeRAa9k6xw,39f08b80-b42a-4676-a967-b22160e766c3
present_same_path,certain,same_path,no,Arlo Parks/Collapsed In Sunbeams/51 Arlo Parks - Caroline (Official Lyric Video).m4a,Arlo Parks - Caroline (Official Lyric Video),Arlo Parks,Arlo Parks,Collapsed In Sunbeams,216.934,3757981,T4kYkFRYbaU,FN2o70YtVxs,6xTp4nC8NBRSYMxGqIikSh,5aa39820-ed25-45fa-b37f-de2bd65680c9,Arlo Parks/Collapsed In Sunbeams/51 Arlo Parks - Caroline (Official Lyric Video).m4a,Arlo Parks - Caroline (Official Lyric Video),Arlo Parks,Arlo Parks,Collapsed In Sunbeams,216.955,T4kYkFRYbaU,FN2o70YtVxs,6xTp4nC8NBRSYMxGqIikSh,5aa39820-ed25-45fa-b37f-de2bd65680c9
present_same_path,certain,same_path,no,Uri/Unknown Album/748 Horie Mami - Hanashirube (Salsa Ver.).m4a,Horie Mami - Hanashirube (Salsa Ver.),Uri,Uri,Unknown Album,200.017,3699242,xPRkdJV470E,xPRkdJV470E,,,Uri/Unknown Album/748 Horie Mami - Hanashirube (Salsa Ver.).m4a,Horie Mami - Hanashirube (Salsa Ver.),Uri,Uri,Unknown Album,200.038,xPRkdJV470E,xPRkdJV470E,,
present_same_path,certain,same_path,no,the shes gone/SINCE/03 想いあい - omoiai.m4a,想いあい - omoiai,the shes gone,the shes gone,SINCE,272.512,4529367,Jyyc-oGLFvY,facaAaXqHn4,1IX2ugtGQEdpKUf4kr2qPt,b2a15a9d-b18d-4849-923b-a7d30a7af332,the shes gone/SINCE/03 想いあい - omoiai.m4a,想いあい - omoiai,the shes gone,the shes gone,SINCE,272.533,Jyyc-oGLFvY,facaAaXqHn4,1IX2ugtGQEdpKUf4kr2qPt,b2a15a9d-b18d-4849-923b-a7d30a7af332
present_same_path,certain,same_path,no,sabanoomisony/December/04 Note to Self_.m4a,Note to Self:,sabanoomisony,sabanoomisony,December,302.185,5191429,vBzLGNJMwaI,XnQLPPlvcOE,1sNto5jGiHJ1D8X4weM0TD,fdc4104a-ac81-4d82-991d-0cdc5295e216,sabanoomisony/December/04 Note to Self_.m4a,Note to Self:,sabanoomisony,sabanoomisony,December,302.206,vBzLGNJMwaI,XnQLPPlvcOE,1sNto5jGiHJ1D8X4weM0TD,fdc4104a-ac81-4d82-991d-0cdc5295e216
present_same_path,certain,same_path,no,sabanoomisony/1R/1008 ゆめうつつのなか - Yumeutsutsu no Naka.m4a,ゆめうつつのなか - Yumeutsutsu no Naka,sabanoomisony,sabanoomisony,1R,266.320,4294057,aoP4PfIFU1w,aoP4PfIFU1w,6vCPQrBaClSTt0GKEIsV59,,sabanoomisony/1R/1008 ゆめうつつのなか - Yumeutsutsu no Naka.m4a,ゆめうつつのなか - Yumeutsutsu no Naka,sabanoomisony,sabanoomisony,1R,266.341,aoP4PfIFU1w,aoP4PfIFU1w,6vCPQrBaClSTt0GKEIsV59,
present_same_path,certain,same_path,no,Astrophysics/Unknown Album/55 Sewerslvt - Pretty Cvnt (Astrophysics Remix).m4a,Sewerslvt - Pretty Cvnt (Astrophysics Remix),Astrophysics,Astrophysics,Unknown Album,235.671,4189936,ssxqHorFMGk,ssxqHorFMGk,,,Astrophysics/Unknown Album/55 Sewerslvt - Pretty Cvnt (Astrophysics Remix).m4a,Sewerslvt - Pretty Cvnt (Astrophysics Remix),Astrophysics,Astrophysics,Unknown Album,235.692,ssxqHorFMGk,ssxqHorFMGk,,
present_same_path,certain,same_path,no,Amazing world of JAPANESE MUSIC/Unknown Album/41 Inkya Impulse (インキャインパルス) Asobi Asobase Ending Full.m4a,Inkya Impulse  (インキャインパルス) Asobi Asobase Ending Full,Amazing world of JAPANESE MUSIC,Amazing world of JAPANESE MUSIC,Unknown Album,264.441,4402329,hkL4hW4eniI,hkL4hW4eniI,,,Amazing world of JAPANESE MUSIC/Unknown Album/41 Inkya Impulse (インキャインパルス) Asobi Asobase Ending Full.m4a,Inkya Impulse  (インキャインパルス) Asobi Asobase Ending Full,Amazing world of JAPANESE MUSIC,Amazing world of JAPANESE MUSIC,Unknown Album,264.462,hkL4hW4eniI,hkL4hW4eniI,,
present_same_path,certain,same_path,no,Dirty Loops/Rock You/01 Rock You.m4a,Rock You,Dirty Loops,Dirty Loops,Rock You,273.128,4811179,gYc5zrXC52k,bqzHZd2CLgI,0L4A8L8UUSU0lgzxGNKggH,3045c38e-29d4-469d-bfe0-be6a84d681c8,Dirty Loops/Rock You/01 Rock You.m4a,Rock You,Dirty Loops,Dirty Loops,Rock You,273.142,gYc5zrXC52k,bqzHZd2CLgI,0L4A8L8UUSU0lgzxGNKggH,3045c38e-29d4-469d-bfe0-be6a84d681c8
present_same_path,certain,same_path,no,noa/1000 days of moments/01 1000日間 - 1000 days of moments.m4a,1000日間 - 1000 days of moments,noa,noa,1000 days of moments,203.381,3889163,qNU-SUKjMz0,qNU-SUKjMz0,4ygNS3AtvJmdKCa1SU2FEa,,noa/1000 days of moments/01 1000日間 - 1000 days of moments.m4a,1000日間 - 1000 days of moments,noa,noa,1000 days of moments,203.402,qNU-SUKjMz0,qNU-SUKjMz0,4ygNS3AtvJmdKCa1SU2FEa,
present_same_path,certain,same_path,no,Naoki Urasawa/1_2 Century Man/11 Bob Lennon.m4a,Bob Lennon,Naoki Urasawa,Naoki Urasawa,1/2 Century Man,397.787,6721443,-NDZPbKJRxc,-NDZPbKJRxc,3puwUYWsrQUTk1Mf8yhu9j,,Naoki Urasawa/1_2 Century Man/11 Bob Lennon.m4a,Bob Lennon,Naoki Urasawa,Naoki Urasawa,1/2 Century Man,397.808,-NDZPbKJRxc,-NDZPbKJRxc,3puwUYWsrQUTk1Mf8yhu9j,
present_same_path,certain,same_path,no,RAY/Tentai/01 天体 - Tentai.m4a,天体 - Tentai,RAY,RAY,Tentai,429.449,7349392,GjHP1KMTkG4,GjHP1KMTkG4,75UJT0ZCvce5JRssPZjDvW,1c185acd-1f90-4b6f-b1b1-a5ec28f43058,RAY/Tentai/01 天体 - Tentai.m4a,天体 - Tentai,RAY,RAY,Tentai,429.470,GjHP1KMTkG4,GjHP1KMTkG4,75UJT0ZCvce5JRssPZjDvW,1c185acd-1f90-4b6f-b1b1-a5ec28f43058
present_same_path,certain,same_path,no,The Strokes/First Impressions Of Earth/01 You Only Live Once.m4a,You Only Live Once,The Strokes,The Strokes,First Impressions Of Earth,189.227,3251700,pT68FS3YbQ4,6FnbPTaoahM,4fPBB44eDH71YohayI4eKV,285a9dc1-7e8d-48fd-bb94-136d3006c001,The Strokes/First Impressions Of Earth/01 You Only Live Once.m4a,You Only Live Once,The Strokes,The Strokes,First Impressions Of Earth,189.248,pT68FS3YbQ4,6FnbPTaoahM,4fPBB44eDH71YohayI4eKV,285a9dc1-7e8d-48fd-bb94-136d3006c001
present_same_path,certain,same_path,no,The Strokes/Room On Fire/02 Reptilia.m4a,Reptilia,The Strokes,The Strokes,Room On Fire,219.827,3884503,b8-tXG8KrWs,YdRjNeu11Ww,57Xjny5yNzAcsxnusKmAfA,8f9dec01-c479-4ad4-96b5-0950a97c1a91,The Strokes/Room On Fire/02 Reptilia.m4a,Reptilia,The Strokes,The Strokes,Room On Fire,219.848,b8-tXG8KrWs,YdRjNeu11Ww,57Xjny5yNzAcsxnusKmAfA,8f9dec01-c479-4ad4-96b5-0950a97c1a91
present_same_path,certain,same_path,no,羊の群れは笑わない。/Unknown Album/1367 晩夏、206号室_羊の群れは笑わない。.m4a,晩夏、206号室/羊の群れは笑わない。,羊の群れは笑わない。,羊の群れは笑わない。,Unknown Album,216.918,3619182,aKBptUHH7Vc,aKBptUHH7Vc,,,羊の群れは笑わない。/Unknown Album/1367 晩夏、206号室_羊の群れは笑わない。.m4a,晩夏、206号室/羊の群れは笑わない。,羊の群れは笑わない。,羊の群れは笑わない。,Unknown Album,216.939,aKBptUHH7Vc,aKBptUHH7Vc,,
present_same_path,certain,same_path,no,羊の群れは笑わない。/JACKMAN RECORDS COMPILATION ALBUM vol.13 -赤盤- 『RO69JACK 2015』/1366 藍に依る_羊の群れは笑わない。.m4a,藍に依る/羊の群れは笑わない。,羊の群れは笑わない。,羊の群れは笑わない。,JACKMAN RECORDS COMPILATION ALBUM vol.13 -赤盤- 『RO69JACK 2015』,207.773,3553506,LSi93DVyvdQ,LSi93DVyvdQ,,7eb3c65d-71af-48c1-8ba8-07d91529455e,羊の群れは笑わない。/JACKMAN RECORDS COMPILATION ALBUM vol.13 -赤盤- 『RO69JACK 2015』/1366 藍に依る_羊の群れは笑わない。.m4a,藍に依る/羊の群れは笑わない。,羊の群れは笑わない。,羊の群れは笑わない。,JACKMAN RECORDS COMPILATION ALBUM vol.13 -赤盤- 『RO69JACK 2015』,207.793,LSi93DVyvdQ,LSi93DVyvdQ,,7eb3c65d-71af-48c1-8ba8-07d91529455e
present_same_path,certain,same_path,no,System Of A Down/Toxicity/14 Aerials.m4a,Aerials,System Of A Down,System Of A Down,Toxicity,235.054,4285440,L-iepu3EtyE,e-2251_at-k,4e9eGQYsOiBcftrWXwsVco,117ea605-59e5-4b07-a8a0-fd12c81b9233,System Of A Down/Toxicity/14 Aerials.m4a,Aerials,System Of A Down,System Of A Down,Toxicity,235.075,L-iepu3EtyE,e-2251_at-k,4e9eGQYsOiBcftrWXwsVco,117ea605-59e5-4b07-a8a0-fd12c81b9233
present_same_path,certain,same_path,no,VELTPUNCH/THE NEWEST JOKE/02 グッバイアンサー - Goodbye answer.m4a,グッバイアンサー - Goodbye answer,VELTPUNCH,VELTPUNCH,THE NEWEST JOKE,174.461,3095439,1ufLcSJ7ZAE,eB0I5IsNLKg,5Ojv9TjdiBAAUMhh4Lhm4c,e7f63510-3932-4fc9-8e06-863b28e4559e,VELTPUNCH/THE NEWEST JOKE/02 グッバイアンサー - Goodbye answer.m4a,グッバイアンサー - Goodbye answer,VELTPUNCH,VELTPUNCH,THE NEWEST JOKE,174.475,1ufLcSJ7ZAE,eB0I5IsNLKg,5Ojv9TjdiBAAUMhh4Lhm4c,e7f63510-3932-4fc9-8e06-863b28e4559e
present_same_path,certain,same_path,no,VELTPUNCH/Suicide King/01 Suicide King.m4a,Suicide King,VELTPUNCH,VELTPUNCH,Suicide King,233.803,4010007,bfDIpcV8iIQ,bfDIpcV8iIQ,6hhHaK1PMXJpLhnYnIKYb8,307f18ed-5399-4a10-a421-d3d1e341e554,VELTPUNCH/Suicide King/01 Suicide King.m4a,Suicide King,VELTPUNCH,VELTPUNCH,Suicide King,233.824,bfDIpcV8iIQ,bfDIpcV8iIQ,6hhHaK1PMXJpLhnYnIKYb8,307f18ed-5399-4a10-a421-d3d1e341e554
present_same_path,certain,same_path,no,ShibayanRecords/TOHO BOSSA NOVA 2/09 Tiny Little Adiantum.m4a,Tiny Little Adiantum,ShibayanRecords,ShibayanRecords,TOHO BOSSA NOVA 2,351.008,6111588,rB7XFQgJHBI,D0WR8r4gjmE,09UAi1gYdutGj4AbDApUki,,ShibayanRecords/TOHO BOSSA NOVA 2/09 Tiny Little Adiantum.m4a,Tiny Little Adiantum,ShibayanRecords,ShibayanRecords,TOHO BOSSA NOVA 2,351.022,rB7XFQgJHBI,D0WR8r4gjmE,09UAi1gYdutGj4AbDApUki,
present_same_path,certain,same_path,no,宇宙ネコ子/君のように生きれたら/1354 (I'm) Waiting For The Sun.m4a,(I'm) Waiting For The Sun,宇宙ネコ子,宇宙ネコ子,君のように生きれたら,210.734,3701924,NwP_SsgF5dc,NwP_SsgF5dc,0DyJYeHiaHng48hWZE29la,b8dbdb92-d53f-4113-a6ed-2f36aacb8c61,宇宙ネコ子/君のように生きれたら/1354 (I'm) Waiting For The Sun.m4a,(I'm) Waiting For The Sun,宇宙ネコ子,宇宙ネコ子,君のように生きれたら,210.755,NwP_SsgF5dc,NwP_SsgF5dc,0DyJYeHiaHng48hWZE29la,b8dbdb92-d53f-4113-a6ed-2f36aacb8c61
present_same_path,certain,same_path,no,MichaelQ93/Unknown Album/434 Ningyo Hime by Rie Tanaka.m4a,Ningyo Hime by Rie Tanaka,MichaelQ93,MichaelQ93,Unknown Album,244.518,4291845,aUkdgkso18g,aUkdgkso18g,,,MichaelQ93/Unknown Album/434 Ningyo Hime by Rie Tanaka.m4a,Ningyo Hime by Rie Tanaka,MichaelQ93,MichaelQ93,Unknown Album,244.539,aUkdgkso18g,aUkdgkso18g,,
present_same_path,certain,same_path,no,Eiko Ishibashi/The Dream My Bones Dream/08 To The East.m4a,To The East,Eiko Ishibashi,Eiko Ishibashi,The Dream My Bones Dream,238.496,4147078,5QU9V1rVxiE,GvWZlL2iV1M,44FAXsKoJa9459fTcV0Dtl,,Eiko Ishibashi/The Dream My Bones Dream/08 To The East.m4a,To The East,Eiko Ishibashi,Eiko Ishibashi,The Dream My Bones Dream,238.510,5QU9V1rVxiE,GvWZlL2iV1M,44FAXsKoJa9459fTcV0Dtl,
present_same_path,certain,same_path,no,CAT ATE HOTDOGS/Cankeri/01 Cankeri.m4a,CANKERI,CAT ATE HOTDOGS,CAT ATE HOTDOGS,Cankeri,259.067,4497933,B2bCIVoHHSM,FK7QyXUApek,7emPHOFqANrHW3Zx9vB7LB,,CAT ATE HOTDOGS/Cankeri/01 Cankeri.m4a,CANKERI,CAT ATE HOTDOGS,CAT ATE HOTDOGS,Cankeri,259.088,B2bCIVoHHSM,FK7QyXUApek,7emPHOFqANrHW3Zx9vB7LB,
present_same_path,certain,same_path,no,Prune Deer/Insufficient Postage/542 By Air (feat. Ashley Tsang & LK-072).m4a,By Air (feat. Ashley Tsang & LK-072),Prune Deer,Prune Deer,Insufficient Postage,240.466,4250030,tr83QcPi3rM,tr83QcPi3rM,6f361bDCnMDIMibe3aDnA7,,Prune Deer/Insufficient Postage/542 By Air (feat. Ashley Tsang & LK-072).m4a,By Air (feat. Ashley Tsang & LK-072),Prune Deer,Prune Deer,Insufficient Postage,240.487,tr83QcPi3rM,tr83QcPi3rM,6f361bDCnMDIMibe3aDnA7,
present_same_path,certain,same_path,no,Prune Deer/Solid Transparency/06 HeatDeath.m4a,HeatDeath,Prune Deer,Prune Deer,Solid Transparency,431.995,7449511,3OCiE-RfOmE,n8ZwoImT4KA,7GiIIujBAOrqeO3kLSAxRl,,Prune Deer/Solid Transparency/06 HeatDeath.m4a,HeatDeath,Prune Deer,Prune Deer,Solid Transparency,432.009,3OCiE-RfOmE,n8ZwoImT4KA,7GiIIujBAOrqeO3kLSAxRl,
present_same_path,certain,same_path,no,"you doin okay, boo_/Unknown Album/1292 Gregory and the Hawk - Moenie and Kitchi (Full Album).m4a",Gregory and the Hawk - Moenie and Kitchi (Full Album),"you doin okay, boo?","you doin okay, boo?",Unknown Album,2035.021,33383779,EMZOtHIL7QM,EMZOtHIL7QM,,,"you doin okay, boo_/Unknown Album/1292 Gregory and the Hawk - Moenie and Kitchi (Full Album).m4a",Gregory and the Hawk - Moenie and Kitchi (Full Album),"you doin okay, boo?","you doin okay, boo?",Unknown Album,2035.041,EMZOtHIL7QM,EMZOtHIL7QM,,
present_same_path,certain,same_path,no,Never Get Used To People/Unknown Album/480 Life Letters (Slowed).m4a,Life Letters (Slowed),Never Get Used To People,Never Get Used To People,Unknown Album,261.527,4017868,7hUbvIJ0Hnw,7hUbvIJ0Hnw,6S0XVsh2Vk5zjFpDC8zIT2,,Never Get Used To People/Unknown Album/480 Life Letters (Slowed).m4a,Life Letters (Slowed),Never Get Used To People,Never Get Used To People,Unknown Album,261.548,7hUbvIJ0Hnw,7hUbvIJ0Hnw,6S0XVsh2Vk5zjFpDC8zIT2,
present_same_path,certain,same_path,no,hachijyuhakkasyojyunnrei/Unknown Album/08 絶妙Σ／八十八ヶ所巡礼.m4a,絶妙Σ／八十八ヶ所巡礼,hachijyuhakkasyojyunnrei,hachijyuhakkasyojyunnrei,Unknown Album,245.184,4177651,0J3x-C3nRTQ,0J3x-C3nRTQ,,,hachijyuhakkasyojyunnrei/Unknown Album/08 絶妙Σ／八十八ヶ所巡礼.m4a,絶妙Σ／八十八ヶ所巡礼,hachijyuhakkasyojyunnrei,hachijyuhakkasyojyunnrei,Unknown Album,245.205,0J3x-C3nRTQ,0J3x-C3nRTQ,,
present_same_path,certain,same_path,no,hachijyuhakkasyojyunnrei/Unknown Album/09 八十八ヶ所巡礼／紫光.m4a,八十八ヶ所巡礼／紫光,hachijyuhakkasyojyunnrei,hachijyuhakkasyojyunnrei,Unknown Album,401.137,6754112,ekBxpwqJvJc,ekBxpwqJvJc,,,hachijyuhakkasyojyunnrei/Unknown Album/09 八十八ヶ所巡礼／紫光.m4a,八十八ヶ所巡礼／紫光,hachijyuhakkasyojyunnrei,hachijyuhakkasyojyunnrei,Unknown Album,401.158,ekBxpwqJvJc,ekBxpwqJvJc,,
remote_only_no_equivalent,unmatched,no_equivalent_found,no,Anri/Timely!!/06 悲しみがとまらない I CAN'T STOP THE LONELINESS - Kanashimi ga Tomaranai I CAN'T STOP THE LONELINESS.m4a,悲しみがとまらない　I CAN'T STOP THE LONELINESS - Kanashimi ga Tomaranai I CAN'T STOP THE LONELINESS,Anri,Anri,Timely!!,263.707,4594077,H9R1Hl6sJeE,H9R1Hl6sJeE,3FYDqY5BRtx3IVSaiQZSze,,,,,,,,,,,
present_same_path,certain,same_path,no,sun soo girl/占いたいっ！/1112 占いたいっ！.m4a,占いたいっ！,sun soo girl,sun soo girl,占いたいっ！,265.120,4615707,MM4Sj9YLTqg,MM4Sj9YLTqg,5rHgmWM65vFy5b0lk3O5Eu,,sun soo girl/占いたいっ！/1112 占いたいっ！.m4a,占いたいっ！,sun soo girl,sun soo girl,占いたいっ！,265.141,MM4Sj9YLTqg,MM4Sj9YLTqg,5rHgmWM65vFy5b0lk3O5Eu,
present_same_path,certain,same_path,no,EGO-WRAPPIN'/Night Food/179 Kuchibashi Ni Cherry.m4a,Kuchibashi Ni Cherry,EGO-WRAPPIN',EGO-WRAPPIN',Night Food,260.774,4709204,a87P_c1h_OE,a87P_c1h_OE,,,EGO-WRAPPIN'/Night Food/179 Kuchibashi Ni Cherry.m4a,Kuchibashi Ni Cherry,EGO-WRAPPIN',EGO-WRAPPIN',Night Food,260.795,a87P_c1h_OE,a87P_c1h_OE,,
present_same_path,certain,same_path,no,chelmico/milk/01 milk.m4a,milk,chelmico,chelmico,milk,257.099,4420245,o6g06rpgH80,X0uvjtXH_n0,23z0w4nOM7Z6uPuKrO87DR,f9b64279-463a-4601-94a9-a33944893f56,chelmico/milk/01 milk.m4a,milk,chelmico,chelmico,milk,257.113,o6g06rpgH80,X0uvjtXH_n0,23z0w4nOM7Z6uPuKrO87DR,f9b64279-463a-4601-94a9-a33944893f56
present_same_path,certain,same_path,no,cafune/Running/06 Want Me Out.m4a,Want Me Out,cafune,cafune,Running,257.024,4521692,jkHHdl7HbNg,doqsxvLdpEY,3nzbZ5bOFNNA2kbQruXl5t,36d10175-d3ef-4f52-a0be-ff4b4d43dc14,cafune/Running/06 Want Me Out.m4a,Want Me Out,cafune,cafune,Running,257.045,jkHHdl7HbNg,doqsxvLdpEY,3nzbZ5bOFNNA2kbQruXl5t,36d10175-d3ef-4f52-a0be-ff4b4d43dc14
present_same_path,certain,same_path,no,cafune/Acoustic Vibes/816 Tek It.m4a,Tek It,cafune,cafune,Acoustic Vibes,192.970,3207669,1Kcoia22hdg,1Kcoia22hdg,4K9fCsfAZmLogvDKKIRgCa,5b12e50e-d64f-4d69-8521-fdfdee2cb7fb,cafune/Acoustic Vibes/816 Tek It.m4a,Tek It,cafune,cafune,Acoustic Vibes,192.991,1Kcoia22hdg,1Kcoia22hdg,4K9fCsfAZmLogvDKKIRgCa,5b12e50e-d64f-4d69-8521-fdfdee2cb7fb
present_same_path,certain,same_path,no,Haze/enmu/01 煙霧 - enmu.m4a,煙霧 - enmu,Haze,Haze,enmu,212.094,3734851,DxStuEwQnQ0,GPfz2Soqv6U,,0ff30ee3-8f37-4f3c-a7f6-994994827961,Haze/enmu/01 煙霧 - enmu.m4a,煙霧 - enmu,Haze,Haze,enmu,212.114,DxStuEwQnQ0,GPfz2Soqv6U,,0ff30ee3-8f37-4f3c-a7f6-994994827961
present_same_path,certain,same_path,no,"me, monster, and loop/Unknown Album/946 and the stars gaze back_ ᴀ ᴊᴀᴘᴀɴᴇꜱᴇ ɪɴᴅɪᴇ ʀᴏᴄᴋ ᴘʟᴀʏʟɪꜱᴛ ꜰᴏʀ ᴍᴏᴍᴇɴᴛꜱ ᴛʜᴀᴛ ᴀʀᴇ ʟᴀʀɢᴇʀ ᴛʜᴀɴ ʟɪꜰᴇ.m4a",and the stars gaze back: ᴀ ᴊᴀᴘᴀɴᴇꜱᴇ ɪɴᴅɪᴇ ʀᴏᴄᴋ ᴘʟᴀʏʟɪꜱᴛ ꜰᴏʀ ᴍᴏᴍᴇɴᴛꜱ ᴛʜᴀᴛ ᴀʀᴇ ʟᴀʀɢᴇʀ ᴛʜᴀɴ ʟɪꜰᴇ,"me, monster, and loop","me, monster, and loop",Unknown Album,1744.818,28628680,o_xXT-ud3jc,o_xXT-ud3jc,,,"me, monster, and loop/Unknown Album/946 and the stars gaze back_ ᴀ ᴊᴀᴘᴀɴᴇꜱᴇ ɪɴᴅɪᴇ ʀᴏᴄᴋ ᴘʟᴀʏʟɪꜱᴛ ꜰᴏʀ ᴍᴏᴍᴇɴᴛꜱ ᴛʜᴀᴛ ᴀʀᴇ ʟᴀʀɢᴇʀ ᴛʜᴀɴ ʟɪꜰᴇ.m4a",and the stars gaze back: ᴀ ᴊᴀᴘᴀɴᴇꜱᴇ ɪɴᴅɪᴇ ʀᴏᴄᴋ ᴘʟᴀʏʟɪꜱᴛ ꜰᴏʀ ᴍᴏᴍᴇɴᴛꜱ ᴛʜᴀᴛ ᴀʀᴇ ʟᴀʀɢᴇʀ ᴛʜᴀɴ ʟɪꜰᴇ,"me, monster, and loop","me, monster, and loop",Unknown Album,1744.838,o_xXT-ud3jc,o_xXT-ud3jc,,
present_same_path,certain,same_path,no,Hikaru Yamamoto/Unknown Album/268 勘冴えて悔しいわ _ ずっと真夜中でいいのに。【Bass cover】.m4a,勘冴えて悔しいわ / ずっと真夜中でいいのに。【Bass cover】,Hikaru Yamamoto,Hikaru Yamamoto,Unknown Album,246.120,4086354,IGwfJ7FTGAI,IGwfJ7FTGAI,,,Hikaru Yamamoto/Unknown Album/268 勘冴えて悔しいわ _ ずっと真夜中でいいのに。【Bass cover】.m4a,勘冴えて悔しいわ / ずっと真夜中でいいのに。【Bass cover】,Hikaru Yamamoto,Hikaru Yamamoto,Unknown Album,246.141,IGwfJ7FTGAI,IGwfJ7FTGAI,,
present_same_path,certain,same_path,no,Spangle call Lilli line/Ghost Is Dead/01 Azure.m4a,Azure,Spangle call Lilli line,Spangle call Lilli line,Ghost Is Dead,309.334,5203263,OlqC1BBVk70,yUu2rDf-qxY,0hC2URnXRRG2wgpkhn0Qpz,43d9074b-5c56-44e2-9a1b-6662f7f3b27d,Spangle call Lilli line/Ghost Is Dead/01 Azure.m4a,Azure,Spangle call Lilli line,Spangle call Lilli line,Ghost Is Dead,309.355,OlqC1BBVk70,yUu2rDf-qxY,0hC2URnXRRG2wgpkhn0Qpz,43d9074b-5c56-44e2-9a1b-6662f7f3b27d
present_same_path,certain,same_path,no,Spangle call Lilli line/Nanae/04 Veek.m4a,Veek,Spangle call Lilli line,Spangle call Lilli line,Nanae,458.021,7737679,s4EjjxxbOz0,kpvwxKUfTs8,,0faf4aa4-80d2-4910-a8d1-37ad35a057f4,Spangle call Lilli line/Nanae/04 Veek.m4a,Veek,Spangle call Lilli line,Spangle call Lilli line,Nanae,458.035,s4EjjxxbOz0,kpvwxKUfTs8,,0faf4aa4-80d2-4910-a8d1-37ad35a057f4
present_same_path,certain,same_path,no,Spangle call Lilli line/New Season/01 Seventeen.m4a,Seventeen,Spangle call Lilli line,Spangle call Lilli line,New Season,166.067,2877673,Y2HSVfVFWUA,RVoirT-2t2c,76nvE3O1jGQZBIxU4Nt5BW,d01ca91f-5fac-4766-9b21-961fc62f27c6,Spangle call Lilli line/New Season/01 Seventeen.m4a,Seventeen,Spangle call Lilli line,Spangle call Lilli line,New Season,166.088,Y2HSVfVFWUA,RVoirT-2t2c,76nvE3O1jGQZBIxU4Nt5BW,d01ca91f-5fac-4766-9b21-961fc62f27c6
present_same_path,certain,same_path,no,Sundae May Club/Haru_Pool/01 春 - Haru.m4a,春 - Haru,Sundae May Club,Sundae May Club,Haru/Pool,174.291,3093156,ypOd7kRMgBU,ypOd7kRMgBU,0V3lFWFAEoyYEznvuCCEsr,02834c70-0dfd-4de7-8396-c31f8db50176,Sundae May Club/Haru_Pool/01 春 - Haru.m4a,春 - Haru,Sundae May Club,Sundae May Club,Haru/Pool,174.312,ypOd7kRMgBU,ypOd7kRMgBU,0V3lFWFAEoyYEznvuCCEsr,02834c70-0dfd-4de7-8396-c31f8db50176
present_same_path,certain,same_path,no,Sundae May Club/Yoru Wo Nobashite/01 Yoru Wo Nobashite.m4a,Yoru Wo Nobashite,Sundae May Club,Sundae May Club,Yoru Wo Nobashite,255.507,4601179,R5AlE90IWjI,R5AlE90IWjI,66kM2lG8hmY1kJPKEndVEO,,Sundae May Club/Yoru Wo Nobashite/01 Yoru Wo Nobashite.m4a,Yoru Wo Nobashite,Sundae May Club,Sundae May Club,Yoru Wo Nobashite,255.528,R5AlE90IWjI,R5AlE90IWjI,66kM2lG8hmY1kJPKEndVEO,
present_same_path,certain,same_path,no,Our Last Night/We Will All Evolve/04 Across The Ocean.m4a,Across The Ocean,Our Last Night,Our Last Night,We Will All Evolve,262.227,4698855,7AE7sNkV0V4,7AE7sNkV0V4,5ydW66OkA9HZzEHTMFziK6,dd226841-8f6e-4dca-8633-b14505e792e6,Our Last Night/We Will All Evolve/04 Across The Ocean.m4a,Across The Ocean,Our Last Night,Our Last Night,We Will All Evolve,262.248,7AE7sNkV0V4,7AE7sNkV0V4,5ydW66OkA9HZzEHTMFziK6,dd226841-8f6e-4dca-8633-b14505e792e6
present_same_path,certain,same_path,no,Yogee New Waves/Climax Night e.p./789 Climax Night.m4a,Climax Night,Yogee New Waves,Yogee New Waves,Climax Night e.p.,234.494,4073035,txG3E5fafs4,txG3E5fafs4,6fGGpAmTiCQnzt5CZj6m96,2a126964-93f3-40d7-8251-202f69f6e44f,Yogee New Waves/Climax Night e.p./789 Climax Night.m4a,Climax Night,Yogee New Waves,Yogee New Waves,Climax Night e.p.,234.515,txG3E5fafs4,txG3E5fafs4,6fGGpAmTiCQnzt5CZj6m96,2a126964-93f3-40d7-8251-202f69f6e44f
present_same_path,certain,same_path,no,Yogee New Waves/WAVES/03 World is Mine.m4a,World is Mine,Yogee New Waves,Yogee New Waves,WAVES,276.284,4834422,-vSTk_4Bzfc,3jWBlItPL-c,7fkDmkf1R1Bc3s3zxljAis,7ba343f1-33b9-4536-81bb-284fe80631e5,Yogee New Waves/WAVES/03 World is Mine.m4a,World is Mine,Yogee New Waves,Yogee New Waves,WAVES,276.305,-vSTk_4Bzfc,3jWBlItPL-c,7fkDmkf1R1Bc3s3zxljAis,7ba343f1-33b9-4536-81bb-284fe80631e5
present_same_path,certain,same_path,no,Beachside talks/Big Sky/01 Big Sky.m4a,Big Sky,Beachside talks,Beachside talks,Big Sky,213.778,3624278,CO9jj2s2YHQ,CO9jj2s2YHQ,3mdZUBB0bSOCP9PNzCn4yf,2cfefac2-33b5-42d6-8fc6-de926428a375,Beachside talks/Big Sky/01 Big Sky.m4a,Big Sky,Beachside talks,Beachside talks,Big Sky,213.799,CO9jj2s2YHQ,CO9jj2s2YHQ,3mdZUBB0bSOCP9PNzCn4yf,2cfefac2-33b5-42d6-8fc6-de926428a375
present_same_path,certain,same_path,no,Sweet Trip/You Will Never Know Why/06 Darkness.m4a,Darkness,Sweet Trip,Sweet Trip,You Will Never Know Why,379.221,6404397,2IAt9SZwX6E,h0L5zUPCtVI,0mQ6DmE3e4fONcueNagJM9,4e4ea90f-ee4d-43be-b7a4-5d93dcc91827,Sweet Trip/You Will Never Know Why/06 Darkness.m4a,Darkness,Sweet Trip,Sweet Trip,You Will Never Know Why,379.235,2IAt9SZwX6E,h0L5zUPCtVI,0mQ6DmE3e4fONcueNagJM9,4e4ea90f-ee4d-43be-b7a4-5d93dcc91827
present_same_path,certain,same_path,no,UPLIFT SPICE/Unknown Album/743 バイナリ.m4a,バイナリ,UPLIFT SPICE,UPLIFT SPICE,Unknown Album,197.376,3216040,HZgWQLFIpjA,HZgWQLFIpjA,,,UPLIFT SPICE/Unknown Album/743 バイナリ.m4a,バイナリ,UPLIFT SPICE,UPLIFT SPICE,Unknown Album,197.397,HZgWQLFIpjA,HZgWQLFIpjA,,
present_same_path,certain,same_path,no,UPLIFT SPICE/Unknown Album/742 MARINE SNOW.m4a,MARINE SNOW,UPLIFT SPICE,UPLIFT SPICE,Unknown Album,225.366,3664712,nkf9yD3gcUs,nkf9yD3gcUs,4V6mwQ6eOVy9IutREjrFQr,,UPLIFT SPICE/Unknown Album/742 MARINE SNOW.m4a,MARINE SNOW,UPLIFT SPICE,UPLIFT SPICE,Unknown Album,225.387,nkf9yD3gcUs,nkf9yD3gcUs,4V6mwQ6eOVy9IutREjrFQr,
present_same_path,certain,same_path,no,UPLIFT SPICE/Unknown Album/741 青葉とワルツ.m4a,青葉とワルツ,UPLIFT SPICE,UPLIFT SPICE,Unknown Album,183.844,3175675,VrI3at_WqyU,VrI3at_WqyU,,,UPLIFT SPICE/Unknown Album/741 青葉とワルツ.m4a,青葉とワルツ,UPLIFT SPICE,UPLIFT SPICE,Unknown Album,183.865,VrI3at_WqyU,VrI3at_WqyU,,
present_same_path,certain,same_path,yes,Aquarifa/Tsukiakari No Seinishite/08 switch.m4a,switch,Aquarifa,Aquarifa,Tsukiakari No Seinishite,210.014,3462962,pncd-WkrrXI,Uoj2ZHPvkk0,0Br8JTRBK61BK12nUNsyN0,ed562cee-a332-4560-90db-3335cda62f81,Aquarifa/Tsukiakari No Seinishite/08 switch.m4a,switch,Aquarifa,Aquarifa,Tsukiakari No Seinishite,210.035,pncd-WkrrXI,Uoj2ZHPvkk0,0Br8JTRBK61BK12nUNsyN0,ed562cee-a332-4560-90db-3335cda62f81
present_same_path,certain,same_path,yes,Aquarifa/Tsukiakari No Seinishite/48 switch.m4a,switch,Aquarifa,Aquarifa,Tsukiakari No Seinishite,210.014,3462962,Uoj2ZHPvkk0,Uoj2ZHPvkk0,0Br8JTRBK61BK12nUNsyN0,ed562cee-a332-4560-90db-3335cda62f81,Aquarifa/Tsukiakari No Seinishite/48 switch.m4a,switch,Aquarifa,Aquarifa,Tsukiakari No Seinishite,210.035,Uoj2ZHPvkk0,Uoj2ZHPvkk0,0Br8JTRBK61BK12nUNsyN0,ed562cee-a332-4560-90db-3335cda62f81
present_same_path,certain,same_path,no,CRUX labe/Unknown Album/103 WHITE ASH _ Crowds【Music Video Short Ver】.m4a,WHITE ASH / Crowds【Music Video Short Ver】,CRUX labe,CRUX labe,Unknown Album,142.144,2345320,lfk8sqQ-qEI,lfk8sqQ-qEI,,,CRUX labe/Unknown Album/103 WHITE ASH _ Crowds【Music Video Short Ver】.m4a,WHITE ASH / Crowds【Music Video Short Ver】,CRUX labe,CRUX labe,Unknown Album,142.165,lfk8sqQ-qEI,lfk8sqQ-qEI,,
present_same_path,certain,same_path,no,sputniklab official channel/Unknown Album/1109 惑星アブノーマル 「月夜海水浴」.m4a,惑星アブノーマル 「月夜海水浴」,sputniklab official channel,sputniklab official channel,Unknown Album,272.719,4486884,AhaZVsM7WTs,AhaZVsM7WTs,,,sputniklab official channel/Unknown Album/1109 惑星アブノーマル 「月夜海水浴」.m4a,惑星アブノーマル 「月夜海水浴」,sputniklab official channel,sputniklab official channel,Unknown Album,272.740,AhaZVsM7WTs,AhaZVsM7WTs,,
present_same_path,certain,same_path,no,DAX -Space Shower Digital Archives X-/Unknown Album/148 NATSUMEN - LIVE @ KAIKOO POPWAVE FESTIVAL'10.m4a,NATSUMEN - LIVE @ KAIKOO POPWAVE FESTIVAL'10,DAX -Space Shower Digital Archives X-,DAX -Space Shower Digital Archives X-,Unknown Album,508.796,8405957,cFnPPcrxqeo,cFnPPcrxqeo,,,DAX -Space Shower Digital Archives X-/Unknown Album/148 NATSUMEN - LIVE @ KAIKOO POPWAVE FESTIVAL'10.m4a,NATSUMEN - LIVE @ KAIKOO POPWAVE FESTIVAL'10,DAX -Space Shower Digital Archives X-,DAX -Space Shower Digital Archives X-,Unknown Album,508.817,cFnPPcrxqeo,cFnPPcrxqeo,,
present_same_path,certain,same_path,no,DAX -Space Shower Digital Archives X-/Unknown Album/149 カネコアヤノ - さよーならあなた @ 森、道、市場 2019.m4a,カネコアヤノ - さよーならあなた @ 森、道、市場 2019,DAX -Space Shower Digital Archives X-,DAX -Space Shower Digital Archives X-,Unknown Album,378.254,6307129,zSu27I7WpvA,zSu27I7WpvA,,,DAX -Space Shower Digital Archives X-/Unknown Album/149 カネコアヤノ - さよーならあなた @ 森、道、市場 2019.m4a,カネコアヤノ - さよーならあなた @ 森、道、市場 2019,DAX -Space Shower Digital Archives X-,DAX -Space Shower Digital Archives X-,Unknown Album,378.274,zSu27I7WpvA,zSu27I7WpvA,,
present_same_path,certain,same_path,yes,meiyo/Nothing's Working Out (feat. asmi)/01 なにやってもうまくいかない - Nothing's Working Out (feat. asmi).m4a,なにやってもうまくいかない - Nothing's Working Out (feat. asmi),meiyo,meiyo,Nothing's Working Out (feat. asmi),146.925,2591505,PjG0r-9HQBs,cm_dXG6dPx0,6QLMizE79f7VfKKnuMYxez,87f72146-dfec-4946-87e1-190a0c24c6c7,meiyo/Nothing's Working Out (feat. asmi)/01 なにやってもうまくいかない - Nothing's Working Out (feat. asmi).m4a,なにやってもうまくいかない - Nothing's Working Out (feat. asmi),meiyo,meiyo,Nothing's Working Out (feat. asmi),146.946,PjG0r-9HQBs,cm_dXG6dPx0,6QLMizE79f7VfKKnuMYxez,87f72146-dfec-4946-87e1-190a0c24c6c7
present_same_path,certain,same_path,yes,meiyo/POP SOS/02 なにやってもうまくいかない - Nothing's Working Out.m4a,なにやってもうまくいかない - Nothing's Working Out,meiyo,meiyo,POP SOS,146.774,2603696,vxoKuhPca-A,-w2tkYJnJA8,,87f72146-dfec-4946-87e1-190a0c24c6c7,meiyo/POP SOS/02 なにやってもうまくいかない - Nothing's Working Out.m4a,なにやってもうまくいかない - Nothing's Working Out,meiyo,meiyo,POP SOS,146.795,vxoKuhPca-A,-w2tkYJnJA8,,87f72146-dfec-4946-87e1-190a0c24c6c7
present_same_path,certain,same_path,no,supahspex/Unknown Album/1114 Eureka Seven Fandub - Taiyou no Mannaka he.m4a,Eureka Seven Fandub - Taiyou no Mannaka he,supahspex,supahspex,Unknown Album,191.739,3301023,vBE6KQw6Lt8,vBE6KQw6Lt8,,,supahspex/Unknown Album/1114 Eureka Seven Fandub - Taiyou no Mannaka he.m4a,Eureka Seven Fandub - Taiyou no Mannaka he,supahspex,supahspex,Unknown Album,191.760,vBE6KQw6Lt8,vBE6KQw6Lt8,,
present_same_path,certain,same_path,no,HAGANE/Amour Chain/01 Amour Chain.m4a,Amour Chain,HAGANE,HAGANE,Amour Chain,262.765,4542874,Ucqgvsfd7No,Ucqgvsfd7No,4yrqY5N0SF2e9ytBF2OoZD,a071f6b9-fb5d-43fe-96eb-04fb86d863a5,HAGANE/Amour Chain/01 Amour Chain.m4a,Amour Chain,HAGANE,HAGANE,Amour Chain,262.786,Ucqgvsfd7No,Ucqgvsfd7No,4yrqY5N0SF2e9ytBF2OoZD,a071f6b9-fb5d-43fe-96eb-04fb86d863a5
present_same_path,certain,same_path,no,TOPANGASWANGA/Unknown Album/662 Paranoid Void Live @PaperTiger in San Antonio 1_23.m4a,Paranoid Void Live @PaperTiger in San Antonio 1/23,TOPANGASWANGA,TOPANGASWANGA,Unknown Album,188.930,3337028,Catg8CZCQx8,Catg8CZCQx8,,,TOPANGASWANGA/Unknown Album/662 Paranoid Void Live @PaperTiger in San Antonio 1_23.m4a,Paranoid Void Live @PaperTiger in San Antonio 1/23,TOPANGASWANGA,TOPANGASWANGA,Unknown Album,188.951,Catg8CZCQx8,Catg8CZCQx8,,
present_same_path,certain,same_path,no,The Whoops/Film!!!/07 衛星 - Satellite.m4a,衛星 - Satellite,The Whoops,The Whoops,Film!!!,347.261,5859252,IdNI5lUeV2s,U73PHJ2gmhM,3TYrqHws0J0gFQzh7xritt,,The Whoops/Film!!!/07 衛星 - Satellite.m4a,衛星 - Satellite,The Whoops,The Whoops,Film!!!,347.275,IdNI5lUeV2s,U73PHJ2gmhM,3TYrqHws0J0gFQzh7xritt,
present_same_path,certain,same_path,no,"The Shins/Oh, Inverted World (20th Anniversary Remaster)/06 New Slang (2021 Remaster).m4a",New Slang (2021 Remaster),The Shins,The Shins,"Oh, Inverted World (20th Anniversary Remaster)",230.875,3981473,zYwCmcB0XMw,kGpAMPS_t8U,3AxZ713oKWbwS2FHs66tuq,,"The Shins/Oh, Inverted World (20th Anniversary Remaster)/06 New Slang (2021 Remaster).m4a",New Slang (2021 Remaster),The Shins,The Shins,"Oh, Inverted World (20th Anniversary Remaster)",230.888,zYwCmcB0XMw,kGpAMPS_t8U,3AxZ713oKWbwS2FHs66tuq,
present_same_path,certain,same_path,no,THE KOXX/ENTER/04 A Fool Moon Night.m4a,A Fool Moon Night,THE KOXX,THE KOXX,ENTER,276.981,4786184,yp8EjIAeiws,TgMyRjBdgsg,0NIZWVJdeGizq0SkwTLwfT,98e24e42-2671-4dbe-a142-e7f04af6cb66,THE KOXX/ENTER/04 A Fool Moon Night.m4a,A Fool Moon Night,THE KOXX,THE KOXX,ENTER,276.995,yp8EjIAeiws,TgMyRjBdgsg,0NIZWVJdeGizq0SkwTLwfT,98e24e42-2671-4dbe-a142-e7f04af6cb66
present_same_path,certain,same_path,no,HER NAME IN BLOOD/BEAST MODE/06 ONE REASON.m4a,ONE REASON,HER NAME IN BLOOD,HER NAME IN BLOOD,BEAST MODE,263.214,4639102,vg_EB5VmrEw,h7oaRuOPiA4,406C7FmDbQNet6MvsAOE3I,0ec12dc3-c868-4f53-a0c4-19da0bee413a,HER NAME IN BLOOD/BEAST MODE/06 ONE REASON.m4a,ONE REASON,HER NAME IN BLOOD,HER NAME IN BLOOD,BEAST MODE,263.235,vg_EB5VmrEw,h7oaRuOPiA4,406C7FmDbQNet6MvsAOE3I,0ec12dc3-c868-4f53-a0c4-19da0bee413a
present_same_path,certain,same_path,no,Suichu Spica/Spica/01 Spica.m4a,Spica,Suichu Spica,Suichu Spica,Spica,453.761,7757936,zHj6MsXGvgw,rrrjMrBaRyw,1cek46u96NSWBTwqOTayTO,,Suichu Spica/Spica/01 Spica.m4a,Spica,Suichu Spica,Suichu Spica,Spica,453.782,zHj6MsXGvgw,rrrjMrBaRyw,1cek46u96NSWBTwqOTayTO,
present_same_path,certain,same_path,no,Suichu Spica/mEq/03 Triage.m4a,Triage,Suichu Spica,Suichu Spica,mEq,314.475,5339472,7DqjFVbdP0k,nPG_jPY0-To,4agqm0IjyayJlMQcGO5pKC,,Suichu Spica/mEq/03 Triage.m4a,Triage,Suichu Spica,Suichu Spica,mEq,314.496,7DqjFVbdP0k,nPG_jPY0-To,4agqm0IjyayJlMQcGO5pKC,
present_same_path,certain,same_path,no,Suichu Spica/mEq/02 Oshiroi.m4a,Oshiroi,Suichu Spica,Suichu Spica,mEq,256.683,4358891,eP8WMUvhNZ0,5s0gT2oDCps,5RuUb9bdKyC8FvJyJRDt7b,,Suichu Spica/mEq/02 Oshiroi.m4a,Oshiroi,Suichu Spica,Suichu Spica,mEq,256.704,eP8WMUvhNZ0,5s0gT2oDCps,5RuUb9bdKyC8FvJyJRDt7b,
present_same_path,certain,same_path,no,Suichu Spica/Lux/02 拍動 - Pulsation.m4a,拍動 - Pulsation,Suichu Spica,Suichu Spica,Lux,211.307,3765605,jGDCeV4sil8,C1MEaBZUzmA,,,Suichu Spica/Lux/02 拍動 - Pulsation.m4a,拍動 - Pulsation,Suichu Spica,Suichu Spica,Lux,211.328,jGDCeV4sil8,C1MEaBZUzmA,,
present_same_path,certain,same_path,no,Suichu Spica/Lux/06 beyond me.m4a,beyond me,Suichu Spica,Suichu Spica,Lux,324.557,5615633,ZSStoaHdwSM,cCkA01K6rNw,0YenVKwa5t0EPRK4xihSsv,,Suichu Spica/Lux/06 beyond me.m4a,beyond me,Suichu Spica,Suichu Spica,Lux,324.571,ZSStoaHdwSM,cCkA01K6rNw,0YenVKwa5t0EPRK4xihSsv,
present_same_path,certain,same_path,no,Suichu Spica/Osm/05 Reverb.m4a,Reverb,Suichu Spica,Suichu Spica,Osm,282.110,4732390,ZS0xAM7_91Y,_FfCWvM9_Eo,02mueWjD3ivPqJvzYIOMXm,,Suichu Spica/Osm/05 Reverb.m4a,Reverb,Suichu Spica,Suichu Spica,Osm,282.131,ZS0xAM7_91Y,_FfCWvM9_Eo,02mueWjD3ivPqJvzYIOMXm,
present_same_path,certain,same_path,no,WinnipegHomicide/Unknown Album/780 Kyojaku. - Kokou no Gadan.m4a,Kyojaku. - Kokou no Gadan,WinnipegHomicide,WinnipegHomicide,Unknown Album,2407.527,39535514,TaFKC7TFw7A,TaFKC7TFw7A,,,WinnipegHomicide/Unknown Album/780 Kyojaku. - Kokou no Gadan.m4a,Kyojaku. - Kokou no Gadan,WinnipegHomicide,WinnipegHomicide,Unknown Album,2407.548,TaFKC7TFw7A,TaFKC7TFw7A,,
present_same_path,certain,same_path,no,Amane Kanata/Unknown Album/40 【1人2役】獣ゆく細道／天音かなた(Cover).m4a,【1人2役】獣ゆく細道／天音かなた(Cover),Amane Kanata,Amane Kanata,Unknown Album,223.144,3914255,-BI2YFYWnjc,-BI2YFYWnjc,,,Amane Kanata/Unknown Album/40 【1人2役】獣ゆく細道／天音かなた(Cover).m4a,【1人2役】獣ゆく細道／天音かなた(Cover),Amane Kanata,Amane Kanata,Unknown Album,223.165,-BI2YFYWnjc,-BI2YFYWnjc,,
present_same_path,certain,same_path,no,LUMiRiSE/≠encore./09 SHOOTER.m4a,SHOOTER,LUMiRiSE,LUMiRiSE,≠encore.,203.889,3658213,sDqSrnwrHmA,8_VH9-e0s0s,3GaCECRG88oP19wiuCgM6k,340b23e0-2e87-4d97-8fe6-0b4d37fd1b91,LUMiRiSE/≠encore./09 SHOOTER.m4a,SHOOTER,LUMiRiSE,LUMiRiSE,≠encore.,203.910,sDqSrnwrHmA,8_VH9-e0s0s,3GaCECRG88oP19wiuCgM6k,340b23e0-2e87-4d97-8fe6-0b4d37fd1b91
present_same_path,certain,same_path,no,Protest the Hero/Fortress/01 Bloodmeat.m4a,Bloodmeat,Protest the Hero,Protest the Hero,Fortress,234.187,4393622,rhMfz4HrcEA,1d9PsqPrBME,72e95GPfDERtcZZFsrrrkH,d1490caa-8b4a-4cf9-a7f9-19a0632f79a8,Protest the Hero/Fortress/01 Bloodmeat.m4a,Bloodmeat,Protest the Hero,Protest the Hero,Fortress,234.208,rhMfz4HrcEA,1d9PsqPrBME,72e95GPfDERtcZZFsrrrkH,d1490caa-8b4a-4cf9-a7f9-19a0632f79a8
present_same_path,certain,same_path,no,Protest the Hero/Scurrilous/02 Hair-Trigger.m4a,Hair-Trigger,Protest the Hero,Protest the Hero,Scurrilous,288.667,5266949,oUodza3eoUQ,up-rr-jWzvc,2gDCda5adfFRpyXKMdKHgv,1f1e8a3c-5f8d-4218-be65-0cb888593cd4,Protest the Hero/Scurrilous/02 Hair-Trigger.m4a,Hair-Trigger,Protest the Hero,Protest the Hero,Scurrilous,288.688,oUodza3eoUQ,up-rr-jWzvc,2gDCda5adfFRpyXKMdKHgv,1f1e8a3c-5f8d-4218-be65-0cb888593cd4
present_same_path,certain,same_path,no,ALBA SERA/Ego/15 エゴイスト - EGOIST.m4a,エゴイスト - EGOIST,ALBA SERA,ALBA SERA,Ego,202.899,3689746,Ht50oi6Mf_8,Ht50oi6Mf_8,,,ALBA SERA/Ego/15 エゴイスト - EGOIST.m4a,エゴイスト - EGOIST,ALBA SERA,ALBA SERA,Ego,202.920,Ht50oi6Mf_8,Ht50oi6Mf_8,,
present_same_path,certain,same_path,no,fox capture plan/Discovery/11 不可思議のカルテ.m4a,不可思議のカルテ,fox capture plan,fox capture plan,Discovery,244.774,4283796,EBEYrih70c8,EBEYrih70c8,3enZD4EwKUvHtLUpX8bza7,7e84a135-62da-4f82-a04b-dbbb305f06dd,fox capture plan/Discovery/11 不可思議のカルテ.m4a,不可思議のカルテ,fox capture plan,fox capture plan,Discovery,244.795,EBEYrih70c8,EBEYrih70c8,3enZD4EwKUvHtLUpX8bza7,7e84a135-62da-4f82-a04b-dbbb305f06dd
present_same_path,certain,same_path,no,chouchou merged syrups./until/01 霹靂 - Hekireki.m4a,霹靂 - Hekireki,chouchou merged syrups.,chouchou merged syrups.,until,247.062,4168387,7dduILw25Zs,7dduILw25Zs,15wto1V6DybcBjRbV7fPte,d9b2102c-0324-4926-9147-9c1f0e734de8,chouchou merged syrups./until/01 霹靂 - Hekireki.m4a,霹靂 - Hekireki,chouchou merged syrups.,chouchou merged syrups.,until,247.083,7dduILw25Zs,7dduILw25Zs,15wto1V6DybcBjRbV7fPte,d9b2102c-0324-4926-9147-9c1f0e734de8
present_same_path,certain,same_path,no,chouchou merged syrups./clepsydra/06 風のように - like wind.m4a,風のように - like wind,chouchou merged syrups.,chouchou merged syrups.,clepsydra,298.320,5130685,LePyl0S-xQ8,LePyl0S-xQ8,17tRBoK4nNyIJkKQl3RTw7,225da95f-158f-4347-832a-3a4ca5dac100,chouchou merged syrups./clepsydra/06 風のように - like wind.m4a,風のように - like wind,chouchou merged syrups.,chouchou merged syrups.,clepsydra,298.341,LePyl0S-xQ8,LePyl0S-xQ8,17tRBoK4nNyIJkKQl3RTw7,225da95f-158f-4347-832a-3a4ca5dac100
present_same_path,certain,same_path,no,Maverick Mom/COMPASS/426 儚夏 - Mouka.m4a,儚夏 - Mouka,Maverick Mom,Maverick Mom,COMPASS,251.000,4482079,ZeVQdlOQZ20,ZeVQdlOQZ20,,4c96b88f-644a-4581-94ba-0056ef8e96ca,Maverick Mom/COMPASS/426 儚夏 - Mouka.m4a,儚夏 - Mouka,Maverick Mom,Maverick Mom,COMPASS,251.021,ZeVQdlOQZ20,ZeVQdlOQZ20,,4c96b88f-644a-4581-94ba-0056ef8e96ca
present_same_path,certain,same_path,no,Maverick Mom/Travessia/17 Fancy.m4a,Fancy,Maverick Mom,Maverick Mom,Travessia,255.000,4585386,LhidglDCjWo,_rQW6BGuOE0,21UyTEbQnbdrs3hgiW83qs,7a66e05a-0ce4-46ca-a832-5e65a51ddd56,Maverick Mom/Travessia/17 Fancy.m4a,Fancy,Maverick Mom,Maverick Mom,Travessia,255.021,LhidglDCjWo,_rQW6BGuOE0,21UyTEbQnbdrs3hgiW83qs,7a66e05a-0ce4-46ca-a832-5e65a51ddd56
present_same_path,certain,same_path,no,tiny yawn/euphoria/1135 YOUTH.m4a,YOUTH,tiny yawn,tiny yawn,euphoria,220.434,3727816,doo_TE-m1AQ,doo_TE-m1AQ,5gpFfPYJwsv4j36eQITlA0,a8c50278-ed74-4c12-89ec-78791ad8e378,tiny yawn/euphoria/1135 YOUTH.m4a,YOUTH,tiny yawn,tiny yawn,euphoria,220.455,doo_TE-m1AQ,doo_TE-m1AQ,5gpFfPYJwsv4j36eQITlA0,a8c50278-ed74-4c12-89ec-78791ad8e378
present_same_path,certain,same_path,no,tiny yawn/paddle ship/1136 花筏 - flower raft.m4a,花筏 - flower raft,tiny yawn,tiny yawn,paddle ship,271.353,4662496,eqYENtOhGZc,eqYENtOhGZc,6RjFm8vUHC4KANOnlbK6w4,beea52f2-301d-432c-9da6-115cb1c210f0,tiny yawn/paddle ship/1136 花筏 - flower raft.m4a,花筏 - flower raft,tiny yawn,tiny yawn,paddle ship,271.374,eqYENtOhGZc,eqYENtOhGZc,6RjFm8vUHC4KANOnlbK6w4,beea52f2-301d-432c-9da6-115cb1c210f0
present_same_path,certain,same_path,no,"tiny yawn/Someday, somewhere/1134 Somewhere.m4a",Somewhere,tiny yawn,tiny yawn,"Someday, somewhere",213.275,3677720,o72sI0VOyUU,o72sI0VOyUU,0lIrfiaNIczsYkJSHsFxw3,8d75154d-eba1-4b41-9d1a-2befc10b1242,"tiny yawn/Someday, somewhere/1134 Somewhere.m4a",Somewhere,tiny yawn,tiny yawn,"Someday, somewhere",213.296,o72sI0VOyUU,o72sI0VOyUU,0lIrfiaNIczsYkJSHsFxw3,8d75154d-eba1-4b41-9d1a-2befc10b1242
present_same_path,certain,same_path,no,Lithuania HQ/Unknown Album/391 MILKSHAKE (TRFN Remix).m4a,MILKSHAKE (TRFN Remix),Lithuania HQ,Lithuania HQ,Unknown Album,171.213,2971722,VT9fjbZUimM,VT9fjbZUimM,,,Lithuania HQ/Unknown Album/391 MILKSHAKE (TRFN Remix).m4a,MILKSHAKE (TRFN Remix),Lithuania HQ,Lithuania HQ,Unknown Album,171.234,VT9fjbZUimM,VT9fjbZUimM,,
present_same_path,certain,same_path,no,KikuoHana (Kikuo to Hanatan)/Second Act/06 ヒトガワリ - Hitogawari.m4a,ヒトガワリ - Hitogawari,KikuoHana (Kikuo to Hanatan),KikuoHana (Kikuo to Hanatan),Second Act,266.178,4774399,kx9hwaOGAFo,-ZqXvSQeBFw,40KFocvzK7xc1jHzBDM8k4,,KikuoHana (Kikuo to Hanatan)/Second Act/06 ヒトガワリ - Hitogawari.m4a,ヒトガワリ - Hitogawari,KikuoHana (Kikuo to Hanatan),KikuoHana (Kikuo to Hanatan),Second Act,266.192,kx9hwaOGAFo,-ZqXvSQeBFw,40KFocvzK7xc1jHzBDM8k4,
present_same_path,certain,same_path,no,Cecilia/Unknown Album/110 テニスコーツ Tenniscoats - 光輪 (Korin).m4a,テニスコーツ Tenniscoats - 光輪 (Korin),Cecilia,Cecilia,Unknown Album,376.431,6309477,qlpuGl7_A6Y,qlpuGl7_A6Y,,,Cecilia/Unknown Album/110 テニスコーツ Tenniscoats - 光輪 (Korin).m4a,テニスコーツ Tenniscoats - 光輪 (Korin),Cecilia,Cecilia,Unknown Album,376.452,qlpuGl7_A6Y,qlpuGl7_A6Y,,
present_same_path,certain,same_path,no,Pretend/Circular Ræsoning/02 Reminder.m4a,Reminder,Pretend,Pretend,Circular Ræsoning,587.094,9693275,jee-Pi_h0XQ,1Slcs-9JyDw,6BqebD1e3QuVdSv7uwTXHT,b46cf740-dfe8-4d3c-af46-45f565e055d1,Pretend/Circular Ræsoning/02 Reminder.m4a,Reminder,Pretend,Pretend,Circular Ræsoning,587.115,jee-Pi_h0XQ,1Slcs-9JyDw,6BqebD1e3QuVdSv7uwTXHT,b46cf740-dfe8-4d3c-af46-45f565e055d1
present_same_path,certain,same_path,no,Rocket/Versions of You/563 Take Your Aim.m4a,Take Your Aim,Rocket,Rocket,Versions of You,261.179,4340818,U_vBDWZUUHc,U_vBDWZUUHc,0rDq4W12BQzwKYYuYP0EIj,54ac0407-026e-472a-ba47-b66423b4abf3,Rocket/Versions of You/563 Take Your Aim.m4a,Take Your Aim,Rocket,Rocket,Versions of You,261.199,U_vBDWZUUHc,U_vBDWZUUHc,0rDq4W12BQzwKYYuYP0EIj,54ac0407-026e-472a-ba47-b66423b4abf3
present_same_path,certain,same_path,no,moonbowmusicmovie/Unknown Album/960 Corridors of Time - Chrono Trigger _ 時の回廊 - クロノトリガー.m4a,Corridors of Time - Chrono Trigger / 時の回廊 - クロノトリガー,moonbowmusicmovie,moonbowmusicmovie,Unknown Album,305.807,5254138,p636Rw_L3XU,p636Rw_L3XU,,,moonbowmusicmovie/Unknown Album/960 Corridors of Time - Chrono Trigger _ 時の回廊 - クロノトリガー.m4a,Corridors of Time - Chrono Trigger / 時の回廊 - クロノトリガー,moonbowmusicmovie,moonbowmusicmovie,Unknown Album,305.828,p636Rw_L3XU,p636Rw_L3XU,,
present_same_path,certain,same_path,no,cluppo/PEACE&LOVE_Flapping wings/02 Flapping wings.m4a,Flapping wings,cluppo,cluppo,PEACE&LOVE/Flapping wings,248.708,4522587,L0cr7nh6NCI,btyR1tzbmag,0m6BZeEAvnKm4x5cKJFtSm,583c44d3-716c-4709-ad22-7404b7a82d1a,cluppo/PEACE&LOVE_Flapping wings/02 Flapping wings.m4a,Flapping wings,cluppo,cluppo,PEACE&LOVE/Flapping wings,248.729,L0cr7nh6NCI,btyR1tzbmag,0m6BZeEAvnKm4x5cKJFtSm,583c44d3-716c-4709-ad22-7404b7a82d1a
present_same_path,certain,same_path,no,Fugazi/Live at Roseland Ballroom New York NY USA 09_24_93_FLS0593/20 Shut The Door - NYC NY 09_24_93_FLS0593 (Live).m4a,Shut The Door - NYC NY 09/24/93_FLS0593 (Live),Fugazi,Fugazi,Live at Roseland Ballroom New York NY USA 09/24/93_FLS0593,504.048,8502487,6WHAnkJFOMs,eib9aq4UIko,3UCxwhoRar75uX7JJtIwqB,1d7b000f-99ee-4401-a31d-ba34dd6fe4ac,Fugazi/Live at Roseland Ballroom New York NY USA 09_24_93_FLS0593/20 Shut The Door - NYC NY 09_24_93_FLS0593 (Live).m4a,Shut The Door - NYC NY 09/24/93_FLS0593 (Live),Fugazi,Fugazi,Live at Roseland Ballroom New York NY USA 09/24/93_FLS0593,504.068,6WHAnkJFOMs,eib9aq4UIko,3UCxwhoRar75uX7JJtIwqB,1d7b000f-99ee-4401-a31d-ba34dd6fe4ac
present_same_path,certain,same_path,no,Klangkarussell/Ghostkeeper/01 Ghostkeeper (feat. GIVVEN).m4a,Ghostkeeper (feat. GIVVEN),Klangkarussell,Klangkarussell,Ghostkeeper,331.389,5903893,LRSq95NTPcE,ZbGmUEm1oLY,0qHD5pzpp1zSPa5Ud74WDC,c460418d-6682-4139-9095-3e2fa3b683cb,Klangkarussell/Ghostkeeper/01 Ghostkeeper (feat. GIVVEN).m4a,Ghostkeeper (feat. GIVVEN),Klangkarussell,Klangkarussell,Ghostkeeper,331.403,LRSq95NTPcE,ZbGmUEm1oLY,0qHD5pzpp1zSPa5Ud74WDC,c460418d-6682-4139-9095-3e2fa3b683cb
present_same_path,certain,same_path,no,"AmaLee/Total Coverage, Vol. 2/02 Courage (From _Sword Art Online II_).m4a","Courage (From ""Sword Art Online II"")",AmaLee,AmaLee,"Total Coverage, Vol. 2",256.539,4555219,0tn5g2pF5PU,3waImQp-cD4,4q6ubuad3pC2xqrHn1koDN,,"AmaLee/Total Coverage, Vol. 2/02 Courage (From _Sword Art Online II_).m4a","Courage (From ""Sword Art Online II"")",AmaLee,AmaLee,"Total Coverage, Vol. 2",256.552,0tn5g2pF5PU,3waImQp-cD4,4q6ubuad3pC2xqrHn1koDN,
present_same_path,certain,same_path,no,"Sheep, Dog & Wolf/Off the Radar, Vol. 1/02 Breathe.m4a",Breathe,"Sheep, Dog & Wolf","Sheep, Dog & Wolf","Off the Radar, Vol. 1",341.066,5991261,jZictXwrEUI,28ea0OG4_C4,7kuQo7dUPXWchopgQJjRYc,,"Sheep, Dog & Wolf/Off the Radar, Vol. 1/02 Breathe.m4a",Breathe,"Sheep, Dog & Wolf","Sheep, Dog & Wolf","Off the Radar, Vol. 1",341.080,jZictXwrEUI,28ea0OG4_C4,7kuQo7dUPXWchopgQJjRYc,
present_same_path,certain,same_path,no,NTS/Unknown Album/473 BADBADNOTGOOD NTS Live at The Brass and Crimson.m4a,BADBADNOTGOOD NTS Live at The Brass and Crimson,NTS,NTS,Unknown Album,3552.537,57815100,lWV-jJy-Ldc,lWV-jJy-Ldc,,,NTS/Unknown Album/473 BADBADNOTGOOD NTS Live at The Brass and Crimson.m4a,BADBADNOTGOOD NTS Live at The Brass and Crimson,NTS,NTS,Unknown Album,3552.558,lWV-jJy-Ldc,lWV-jJy-Ldc,,
present_same_path,certain,same_path,no,Knuxfan24's Song Gallery/Unknown Album/362 Dragon's Dogma - Into Free ~Dangan~.m4a,Dragon's Dogma - Into Free ~Dangan~,Knuxfan24's Song Gallery,Knuxfan24's Song Gallery,Unknown Album,278.710,4915511,SZNbabKjKpA,SZNbabKjKpA,,,Knuxfan24's Song Gallery/Unknown Album/362 Dragon's Dogma - Into Free ~Dangan~.m4a,Dragon's Dogma - Into Free ~Dangan~,Knuxfan24's Song Gallery,Knuxfan24's Song Gallery,Unknown Album,278.730,SZNbabKjKpA,SZNbabKjKpA,,
present_same_path,certain,same_path,no,JSASL/Unknown Album/308 loqto - 107.5.m4a,loqto - 107.5,JSASL,JSASL,Unknown Album,278.400,4761994,0XWzY5SLTss,0XWzY5SLTss,,,JSASL/Unknown Album/308 loqto - 107.5.m4a,loqto - 107.5,JSASL,JSASL,Unknown Album,278.421,0XWzY5SLTss,0XWzY5SLTss,,
present_same_path,certain,same_path,no,Akai Ko-En/Journey/25 Journey.m4a,Journey,Akai Ko-En,Akai Ko-En,Journey,262.494,4638900,hTA2iD13lQY,hTA2iD13lQY,1UlunCRSBIshpma9E7esBm,,Akai Ko-En/Journey/25 Journey.m4a,Journey,Akai Ko-En,Akai Ko-En,Journey,262.515,hTA2iD13lQY,hTA2iD13lQY,1UlunCRSBIshpma9E7esBm,
remote_only_no_equivalent,unmatched,no_equivalent_found,no,Akai Ko-En/Ko-en Debut/06 もんだな - Mondana.m4a,もんだな - Mondana,Akai Ko-En,Akai Ko-En,Ko-en Debut,109.027,1927467,Vtj3R7PYruA,Vtj3R7PYruA,,,,,,,,,,,,
present_same_path,certain,same_path,no,Akai Ko-En/Ko-en Debut/08 Counter.m4a,Counter,Akai Ko-En,Akai Ko-En,Ko-en Debut,139.440,2375515,Mbgv1wX7Www,Mbgv1wX7Www,,,Akai Ko-En/Ko-en Debut/08 Counter.m4a,Counter,Akai Ko-En,Akai Ko-En,Ko-en Debut,139.461,Mbgv1wX7Www,Mbgv1wX7Www,,
remote_only_no_equivalent,unmatched,no_equivalent_found,no,Akai Ko-En/Ko-en Debut/03 つぶ - Tsubu.m4a,つぶ - Tsubu,Akai Ko-En,Akai Ko-En,Ko-en Debut,116.987,2013180,mgI1I_m1AFs,mgI1I_m1AFs,,,,,,,,,,,,
remote_only_no_equivalent,unmatched,no_equivalent_found,no,Akai Ko-En/Ko-en Debut/07 急げ - Isoge.m4a,急げ - Isoge,Akai Ko-En,Akai Ko-En,Ko-en Debut,188.800,3199097,4A6d-wAiOis,4A6d-wAiOis,,,,,,,,,,,,
present_same_path,certain,same_path,no,Saxontop/Unknown Album/591 The Notorious B.I.G. - Big Poppa (Saxophone Cover - Saxontop).m4a,The Notorious B.I.G. - Big Poppa (Saxophone Cover - Saxontop),Saxontop,Saxontop,Unknown Album,178.922,3236641,Ol2S4ZzV5ZY,Ol2S4ZzV5ZY,,,Saxontop/Unknown Album/591 The Notorious B.I.G. - Big Poppa (Saxophone Cover - Saxontop).m4a,The Notorious B.I.G. - Big Poppa (Saxophone Cover - Saxontop),Saxontop,Saxontop,Unknown Album,178.943,Ol2S4ZzV5ZY,Ol2S4ZzV5ZY,,
present_same_path,certain,same_path,no,Kelly Hogan & Bill Taft/Blue Magic/01 Blue Magic.m4a,Blue Magic,Kelly Hogan & Bill Taft,Kelly Hogan & Bill Taft,Blue Magic,178.347,3130647,FWJieSagW2s,FWJieSagW2s,0VkzXh3nqd3MHUSs15SbO4,1929ec88-1593-462c-87f8-ecf53bd84c44,Kelly Hogan & Bill Taft/Blue Magic/01 Blue Magic.m4a,Blue Magic,Kelly Hogan & Bill Taft,Kelly Hogan & Bill Taft,Blue Magic,178.368,FWJieSagW2s,FWJieSagW2s,0VkzXh3nqd3MHUSs15SbO4,1929ec88-1593-462c-87f8-ecf53bd84c44
present_same_path,certain,same_path,no,Mass Of The Fermenting Dregs/Mass Of The Fermenting Dregs/02 ハイライト - Highlight.m4a,ハイライト - Highlight,Mass Of The Fermenting Dregs,Mass Of The Fermenting Dregs,Mass Of The Fermenting Dregs,228.467,4034091,6GnxUmRtw58,6GnxUmRtw58,3MZgRR5kAyMcgnn3LuhgQK,8fc968ce-55d0-421c-80ff-5bca3c1ad354,Mass Of The Fermenting Dregs/Mass Of The Fermenting Dregs/02 ハイライト - Highlight.m4a,ハイライト - Highlight,Mass Of The Fermenting Dregs,Mass Of The Fermenting Dregs,Mass Of The Fermenting Dregs,228.488,6GnxUmRtw58,6GnxUmRtw58,3MZgRR5kAyMcgnn3LuhgQK,8fc968ce-55d0-421c-80ff-5bca3c1ad354
present_same_path,certain,same_path,no,Ov1cen/Unknown Album/504 Akiakane 【秋赤音】 Drowning in a Wave of Sadness 【かなしみのなみにおぼれる】.m4a,Akiakane 【秋赤音】 Drowning in a Wave of Sadness 【かなしみのなみにおぼれる】,Ov1cen,Ov1cen,Unknown Album,210.071,3559741,QYUim4_3VE0,QYUim4_3VE0,,,Ov1cen/Unknown Album/504 Akiakane 【秋赤音】 Drowning in a Wave of Sadness 【かなしみのなみにおぼれる】.m4a,Akiakane 【秋赤音】 Drowning in a Wave of Sadness 【かなしみのなみにおぼれる】,Ov1cen,Ov1cen,Unknown Album,210.092,QYUim4_3VE0,QYUim4_3VE0,,
present_same_path,certain,same_path,no,ishikinonaikranke/yokubouhasyoujonokatachiwositeiru/03 hとχ - eichitokai.m4a,hとχ - eichitokai,ishikinonaikranke,ishikinonaikranke,yokubouhasyoujonokatachiwositeiru,309.440,5328054,ds8DREO6hto,ds8DREO6hto,0Hgu8Qge9HoIMVSInExKQ8,,ishikinonaikranke/yokubouhasyoujonokatachiwositeiru/03 hとχ - eichitokai.m4a,hとχ - eichitokai,ishikinonaikranke,ishikinonaikranke,yokubouhasyoujonokatachiwositeiru,309.461,ds8DREO6hto,ds8DREO6hto,0Hgu8Qge9HoIMVSInExKQ8,
present_same_path,certain,same_path,no,ishikinonaikranke/yokubouhasyoujonokatachiwositeiru/02 灼けても尚 - yaketemonao.m4a,灼けても尚 - yaketemonao,ishikinonaikranke,ishikinonaikranke,yokubouhasyoujonokatachiwositeiru,288.227,4943979,KW-9pAWqZ8Y,KW-9pAWqZ8Y,2nVuBife9RIMg0udXYkwtB,,ishikinonaikranke/yokubouhasyoujonokatachiwositeiru/02 灼けても尚 - yaketemonao.m4a,灼けても尚 - yaketemonao,ishikinonaikranke,ishikinonaikranke,yokubouhasyoujonokatachiwositeiru,288.248,KW-9pAWqZ8Y,KW-9pAWqZ8Y,2nVuBife9RIMg0udXYkwtB,
present_same_path,certain,same_path,no,ishikinonaikranke/yokubouhasyoujonokatachiwositeiru/01 君の残滓は僕に降る - kiminozanshihabokunihuru.m4a,君の残滓は僕に降る - kiminozanshihabokunihuru,ishikinonaikranke,ishikinonaikranke,yokubouhasyoujonokatachiwositeiru,286.080,4919291,QxNJbViCEQg,QxNJbViCEQg,6UBNPbCW8oY1MpHaIIrFh4,,ishikinonaikranke/yokubouhasyoujonokatachiwositeiru/01 君の残滓は僕に降る - kiminozanshihabokunihuru.m4a,君の残滓は僕に降る - kiminozanshihabokunihuru,ishikinonaikranke,ishikinonaikranke,yokubouhasyoujonokatachiwositeiru,286.101,QxNJbViCEQg,QxNJbViCEQg,6UBNPbCW8oY1MpHaIIrFh4,
present_same_path,certain,same_path,no,"ishikinonaikranke/Living the ordinary days, even after death/01 黄昏の刻 - Twilight.m4a",黄昏の刻 - Twilight,ishikinonaikranke,ishikinonaikranke,"Living the ordinary days, even after death",202.876,3563614,wI2zAQ7sUWE,wI2zAQ7sUWE,0F5Hu4AFWg8pQF0guPsWmL,,"ishikinonaikranke/Living the ordinary days, even after death/01 黄昏の刻 - Twilight.m4a",黄昏の刻 - Twilight,ishikinonaikranke,ishikinonaikranke,"Living the ordinary days, even after death",202.896,wI2zAQ7sUWE,wI2zAQ7sUWE,0F5Hu4AFWg8pQF0guPsWmL,
present_same_path,certain,same_path,no,mei ehara/Sway/04 蓋なしの彼 - A Lidless Man.m4a,蓋なしの彼 - A Lidless Man,mei ehara,mei ehara,Sway,230.267,3955424,pNgOnHXhcPM,pNgOnHXhcPM,,8a0fe3c4-a131-4226-b7bb-02f17c663533,mei ehara/Sway/04 蓋なしの彼 - A Lidless Man.m4a,蓋なしの彼 - A Lidless Man,mei ehara,mei ehara,Sway,230.288,pNgOnHXhcPM,pNgOnHXhcPM,,8a0fe3c4-a131-4226-b7bb-02f17c663533
present_same_path,certain,same_path,no,GriffO/Cosmos Egg/04 Afflatus.m4a,Afflatus,GriffO,GriffO,Cosmos Egg,201.829,3539226,fdGWrfKN34I,N6Ifb1hpzaA,1kMz2DH3hBIY2jGXisQWvO,,GriffO/Cosmos Egg/04 Afflatus.m4a,Afflatus,GriffO,GriffO,Cosmos Egg,201.850,fdGWrfKN34I,N6Ifb1hpzaA,1kMz2DH3hBIY2jGXisQWvO,
present_same_path,certain,same_path,no,The Fall of Troy/Doppelganger/03 F.C.P.R.E.M.I.X..m4a,F.C.P.R.E.M.I.X.,The Fall of Troy,The Fall of Troy,Doppelganger,237.680,4097258,2iijmj5nB6I,BoBrjRX4eIA,4OsLDuaH0bWR6xM6nj66F8,b06f0285-b792-4bcf-a237-bfc51b27c97f,The Fall of Troy/Doppelganger/03 F.C.P.R.E.M.I.X..m4a,F.C.P.R.E.M.I.X.,The Fall of Troy,The Fall of Troy,Doppelganger,237.701,2iijmj5nB6I,BoBrjRX4eIA,4OsLDuaH0bWR6xM6nj66F8,b06f0285-b792-4bcf-a237-bfc51b27c97f
present_same_path,certain,same_path,no,minami/Kawakiwoameku/01 カワキヲアメク - Kawakiwoameku.m4a,カワキヲアメク - Kawakiwoameku,minami,minami,Kawakiwoameku,251.934,4106556,0YF8vecQWYs,gxp3R7l1iSk,,,minami/Kawakiwoameku/01 カワキヲアメク - Kawakiwoameku.m4a,カワキヲアメク - Kawakiwoameku,minami,minami,Kawakiwoameku,251.955,0YF8vecQWYs,gxp3R7l1iSk,,
present_same_path,certain,same_path,no,yureruwayurei/Unknown Album/1296 揺れるは幽霊 - ポイント・ネモ [LIVE].m4a,揺れるは幽霊 - ポイント・ネモ [LIVE],yureruwayurei,yureruwayurei,Unknown Album,277.504,4687620,sqk4EiWnesk,sqk4EiWnesk,,,yureruwayurei/Unknown Album/1296 揺れるは幽霊 - ポイント・ネモ [LIVE].m4a,揺れるは幽霊 - ポイント・ネモ [LIVE],yureruwayurei,yureruwayurei,Unknown Album,277.525,sqk4EiWnesk,sqk4EiWnesk,,
present_same_path,certain,same_path,no,yureruwayurei/Unknown Album/1297 揺れるは幽霊 - 夕さり [ LIVE ].m4a,揺れるは幽霊 - 夕さり [ LIVE ],yureruwayurei,yureruwayurei,Unknown Album,394.240,6485941,l9AjYBiBGRY,l9AjYBiBGRY,,,yureruwayurei/Unknown Album/1297 揺れるは幽霊 - 夕さり [ LIVE ].m4a,揺れるは幽霊 - 夕さり [ LIVE ],yureruwayurei,yureruwayurei,Unknown Album,394.261,l9AjYBiBGRY,l9AjYBiBGRY,,
present_same_path,certain,same_path,no,yureruwayurei/echoes of fading girl/01 echoes of fading girl.m4a,echoes of fading girl,yureruwayurei,yureruwayurei,echoes of fading girl,279.286,4799842,opn2LG97ssA,opn2LG97ssA,1hfQ5DyTYhgudSZ7lbQP5Q,,yureruwayurei/echoes of fading girl/01 echoes of fading girl.m4a,echoes of fading girl,yureruwayurei,yureruwayurei,echoes of fading girl,279.307,opn2LG97ssA,opn2LG97ssA,1hfQ5DyTYhgudSZ7lbQP5Q,
present_same_path,certain,same_path,no,yureruwayurei/mnemeoid/02 hollow.m4a,hollow,yureruwayurei,yureruwayurei,mnemeoid,180.185,3217150,bpAMJRUbsXA,bpAMJRUbsXA,2fmzfno4tNecedBUFUtaWK,,yureruwayurei/mnemeoid/02 hollow.m4a,hollow,yureruwayurei,yureruwayurei,mnemeoid,180.206,bpAMJRUbsXA,bpAMJRUbsXA,2fmzfno4tNecedBUFUtaWK,
present_same_path,certain,same_path,no,yureruwayurei/mnemeoid/01 亡霊のきみへ - borei no kimi e.m4a,亡霊のきみへ - borei no kimi e,yureruwayurei,yureruwayurei,mnemeoid,279.638,4833729,LVSOM-Yd1Ys,UPgl1HghG8g,5RlN3ClDjGv05i5t0Im9Mr,,yureruwayurei/mnemeoid/01 亡霊のきみへ - borei no kimi e.m4a,亡霊のきみへ - borei no kimi e,yureruwayurei,yureruwayurei,mnemeoid,279.659,LVSOM-Yd1Ys,UPgl1HghG8g,5RlN3ClDjGv05i5t0Im9Mr,
present_same_path,certain,same_path,no,yureruwayurei/mnemeoid/1301 ポイント・ネモ - point nemo.m4a,ポイント・ネモ - point nemo,yureruwayurei,yureruwayurei,mnemeoid,271.905,4690162,qX7bK8vSLsI,qX7bK8vSLsI,4CiPr5Xaszmxpnn2dyoTT1,,yureruwayurei/mnemeoid/1301 ポイント・ネモ - point nemo.m4a,ポイント・ネモ - point nemo,yureruwayurei,yureruwayurei,mnemeoid,271.926,qX7bK8vSLsI,qX7bK8vSLsI,4CiPr5Xaszmxpnn2dyoTT1,
present_same_path,certain,same_path,no,yureruwayurei/Geikotsugunshu/01 鯨骨群衆 - Geikotsugunshu.m4a,鯨骨群衆 - Geikotsugunshu,yureruwayurei,yureruwayurei,Geikotsugunshu,210.661,3757523,YFyFcnW4QMQ,YFyFcnW4QMQ,70jUG8ifxeRnRkP8jJTGMB,,yureruwayurei/Geikotsugunshu/01 鯨骨群衆 - Geikotsugunshu.m4a,鯨骨群衆 - Geikotsugunshu,yureruwayurei,yureruwayurei,Geikotsugunshu,210.682,YFyFcnW4QMQ,YFyFcnW4QMQ,70jUG8ifxeRnRkP8jJTGMB,
present_same_path,certain,same_path,no,Thrice/The Artist In The Ambulance/10 The Artist In The Ambulance.m4a,The Artist In The Ambulance,Thrice,Thrice,The Artist In The Ambulance,219.267,3776678,dqy1jA8-WCQ,qXCb7NLLTug,0arNrzPygksLY2pEbRgBjw,b6254a8c-f8e4-4816-bbde-4d4566ed17c7,Thrice/The Artist In The Ambulance/10 The Artist In The Ambulance.m4a,The Artist In The Ambulance,Thrice,Thrice,The Artist In The Ambulance,219.288,dqy1jA8-WCQ,qXCb7NLLTug,0arNrzPygksLY2pEbRgBjw,b6254a8c-f8e4-4816-bbde-4d4566ed17c7
present_same_path,certain,same_path,no,sympathy/ENCORE/01 ENCORE.m4a,ENCORE,sympathy,sympathy,ENCORE,159.296,2894992,lX4CK-DfB4M,lX4CK-DfB4M,6wgjTqEJGFO3EqOUax1sAl,,sympathy/ENCORE/01 ENCORE.m4a,ENCORE,sympathy,sympathy,ENCORE,159.317,lX4CK-DfB4M,lX4CK-DfB4M,6wgjTqEJGFO3EqOUax1sAl,
present_same_path,certain,same_path,no,sympathy/Trance Jyoutai/02 さよなら王子様 - Sayonara Ohjisama.m4a,さよなら王子様 - Sayonara Ohjisama,sympathy,sympathy,Trance Jyoutai,232.880,3965452,aV8-ObyPBXQ,aV8-ObyPBXQ,,1e050e8c-ce60-4880-837d-d76462504ec1,sympathy/Trance Jyoutai/02 さよなら王子様 - Sayonara Ohjisama.m4a,さよなら王子様 - Sayonara Ohjisama,sympathy,sympathy,Trance Jyoutai,232.901,aV8-ObyPBXQ,aV8-ObyPBXQ,,1e050e8c-ce60-4880-837d-d76462504ec1
present_same_path,certain,same_path,no,otonogram/Unknown Album/979 【獣ゆく細道】椎名林檎と宮本浩次 (cover) otonogramオトノグラム.m4a,【獣ゆく細道】椎名林檎と宮本浩次 (cover) otonogramオトノグラム,otonogram,otonogram,Unknown Album,245.387,4100917,cd1PgnEqLIo,cd1PgnEqLIo,,,otonogram/Unknown Album/979 【獣ゆく細道】椎名林檎と宮本浩次 (cover) otonogramオトノグラム.m4a,【獣ゆく細道】椎名林檎と宮本浩次 (cover) otonogramオトノグラム,otonogram,otonogram,Unknown Album,245.408,cd1PgnEqLIo,cd1PgnEqLIo,,
present_same_path,certain,same_path,no,Альянс/На заре (Part 1)/05 На Заре.m4a,На Заре,Альянс,Альянс,На заре (Part 1),351.481,6148322,H6wl-EyhXl0,OC5ndy6PxBo,,04a08c3e-5848-4055-8c13-935be2dfb71a,Альянс/На заре (Part 1)/05 На Заре.m4a,На Заре,Альянс,Альянс,На заре (Part 1),351.502,H6wl-EyhXl0,OC5ndy6PxBo,,04a08c3e-5848-4055-8c13-935be2dfb71a
present_same_path,certain,same_path,no,Covet the band/Unknown Album/133 Covet - Odessa (live).m4a,Covet - Odessa (live),Covet the band,Covet the band,Unknown Album,402.966,6847005,kXr08ykbtT4,kXr08ykbtT4,,,Covet the band/Unknown Album/133 Covet - Odessa (live).m4a,Covet - Odessa (live),Covet the band,Covet the band,Unknown Album,402.987,kXr08ykbtT4,kXr08ykbtT4,,
present_same_path,certain,same_path,no,chef's/thirsty flair/03 Ci(n)der era.m4a,Ci(n)der era,chef's,chef's,thirsty flair,208.096,3512294,5_jVJlHJwxw,5_jVJlHJwxw,4Jx1a11HyidaHpN5FMMmq0,1599bff2-8406-4fbc-b8e2-3e72d45bad70,chef's/thirsty flair/03 Ci(n)der era.m4a,Ci(n)der era,chef's,chef's,thirsty flair,208.117,5_jVJlHJwxw,5_jVJlHJwxw,4Jx1a11HyidaHpN5FMMmq0,1599bff2-8406-4fbc-b8e2-3e72d45bad70
present_same_path,certain,same_path,no,星野源 Gen Hoshino/Unknown Album/224 星野源 – さらしもの [Official Video] (feat. PUNPEE).m4a,星野源 – さらしもの [Official Video] (feat. PUNPEE),星野源 Gen Hoshino,星野源 Gen Hoshino,Unknown Album,240.022,4032812,H6QFLov4WUA,H6QFLov4WUA,,,星野源 Gen Hoshino/Unknown Album/224 星野源 – さらしもの [Official Video] (feat. PUNPEE).m4a,星野源 – さらしもの [Official Video] (feat. PUNPEE),星野源 Gen Hoshino,星野源 Gen Hoshino,Unknown Album,240.043,H6QFLov4WUA,H6QFLov4WUA,,
present_same_path,certain,same_path,no,ヨルシカ/負け犬にアンコールはいらない/04 ヒッチコック.m4a,ヒッチコック,ヨルシカ,ヨルシカ,負け犬にアンコールはいらない,222.814,3947805,t7MBzMP4OzY,pJJrhNeXiU0,153lRbNmhQZVi69kbhmjY8,793fe72d-75b2-4327-ae98-413e415373fd,ヨルシカ/負け犬にアンコールはいらない/04 ヒッチコック.m4a,ヒッチコック,ヨルシカ,ヨルシカ,負け犬にアンコールはいらない,222.835,t7MBzMP4OzY,pJJrhNeXiU0,153lRbNmhQZVi69kbhmjY8,793fe72d-75b2-4327-ae98-413e415373fd
present_same_path,certain,same_path,no,Ichika/Unknown Album/289 When you hit 1million subscribers (feat. enon kawatani).m4a,When you hit 1million subscribers (feat. enon kawatani),Ichika,Ichika,Unknown Album,71.040,1352452,ALUeksoiyg0,ALUeksoiyg0,,,Ichika/Unknown Album/289 When you hit 1million subscribers (feat. enon kawatani).m4a,When you hit 1million subscribers (feat. enon kawatani),Ichika,Ichika,Unknown Album,71.061,ALUeksoiyg0,ALUeksoiyg0,,
present_same_path,certain,same_path,no,TOYSFACTORYJP/Unknown Album/663 藍坊主「星のすみか」PV.m4a,藍坊主「星のすみか」PV,TOYSFACTORYJP,TOYSFACTORYJP,Unknown Album,298.365,4845691,uFY7gLrTB9w,uFY7gLrTB9w,,,TOYSFACTORYJP/Unknown Album/663 藍坊主「星のすみか」PV.m4a,藍坊主「星のすみか」PV,TOYSFACTORYJP,TOYSFACTORYJP,Unknown Album,298.386,uFY7gLrTB9w,uFY7gLrTB9w,,
present_same_path,certain,same_path,no,Alex's Brain/Unknown Album/34 80s Remix_ Tronicbox _Somebody That I Used To Know_ Gotye.m4a,"80s Remix: Tronicbox ""Somebody That I Used To Know"" Gotye",Alex's Brain,Alex's Brain,Unknown Album,239.352,4076542,-qstIEHDVRg,-qstIEHDVRg,,,Alex's Brain/Unknown Album/34 80s Remix_ Tronicbox _Somebody That I Used To Know_ Gotye.m4a,"80s Remix: Tronicbox ""Somebody That I Used To Know"" Gotye",Alex's Brain,Alex's Brain,Unknown Album,239.373,-qstIEHDVRg,-qstIEHDVRg,,
present_same_path,certain,same_path,no,Mao Sasagawa/we are friends/414 rooftop.m4a,rooftop,Mao Sasagawa,Mao Sasagawa,we are friends,186.924,3333112,NcA34z_OB2I,NcA34z_OB2I,5LRMUOqTHHH5xiPa4bcYHB,,Mao Sasagawa/we are friends/414 rooftop.m4a,rooftop,Mao Sasagawa,Mao Sasagawa,we are friends,186.944,NcA34z_OB2I,NcA34z_OB2I,5LRMUOqTHHH5xiPa4bcYHB,
present_same_path,certain,same_path,no,Mao Sasagawa/Unknown Album/413 笹川真生 単独公演『ひかりのそこ』 LIVE @新宿MARZ 2020.9.23.m4a,笹川真生 単独公演『ひかりのそこ』 LIVE @新宿MARZ 2020.9.23,Mao Sasagawa,Mao Sasagawa,Unknown Album,3101.184,50910596,wUlaodJKMN4,wUlaodJKMN4,,,Mao Sasagawa/Unknown Album/413 笹川真生 単独公演『ひかりのそこ』 LIVE @新宿MARZ 2020.9.23.m4a,笹川真生 単独公演『ひかりのそこ』 LIVE @新宿MARZ 2020.9.23,Mao Sasagawa,Mao Sasagawa,Unknown Album,3101.205,wUlaodJKMN4,wUlaodJKMN4,,
present_same_path,certain,same_path,no,sokoninaru/Haikei reimei wo shitte/01 拝啓､黎明を知って - Haikei reimei wo shitte.m4a,拝啓､黎明を知って - Haikei reimei wo shitte,sokoninaru,sokoninaru,Haikei reimei wo shitte,177.771,3083470,cr39Fg0CUfo,VWOXnuTe-J4,,,sokoninaru/Haikei reimei wo shitte/01 拝啓､黎明を知って - Haikei reimei wo shitte.m4a,拝啓､黎明を知って - Haikei reimei wo shitte,sokoninaru,sokoninaru,Haikei reimei wo shitte,177.792,cr39Fg0CUfo,VWOXnuTe-J4,,
present_same_path,certain,same_path,no,sokoninaru/Unknown Album/1055 KEYTALK 『パラレル』弾いてみた 【そこに鳴る軽音部】KEYTALK - parallel (cover).m4a,KEYTALK　『パラレル』弾いてみた 【そこに鳴る軽音部】KEYTALK - parallel (cover),sokoninaru,sokoninaru,Unknown Album,115.926,2076785,pBLLiWY3vpI,pBLLiWY3vpI,,,sokoninaru/Unknown Album/1055 KEYTALK 『パラレル』弾いてみた 【そこに鳴る軽音部】KEYTALK - parallel (cover).m4a,KEYTALK　『パラレル』弾いてみた 【そこに鳴る軽音部】KEYTALK - parallel (cover),sokoninaru,sokoninaru,Unknown Album,115.947,pBLLiWY3vpI,pBLLiWY3vpI,,
present_same_path,certain,same_path,no,sokoninaru/Unknown Album/1098 MY FIRST STORY『REVIVER』弾いてみた【そこに鳴る軽音部】MY FIRST STORY - REVIVER（cover）.m4a,MY FIRST STORY『REVIVER』弾いてみた【そこに鳴る軽音部】MY FIRST STORY - REVIVER（cover）,sokoninaru,sokoninaru,Unknown Album,296.043,4916262,q_MaHLAHbko,q_MaHLAHbko,,,sokoninaru/Unknown Album/1098 MY FIRST STORY『REVIVER』弾いてみた【そこに鳴る軽音部】MY FIRST STORY - REVIVER（cover）.m4a,MY FIRST STORY『REVIVER』弾いてみた【そこに鳴る軽音部】MY FIRST STORY - REVIVER（cover）,sokoninaru,sokoninaru,Unknown Album,296.064,q_MaHLAHbko,q_MaHLAHbko,,
present_same_path,certain,same_path,no,sokoninaru/Unknown Album/1075 【原キー】宇宙一忙しい「夜に駆ける」【男女ツインボーカル】【ハルジオン】YOASOBI - yorunikakeru(Band Arrange).m4a,【原キー】宇宙一忙しい「夜に駆ける」【男女ツインボーカル】【ハルジオン】YOASOBI - yorunikakeru(Band Arrange),sokoninaru,sokoninaru,Unknown Album,271.019,4539852,0s5Fh6fv2A4,0s5Fh6fv2A4,,,sokoninaru/Unknown Album/1075 【原キー】宇宙一忙しい「夜に駆ける」【男女ツインボーカル】【ハルジオン】YOASOBI - yorunikakeru(Band Arrange).m4a,【原キー】宇宙一忙しい「夜に駆ける」【男女ツインボーカル】【ハルジオン】YOASOBI - yorunikakeru(Band Arrange),sokoninaru,sokoninaru,Unknown Album,271.040,0s5Fh6fv2A4,0s5Fh6fv2A4,,
present_same_path,certain,same_path,no,sokoninaru/Unknown Album/1104 【すごいバンド】そこに鳴るが『孤独の鳥居』をカバーしたらすごかった【LOOP H☆R_孤独の鴉(cover)】.m4a,【すごいバンド】そこに鳴るが『孤独の鳥居』をカバーしたらすごかった【LOOP H☆R/孤独の鴉(cover)】,sokoninaru,sokoninaru,Unknown Album,168.000,2641195,5DsW_iFHgO0,5DsW_iFHgO0,,,sokoninaru/Unknown Album/1104 【すごいバンド】そこに鳴るが『孤独の鳥居』をカバーしたらすごかった【LOOP H☆R_孤独の鴉(cover)】.m4a,【すごいバンド】そこに鳴るが『孤独の鳥居』をカバーしたらすごかった【LOOP H☆R/孤独の鴉(cover)】,sokoninaru,sokoninaru,Unknown Album,168.021,5DsW_iFHgO0,5DsW_iFHgO0,,
present_same_path,certain,same_path,no,sokoninaru/Unknown Album/1096 そこに鳴る _ 絶対的三分間【LIVE】from「LIVE _超越_ DIGITAL EDITION 2020」.m4a,"そこに鳴る / 絶対的三分間【LIVE】from「LIVE ""超越"" DIGITAL EDITION 2020」",sokoninaru,sokoninaru,Unknown Album,186.410,3102538,KxVn7ubo4FQ,KxVn7ubo4FQ,,,sokoninaru/Unknown Album/1096 そこに鳴る _ 絶対的三分間【LIVE】from「LIVE _超越_ DIGITAL EDITION 2020」.m4a,"そこに鳴る / 絶対的三分間【LIVE】from「LIVE ""超越"" DIGITAL EDITION 2020」",sokoninaru,sokoninaru,Unknown Album,186.431,KxVn7ubo4FQ,KxVn7ubo4FQ,,
present_same_path,certain,same_path,no,sokoninaru/Unknown Album/1100 【完コピ】東京喰種『unravel』弾いてみた TK from 凛として時雨 - unravel（cover）.m4a,【完コピ】東京喰種『unravel』弾いてみた　TK from 凛として時雨 - unravel（cover）,sokoninaru,sokoninaru,Unknown Album,245.995,3995235,52BAHIV191g,52BAHIV191g,,,sokoninaru/Unknown Album/1100 【完コピ】東京喰種『unravel』弾いてみた TK from 凛として時雨 - unravel（cover）.m4a,【完コピ】東京喰種『unravel』弾いてみた　TK from 凛として時雨 - unravel（cover）,sokoninaru,sokoninaru,Unknown Album,246.016,52BAHIV191g,52BAHIV191g,,
present_same_path,certain,same_path,no,sokoninaru/Unknown Album/1059 業に燃ゆ - Gou Ni Moyu.m4a,業に燃ゆ - Gou Ni Moyu,sokoninaru,sokoninaru,Unknown Album,240.256,4090722,Nl4Z5f4QwEY,Nl4Z5f4QwEY,,,sokoninaru/Unknown Album/1059 業に燃ゆ - Gou Ni Moyu.m4a,業に燃ゆ - Gou Ni Moyu,sokoninaru,sokoninaru,Unknown Album,240.277,Nl4Z5f4QwEY,Nl4Z5f4QwEY,,
present_same_path,certain,same_path,no,sokoninaru/Unknown Album/1090 the GazettE 『SHIVER』弾いてみた【そこに鳴る軽音部】the GazettE - SHIVER（cover）.m4a,the GazettE 『SHIVER』弾いてみた【そこに鳴る軽音部】the GazettE  - SHIVER（cover）,sokoninaru,sokoninaru,Unknown Album,257.003,4243232,Kd2PK8tY8Ws,Kd2PK8tY8Ws,,,sokoninaru/Unknown Album/1090 the GazettE 『SHIVER』弾いてみた【そこに鳴る軽音部】the GazettE - SHIVER（cover）.m4a,the GazettE 『SHIVER』弾いてみた【そこに鳴る軽音部】the GazettE  - SHIVER（cover）,sokoninaru,sokoninaru,Unknown Album,257.024,Kd2PK8tY8Ws,Kd2PK8tY8Ws,,
present_same_path,certain,same_path,yes,sokoninaru/7 ultimate materials/1037 vermisst.m4a,vermisst,sokoninaru,sokoninaru,7 ultimate materials,157.865,2778005,u1XlFpb7oxw,oQvUy6yPW-E,2ftFHvBo2MdakyYGwg2eS2,d1527232-146c-47b2-b45e-a7222ce8a1c4,sokoninaru/7 ultimate materials/1037 vermisst.m4a,vermisst,sokoninaru,sokoninaru,7 ultimate materials,157.885,u1XlFpb7oxw,oQvUy6yPW-E,2ftFHvBo2MdakyYGwg2eS2,d1527232-146c-47b2-b45e-a7222ce8a1c4
present_same_path,certain,same_path,no,sokoninaru/soumonka [The Witch and the Beast]Opening Theme/01 相聞詩 - soumonka.m4a,相聞詩 - soumonka,sokoninaru,sokoninaru,soumonka [The Witch and the Beast]Opening Theme,179.700,3219371,58xLZso3lhs,Kzcg0WHGpWU,5ozmEuciQ5zWHQasMCd3cS,,sokoninaru/soumonka [The Witch and the Beast]Opening Theme/01 相聞詩 - soumonka.m4a,相聞詩 - soumonka,sokoninaru,sokoninaru,soumonka [The Witch and the Beast]Opening Theme,179.721,58xLZso3lhs,Kzcg0WHGpWU,5ozmEuciQ5zWHQasMCd3cS,
present_same_path,certain,same_path,no,sokoninaru/KAIGAN SYOUMEI/08 Inferno Inception.m4a,Inferno Inception,sokoninaru,sokoninaru,KAIGAN SYOUMEI,152.240,2993162,Mou-nG9Tm6w,Mou-nG9Tm6w,5IRHjLWoQ80VG4SFfnlKCY,,sokoninaru/KAIGAN SYOUMEI/08 Inferno Inception.m4a,Inferno Inception,sokoninaru,sokoninaru,KAIGAN SYOUMEI,152.261,Mou-nG9Tm6w,Mou-nG9Tm6w,5IRHjLWoQ80VG4SFfnlKCY,
present_same_path,certain,same_path,no,sokoninaru/KAIGAN SYOUMEI/05 久遠に零れて - Kuon ni koborete.m4a,久遠に零れて - Kuon ni koborete,sokoninaru,sokoninaru,KAIGAN SYOUMEI,182.320,3448805,Mm6KjnrjzWI,Mm6KjnrjzWI,,,sokoninaru/KAIGAN SYOUMEI/05 久遠に零れて - Kuon ni koborete.m4a,久遠に零れて - Kuon ni koborete,sokoninaru,sokoninaru,KAIGAN SYOUMEI,182.341,Mm6KjnrjzWI,Mm6KjnrjzWI,,
present_same_path,certain,same_path,no,sokoninaru/KAIGAN SYOUMEI/02 re_re_realize.m4a,re:re:realize,sokoninaru,sokoninaru,KAIGAN SYOUMEI,162.040,3162051,K763eoyvQzM,K763eoyvQzM,1jJif9SRjFD3iWcadpsWO3,,sokoninaru/KAIGAN SYOUMEI/02 re_re_realize.m4a,re:re:realize,sokoninaru,sokoninaru,KAIGAN SYOUMEI,162.061,K763eoyvQzM,K763eoyvQzM,1jJif9SRjFD3iWcadpsWO3,
present_same_path,certain,same_path,no,Chilli Beans./Chilli Beans./02 lemonade.m4a,lemonade,Chilli Beans.,Chilli Beans.,Chilli Beans.,186.868,3383791,3nSBhYZ59h0,hiFH2I7xaeU,0EyViwXzoKDRKUtLczjJwL,21e6f649-ab42-441e-aae0-5b51794ddbdb,Chilli Beans./Chilli Beans./02 lemonade.m4a,lemonade,Chilli Beans.,Chilli Beans.,Chilli Beans.,186.882,3nSBhYZ59h0,hiFH2I7xaeU,0EyViwXzoKDRKUtLczjJwL,21e6f649-ab42-441e-aae0-5b51794ddbdb
present_same_path,certain,same_path,no,"bohemianvoodoo, fox capture plan/color & monochrome 2/02 Golden Forest.m4a",Golden Forest,"bohemianvoodoo, fox capture plan","bohemianvoodoo, fox capture plan",color & monochrome 2,318.248,5471400,-oWccnrIqKo,9wGE8-prX7A,0aT1LrXNX8Mk14ApQlsjV0,b04d90d3-390a-487d-8352-785b033730d7,"bohemianvoodoo, fox capture plan/color & monochrome 2/02 Golden Forest.m4a",Golden Forest,"bohemianvoodoo, fox capture plan","bohemianvoodoo, fox capture plan",color & monochrome 2,318.262,-oWccnrIqKo,9wGE8-prX7A,0aT1LrXNX8Mk14ApQlsjV0,b04d90d3-390a-487d-8352-785b033730d7
present_same_path,certain,same_path,no,YukiNagato3/Unknown Album/794 Spangle call Lilli line- Out of Sight.m4a,Spangle call Lilli line- Out of Sight,YukiNagato3,YukiNagato3,Unknown Album,496.803,8197180,1l11glbu1dw,1l11glbu1dw,,,YukiNagato3/Unknown Album/794 Spangle call Lilli line- Out of Sight.m4a,Spangle call Lilli line- Out of Sight,YukiNagato3,YukiNagato3,Unknown Album,496.824,1l11glbu1dw,1l11glbu1dw,,
present_same_path,certain,same_path,no,Suneohair/Kanashimi/02 ワルツ - Waltz.m4a,ワルツ - Waltz,Suneohair,Suneohair,Kanashimi,284.640,4721685,YqxozjjIm9k,YqxozjjIm9k,2kzlw988z6RTWT74O9paBP,,Suneohair/Kanashimi/02 ワルツ - Waltz.m4a,ワルツ - Waltz,Suneohair,Suneohair,Kanashimi,284.661,YqxozjjIm9k,YqxozjjIm9k,2kzlw988z6RTWT74O9paBP,
present_same_path,certain,same_path,no,"te'/It is the thought of trying to _sing_ a realistic sound from the ringing world./09 何らの苦しみにもあわずして、何人をも幸福とは『呼』ぶなかれ。 - Don't _call_ happiness to anyone, despite any suffering..m4a","何らの苦しみにもあわずして、何人をも幸福とは『呼』ぶなかれ。 - Don't ""call"" happiness to anyone, despite any suffering.",te',te',"It is the thought of trying to ""sing"" a realistic sound from the ringing world.",314.635,5198642,7Di8DJUyQBc,3Q5Rar6mrMM,2v9TuanTL0CA9qE18Puq2E,,"te'/It is the thought of trying to _sing_ a realistic sound from the ringing world./09 何らの苦しみにもあわずして、何人をも幸福とは『呼』ぶなかれ。 - Don't _call_ happiness to anyone, despite any suffering..m4a","何らの苦しみにもあわずして、何人をも幸福とは『呼』ぶなかれ。 - Don't ""call"" happiness to anyone, despite any suffering.",te',te',"It is the thought of trying to ""sing"" a realistic sound from the ringing world.",314.649,7Di8DJUyQBc,3Q5Rar6mrMM,2v9TuanTL0CA9qE18Puq2E,
present_same_path,certain,same_path,no,Clarion/Clarion/03 Hello Juliet.m4a,Hello Juliet,Clarion,Clarion,Clarion,208.000,3656769,yfgfYfS4XBo,yfgfYfS4XBo,5v3Dv4UlDOGaXlvphFpkIX,d9293374-4905-43b3-beb1-63ecefa36343,Clarion/Clarion/03 Hello Juliet.m4a,Hello Juliet,Clarion,Clarion,Clarion,208.021,yfgfYfS4XBo,yfgfYfS4XBo,5v3Dv4UlDOGaXlvphFpkIX,d9293374-4905-43b3-beb1-63ecefa36343
present_same_path,certain,same_path,no,Blume popo/A bad man had a sad nap/01 彼方高さから躰放ったあなた - A bad man had a sad nap.m4a,彼方高さから躰放ったあなた - A bad man had a sad nap,Blume popo,Blume popo,A bad man had a sad nap,215.147,3621611,kXuvApGDg1s,Wsl4ySA-baY,15a0RwnmpvumTDIpAxDDJ3,dd9cac30-3cb0-4577-bb5c-958dbe22e985,Blume popo/A bad man had a sad nap/01 彼方高さから躰放ったあなた - A bad man had a sad nap.m4a,彼方高さから躰放ったあなた - A bad man had a sad nap,Blume popo,Blume popo,A bad man had a sad nap,215.168,kXuvApGDg1s,Wsl4ySA-baY,15a0RwnmpvumTDIpAxDDJ3,dd9cac30-3cb0-4577-bb5c-958dbe22e985
present_same_path,certain,same_path,no,Blume popo/umi to dokuyaku/03 笑う月 - warau tsuki.m4a,笑う月 - warau tsuki,Blume popo,Blume popo,umi to dokuyaku,218.162,3686350,r3PCwxVJRHQ,M2SB9rKNrhI,4HAvQimR0cRsJZggVLTLQV,1c98563a-dd75-4258-a0ca-d97926f23cc0,Blume popo/umi to dokuyaku/03 笑う月 - warau tsuki.m4a,笑う月 - warau tsuki,Blume popo,Blume popo,umi to dokuyaku,218.183,r3PCwxVJRHQ,M2SB9rKNrhI,4HAvQimR0cRsJZggVLTLQV,1c98563a-dd75-4258-a0ca-d97926f23cc0
remote_only_no_equivalent,unmatched,no_equivalent_found,no,Blume popo/apocalypsis/04 幸福のすべて - all of our happiness.m4a,幸福のすべて - all of our happiness,Blume popo,Blume popo,apocalypsis,349.347,6168422,VRv5akoqMik,VRv5akoqMik,,,,,,,,,,,,
present_same_path,certain,same_path,no,Blume popo/apocalypsis/90 ゴルゴダ - Golgotha.m4a,ゴルゴダ - Golgotha,Blume popo,Blume popo,apocalypsis,314.054,5587435,iCyLxeOtQ8Q,iCyLxeOtQ8Q,37Y24CHtz9UWOjYR7OBl2c,5f27d469-b274-4807-925a-7d1f863c2bdd,Blume popo/apocalypsis/90 ゴルゴダ - Golgotha.m4a,ゴルゴダ - Golgotha,Blume popo,Blume popo,apocalypsis,314.075,iCyLxeOtQ8Q,iCyLxeOtQ8Q,37Y24CHtz9UWOjYR7OBl2c,5f27d469-b274-4807-925a-7d1f863c2bdd
present_same_path,certain,same_path,no,Snarky Puppy/Unknown Album/614 Snarky Puppy_ NPR Music Tiny Desk Concert.m4a,Snarky Puppy: NPR Music Tiny Desk Concert,Snarky Puppy,Snarky Puppy,Unknown Album,1256.223,21347093,vfzu33BfRHE,vfzu33BfRHE,,,Snarky Puppy/Unknown Album/614 Snarky Puppy_ NPR Music Tiny Desk Concert.m4a,Snarky Puppy: NPR Music Tiny Desk Concert,Snarky Puppy,Snarky Puppy,Unknown Album,1256.244,vfzu33BfRHE,vfzu33BfRHE,,
present_same_path,certain,same_path,no,Snarky Puppy/We Like It Here/02 What About Me_.m4a,What About Me?,Snarky Puppy,Snarky Puppy,We Like It Here,402.267,6715541,fuhHU_BZXSk,ppHtulRNNxo,1MglqgabKH4iSkw8xHJ0J9,2be56b28-a085-4bc4-b0bf-eeba32294cde,Snarky Puppy/We Like It Here/02 What About Me_.m4a,What About Me?,Snarky Puppy,Snarky Puppy,We Like It Here,402.288,fuhHU_BZXSk,ppHtulRNNxo,1MglqgabKH4iSkw8xHJ0J9,2be56b28-a085-4bc4-b0bf-eeba32294cde
present_same_path,certain,same_path,no,Qualia/Unknown Album/547 Nujabes - F.I.L.O. Feat. Shing02.m4a,Nujabes - F.I.L.O. Feat. Shing02,Qualia,Qualia,Unknown Album,211.314,3614198,xfNF8ZGvY8A,xfNF8ZGvY8A,,,Qualia/Unknown Album/547 Nujabes - F.I.L.O. Feat. Shing02.m4a,Nujabes - F.I.L.O. Feat. Shing02,Qualia,Qualia,Unknown Album,211.335,xfNF8ZGvY8A,xfNF8ZGvY8A,,
present_same_path,certain,same_path,no,Bas/Too High To Riot/03 Bas - Dopamine ft. Cozz.m4a,Bas - Dopamine ft. Cozz,Bas,Bas,Too High To Riot,216.240,3751264,4u1mdmKzCm4,pqyZNf707jU,,,Bas/Too High To Riot/03 Bas - Dopamine ft. Cozz.m4a,Bas - Dopamine ft. Cozz,Bas,Bas,Too High To Riot,216.261,4u1mdmKzCm4,pqyZNf707jU,,
present_same_path,certain,same_path,no,reGretGirl/Take/07 黒鳥山公園.m4a,黒鳥山公園,reGretGirl,reGretGirl,Take,288.334,4996911,DcRjnZWfbnM,Q4G2p3xFzR8,4dn0TJt9WIYGSytQV1EWOc,95044e01-f57e-4626-a448-0684ce180ea5,reGretGirl/Take/07 黒鳥山公園.m4a,黒鳥山公園,reGretGirl,reGretGirl,Take,288.355,DcRjnZWfbnM,Q4G2p3xFzR8,4dn0TJt9WIYGSytQV1EWOc,95044e01-f57e-4626-a448-0684ce180ea5
present_same_path,certain,same_path,no,Homecomings/Hurts/276 Hurts.m4a,Hurts,Homecomings,Homecomings,Hurts,314.054,5225929,vsO34pLDWYQ,vsO34pLDWYQ,6oZV6LMhI4EYUOSEeiM5Li,a7a018e0-84bf-406f-8264-1c300a4167d8,Homecomings/Hurts/276 Hurts.m4a,Hurts,Homecomings,Homecomings,Hurts,314.075,vsO34pLDWYQ,vsO34pLDWYQ,6oZV6LMhI4EYUOSEeiM5Li,a7a018e0-84bf-406f-8264-1c300a4167d8
present_same_path,certain,same_path,no,Homecomings/Blue Hour/01 Blue Hour.m4a,Blue Hour,Homecomings,Homecomings,Blue Hour,298.296,5276847,quthO82MU7w,Ay0gy8S_cig,1U0VdjyyWI5dVbBHCGNZr1,1c06d594-7c2b-46fe-a07f-8d65681c0899,Homecomings/Blue Hour/01 Blue Hour.m4a,Blue Hour,Homecomings,Homecomings,Blue Hour,298.317,quthO82MU7w,Ay0gy8S_cig,1U0VdjyyWI5dVbBHCGNZr1,1c06d594-7c2b-46fe-a07f-8d65681c0899
present_same_path,certain,same_path,no,Homecomings/Moon Shaped/01 Moon Shaped.m4a,Moon Shaped,Homecomings,Homecomings,Moon Shaped,311.227,5497659,foA2s5e-pf4,foA2s5e-pf4,2FeLlyA9JOTQYmWQ6Jr3u7,4b3928c1-0c9e-42ea-8e0f-0f9c56d8be0d,Homecomings/Moon Shaped/01 Moon Shaped.m4a,Moon Shaped,Homecomings,Homecomings,Moon Shaped,311.248,foA2s5e-pf4,foA2s5e-pf4,2FeLlyA9JOTQYmWQ6Jr3u7,4b3928c1-0c9e-42ea-8e0f-0f9c56d8be0d
present_same_path,certain,same_path,no,"half·alive/Now, Not Yet/05 still feel..m4a",still feel.,half·alive,half·alive,"Now, Not Yet",247.787,4373772,KOOhPfMbuIQ,ggv-0PBmkcg,48XkVAagIoQHCsOlJtXUd5,41ab93ac-7401-47f8-a984-525ece3a3677,"half·alive/Now, Not Yet/05 still feel..m4a",still feel.,half·alive,half·alive,"Now, Not Yet",247.808,KOOhPfMbuIQ,ggv-0PBmkcg,48XkVAagIoQHCsOlJtXUd5,41ab93ac-7401-47f8-a984-525ece3a3677
present_same_path,certain,same_path,no,half·alive/3/01 The Fall.m4a,The Fall,half·alive,half·alive,3,186.946,3192814,9FzrD47v0zE,FW8U0blsesA,2VgQLPaAPaJRIXeL0FIW2q,372ae986-340d-41f4-9920-ea8128d09cab,half·alive/3/01 The Fall.m4a,The Fall,half·alive,half·alive,3,186.967,9FzrD47v0zE,FW8U0blsesA,2VgQLPaAPaJRIXeL0FIW2q,372ae986-340d-41f4-9920-ea8128d09cab
present_same_path,certain,same_path,no,The Cranberries/No Need to Argue/04 Zombie.m4a,Zombie,The Cranberries,The Cranberries,No Need to Argue,307.814,5266813,6Ejga4kJUts,lSDfCdycdvk,49wOjOkS4pBK3PQnPnNYjb,3bbeb4e3-ab6d-460d-bfc5-de49e4251061,The Cranberries/No Need to Argue/04 Zombie.m4a,Zombie,The Cranberries,The Cranberries,No Need to Argue,307.835,6Ejga4kJUts,lSDfCdycdvk,49wOjOkS4pBK3PQnPnNYjb,3bbeb4e3-ab6d-460d-bfc5-de49e4251061
present_same_path,certain,same_path,no,BLU-SWING/FLASH/02 満ちていく体温.m4a,満ちていく体温,BLU-SWING,BLU-SWING,FLASH,222.480,3967926,ChTPReYJxt4,ChTPReYJxt4,5KyhlyyCgQoL7eP7v1TehN,d7416152-a4a0-4de7-b328-5053c24b1c68,BLU-SWING/FLASH/02 満ちていく体温.m4a,満ちていく体温,BLU-SWING,BLU-SWING,FLASH,222.501,ChTPReYJxt4,ChTPReYJxt4,5KyhlyyCgQoL7eP7v1TehN,d7416152-a4a0-4de7-b328-5053c24b1c68
present_same_path,certain,same_path,no,No Sleep Records/Unknown Album/486 _Incantations_ by State Faults - Resonate_Desperate out November 12th.m4a,"""Incantations"" by State Faults - Resonate/Desperate out November 12th",No Sleep Records,No Sleep Records,Unknown Album,168.229,3027376,vbdI5axjek0,vbdI5axjek0,,,No Sleep Records/Unknown Album/486 _Incantations_ by State Faults - Resonate_Desperate out November 12th.m4a,"""Incantations"" by State Faults - Resonate/Desperate out November 12th",No Sleep Records,No Sleep Records,Unknown Album,168.252,vbdI5axjek0,vbdI5axjek0,,
present_same_path,certain,same_path,no,silhungmo/聽着呼吸擴張狀態/02 夏意識.m4a,夏意識,silhungmo,silhungmo,聽着呼吸擴張狀態,271.008,4503712,C84sLC3ONeU,1eUlWmCQQYU,5Rgq1LyOpNDB20RBfehpyM,,silhungmo/聽着呼吸擴張狀態/02 夏意識.m4a,夏意識,silhungmo,silhungmo,聽着呼吸擴張狀態,271.022,C84sLC3ONeU,1eUlWmCQQYU,5Rgq1LyOpNDB20RBfehpyM,
present_same_path,certain,same_path,no,NPR Music/Unknown Album/472 Kingfish_ Tiny Desk (Home) Concert.m4a,Kingfish: Tiny Desk (Home) Concert,NPR Music,NPR Music,Unknown Album,1169.137,19212624,nmDSzmiys1g,nmDSzmiys1g,,,NPR Music/Unknown Album/472 Kingfish_ Tiny Desk (Home) Concert.m4a,Kingfish: Tiny Desk (Home) Concert,NPR Music,NPR Music,Unknown Album,1169.158,nmDSzmiys1g,nmDSzmiys1g,,
present_same_path,certain,same_path,no,NPR Music/Unknown Album/471 Anderson .Paak & The Free Nationals_ NPR Music Tiny Desk Concert.m4a,Anderson .Paak & The Free Nationals: NPR Music Tiny Desk Concert,NPR Music,NPR Music,Unknown Album,937.448,15940066,ferZnZ0_rSM,ferZnZ0_rSM,,,NPR Music/Unknown Album/471 Anderson .Paak & The Free Nationals_ NPR Music Tiny Desk Concert.m4a,Anderson .Paak & The Free Nationals: NPR Music Tiny Desk Concert,NPR Music,NPR Music,Unknown Album,937.469,ferZnZ0_rSM,ferZnZ0_rSM,,
present_same_path,certain,same_path,no,Gestalt Girl/Umarekawattara/229 生まれ変わったら - Umarekawattara.m4a,生まれ変わったら - Umarekawattara,Gestalt Girl,Gestalt Girl,Umarekawattara,289.285,5103521,UFpPliMUSW4,UFpPliMUSW4,2sPTQbE43xqIAb6pCcU9FL,,Gestalt Girl/Umarekawattara/229 生まれ変わったら - Umarekawattara.m4a,生まれ変わったら - Umarekawattara,Gestalt Girl,Gestalt Girl,Umarekawattara,289.306,UFpPliMUSW4,UFpPliMUSW4,2sPTQbE43xqIAb6pCcU9FL,
present_same_path,certain,same_path,no,Tokenai Namae/Oyasumi a Kankaku e.p/01 刺したい - Sashitai.m4a,刺したい - Sashitai,Tokenai Namae,Tokenai Namae,Oyasumi a Kankaku e.p,286.000,4787056,SbqP1rJdGIQ,SbqP1rJdGIQ,,,Tokenai Namae/Oyasumi a Kankaku e.p/01 刺したい - Sashitai.m4a,刺したい - Sashitai,Tokenai Namae,Tokenai Namae,Oyasumi a Kankaku e.p,286.021,SbqP1rJdGIQ,SbqP1rJdGIQ,,
present_same_path,certain,same_path,no,Rachid Aseyakhe/Unknown Album/551 The Weeknd - Blinding lights (Arabic Version)النسخة العربية (On Spotify & Apple Music)[Cover].m4a,The Weeknd - Blinding lights (Arabic Version)النسخة العربية (On Spotify & Apple Music)[Cover],Rachid Aseyakhe,Rachid Aseyakhe,Unknown Album,266.560,4713778,JBc0h3IVjkc,JBc0h3IVjkc,,,Rachid Aseyakhe/Unknown Album/551 The Weeknd - Blinding lights (Arabic Version)النسخة العربية (On Spotify & Apple Music)[Cover].m4a,The Weeknd - Blinding lights (Arabic Version)النسخة العربية (On Spotify & Apple Music)[Cover],Rachid Aseyakhe,Rachid Aseyakhe,Unknown Album,266.581,JBc0h3IVjkc,JBc0h3IVjkc,,
present_same_path,certain,same_path,no,"Porter Robinson, Madeon/SMILE! _D World Tour Live at ACL Festival/536 Shelter.m4a",Shelter,"Porter Robinson, Madeon","Porter Robinson, Madeon",SMILE! :D World Tour Live at ACL Festival,366.377,5720077,fzQ6gRAEoy0,fzQ6gRAEoy0,2ewEh7LuvToYyGHq7yT8N1,75632be4-2f66-4069-869c-c0440c3f125c,"Porter Robinson, Madeon/SMILE! _D World Tour Live at ACL Festival/536 Shelter.m4a",Shelter,"Porter Robinson, Madeon","Porter Robinson, Madeon",SMILE! :D World Tour Live at ACL Festival,366.397,fzQ6gRAEoy0,fzQ6gRAEoy0,2ewEh7LuvToYyGHq7yT8N1,75632be4-2f66-4069-869c-c0440c3f125c
present_same_path,certain,same_path,no,Theishter/Unknown Album/700 Noragami ED - Heart Realize (Improvisation #2).m4a,Noragami ED - Heart Realize (Improvisation #2),Theishter,Theishter,Unknown Album,132.401,2321169,FLkZdhA3dlA,FLkZdhA3dlA,,,Theishter/Unknown Album/700 Noragami ED - Heart Realize (Improvisation #2).m4a,Noragami ED - Heart Realize (Improvisation #2),Theishter,Theishter,Unknown Album,132.422,FLkZdhA3dlA,FLkZdhA3dlA,,
present_same_path,certain,same_path,no,Alexa Melo/Lotus Flower/03 Idioteque.m4a,Idioteque,Alexa Melo,Alexa Melo,Lotus Flower,239.777,4116967,07gYJot1-UQ,byZPbSh1ezg,0KJv4uBKPIYMmLCei0CvaK,7a95b2e7-8ab8-4d5e-a3fe-d09c10b5bee7,Alexa Melo/Lotus Flower/03 Idioteque.m4a,Idioteque,Alexa Melo,Alexa Melo,Lotus Flower,239.791,07gYJot1-UQ,byZPbSh1ezg,0KJv4uBKPIYMmLCei0CvaK,7a95b2e7-8ab8-4d5e-a3fe-d09c10b5bee7
present_same_path,certain,same_path,no,tfvsjs/Unknown Album/1127 tfvsjs - 殖＋Battle from the bottom.m4a,tfvsjs - 殖＋Battle from the bottom,tfvsjs,tfvsjs,Unknown Album,319.286,5234652,3R3dNZkiNCo,3R3dNZkiNCo,,,tfvsjs/Unknown Album/1127 tfvsjs - 殖＋Battle from the bottom.m4a,tfvsjs - 殖＋Battle from the bottom,tfvsjs,tfvsjs,Unknown Album,319.307,3R3dNZkiNCo,3R3dNZkiNCo,,
present_same_path,certain,same_path,no,tfvsjs/Equal Unequals to Equal/1126 tfvsjs - days of daze.m4a,tfvsjs - days of daze,tfvsjs,tfvsjs,Equal Unequals to Equal,284.800,4789098,zlG5txG63d0,zlG5txG63d0,,5d6d8bfa-d96f-4593-b110-87ac3a2fdde1,tfvsjs/Equal Unequals to Equal/1126 tfvsjs - days of daze.m4a,tfvsjs - days of daze,tfvsjs,tfvsjs,Equal Unequals to Equal,284.821,zlG5txG63d0,zlG5txG63d0,,5d6d8bfa-d96f-4593-b110-87ac3a2fdde1
present_same_path,certain,same_path,no,Instinct of Sight/Blended Abstract/299 光影.m4a,光影,Instinct of Sight,Instinct of Sight,Blended Abstract,277.557,4569774,8A-quVb3xk8,8A-quVb3xk8,2u1uu5Yj9afNo9HRwDAVzz,dc033650-00c0-4db8-99fd-a692a1d4c424,Instinct of Sight/Blended Abstract/299 光影.m4a,光影,Instinct of Sight,Instinct of Sight,Blended Abstract,277.578,8A-quVb3xk8,8A-quVb3xk8,2u1uu5Yj9afNo9HRwDAVzz,dc033650-00c0-4db8-99fd-a692a1d4c424
present_same_path,certain,same_path,no,Tiny Moving Parts/Swell/04 Caution.m4a,Caution,Tiny Moving Parts,Tiny Moving Parts,Swell,198.795,3517343,qn_jePJTIRk,gLlMZZ2PIdY,4fXuiFVbcZV5TDcPszBeip,151753aa-5814-486a-b2e2-263f8fb5acd5,Tiny Moving Parts/Swell/04 Caution.m4a,Caution,Tiny Moving Parts,Tiny Moving Parts,Swell,198.816,qn_jePJTIRk,gLlMZZ2PIdY,4fXuiFVbcZV5TDcPszBeip,151753aa-5814-486a-b2e2-263f8fb5acd5
present_same_path,certain,same_path,no,Kenichiro Nishihara/Elastic Afterwords Instrumental/06 Never Let Go (Instrumental).m4a,Never Let Go (Instrumental),Kenichiro Nishihara,Kenichiro Nishihara,Elastic Afterwords Instrumental,268.426,4571311,ZKJJQ56fmrQ,ZKJJQ56fmrQ,0SICC7BcZm8AvXFYK3QA49,,Kenichiro Nishihara/Elastic Afterwords Instrumental/06 Never Let Go (Instrumental).m4a,Never Let Go (Instrumental),Kenichiro Nishihara,Kenichiro Nishihara,Elastic Afterwords Instrumental,268.447,ZKJJQ56fmrQ,ZKJJQ56fmrQ,0SICC7BcZm8AvXFYK3QA49,
present_same_path,certain,same_path,no,Colonial Puppet/Unknown Album/128 Shima Field - Worries (Destiny Composition Challenge #10).m4a,Shima Field - Worries (Destiny Composition Challenge #10),Colonial Puppet,Colonial Puppet,Unknown Album,302.464,5125632,wbBsFTtK4sg,wbBsFTtK4sg,,,Colonial Puppet/Unknown Album/128 Shima Field - Worries (Destiny Composition Challenge #10).m4a,Shima Field - Worries (Destiny Composition Challenge #10),Colonial Puppet,Colonial Puppet,Unknown Album,302.484,wbBsFTtK4sg,wbBsFTtK4sg,,
present_same_path,certain,same_path,no,KASHIWA Daisuke/Re_RED/07 Sacred Play Secret Place.m4a,Sacred Play Secret Place,KASHIWA Daisuke,KASHIWA Daisuke,Re:RED,356.000,6025176,rcpOoGCuRmQ,rcpOoGCuRmQ,6H0qF2uhISgQcjq53JhHJt,aa72c1d1-ecfc-42eb-9a78-371e8ea765e6,KASHIWA Daisuke/Re_RED/07 Sacred Play Secret Place.m4a,Sacred Play Secret Place,KASHIWA Daisuke,KASHIWA Daisuke,Re:RED,356.021,rcpOoGCuRmQ,rcpOoGCuRmQ,6H0qF2uhISgQcjq53JhHJt,aa72c1d1-ecfc-42eb-9a78-371e8ea765e6
present_same_path,certain,same_path,no,la la larks/Culture Vulture/10 ego-izm.m4a,ego-izm,la la larks,la la larks,Culture Vulture,229.000,3983698,Je3tsfHI_iw,Je3tsfHI_iw,0fcbybCv0SGQiXazXqDD9R,8f1ca5a7-9af3-427d-9064-6915208fee0f,la la larks/Culture Vulture/10 ego-izm.m4a,ego-izm,la la larks,la la larks,Culture Vulture,229.021,Je3tsfHI_iw,Je3tsfHI_iw,0fcbybCv0SGQiXazXqDD9R,8f1ca5a7-9af3-427d-9064-6915208fee0f
present_same_path,certain,same_path,no,la la larks/Culture Vulture/02 色彩 -Album Ver.- - Shikisai -Album Ver.-.m4a,色彩 -Album Ver.- - Shikisai -Album Ver.-,la la larks,la la larks,Culture Vulture,272.494,4665800,IMq2zPfZ5jc,IMq2zPfZ5jc,3soZEQKCYsFcr1w2A4nP0r,29183634-e35f-4e1f-8690-0d677793785b,la la larks/Culture Vulture/02 色彩 -Album Ver.- - Shikisai -Album Ver.-.m4a,色彩 -Album Ver.- - Shikisai -Album Ver.-,la la larks,la la larks,Culture Vulture,272.515,IMq2zPfZ5jc,IMq2zPfZ5jc,3soZEQKCYsFcr1w2A4nP0r,29183634-e35f-4e1f-8690-0d677793785b
present_same_path,certain,same_path,no,ToyJoy/city/01 星に願いを - Hoshi ni negaiwo.m4a,星に願いを - Hoshi ni negaiwo,ToyJoy,ToyJoy,city,291.159,5069460,3ygEDKszeH8,6_A3QoJZigY,4arErJjifidxQWJlYA2OZ0,7f7a70b7-16ce-4505-a462-b791435ba538,ToyJoy/city/01 星に願いを - Hoshi ni negaiwo.m4a,星に願いを - Hoshi ni negaiwo,ToyJoy,ToyJoy,city,291.173,3ygEDKszeH8,6_A3QoJZigY,4arErJjifidxQWJlYA2OZ0,7f7a70b7-16ce-4505-a462-b791435ba538
present_same_path,certain,same_path,no,cinema staff/BEST OF THE SUPER CINEMA 2008-2011_2012-2019/835 cinema staff「斜陽」MV.m4a,cinema staff「斜陽」MV,cinema staff,cinema staff,BEST OF THE SUPER CINEMA 2008-2011/2012-2019,288.726,4811222,6itD3vhVK3U,6itD3vhVK3U,,5209681f-fa39-4a5e-9fde-3de8e0a611ee,cinema staff/BEST OF THE SUPER CINEMA 2008-2011_2012-2019/835 cinema staff「斜陽」MV.m4a,cinema staff「斜陽」MV,cinema staff,cinema staff,BEST OF THE SUPER CINEMA 2008-2011/2012-2019,288.747,6itD3vhVK3U,6itD3vhVK3U,,5209681f-fa39-4a5e-9fde-3de8e0a611ee
present_same_path,certain,same_path,no,cinema staff/BEST OF THE SUPER CINEMA 2008-2011_2012-2019/27 cinema staff _ GATE 【Official Music Video】.m4a,cinema staff / GATE 【Official Music Video】,cinema staff,cinema staff,Best Of The Super Cinema 2008-2011/2012-2019,323.374,5304878,7SiNvDSi03Q,VliFmL_K9yg,,849313df-9450-4cc9-8550-155aba76eec2,cinema staff/BEST OF THE SUPER CINEMA 2008-2011_2012-2019/27 cinema staff _ GATE 【Official Music Video】.m4a,cinema staff / GATE 【Official Music Video】,cinema staff,cinema staff,Best Of The Super Cinema 2008-2011/2012-2019,323.395,7SiNvDSi03Q,VliFmL_K9yg,,849313df-9450-4cc9-8550-155aba76eec2
present_same_path,certain,same_path,no,cinema staff/Unknown Album/837 岐路 - Kiro.m4a,岐路 - Kiro,cinema staff,cinema staff,Unknown Album,223.818,3351186,GiV0ea8bcSU,GiV0ea8bcSU,17t6acsp6qAo3zrvTVJvXr,,cinema staff/Unknown Album/837 岐路 - Kiro.m4a,岐路 - Kiro,cinema staff,cinema staff,Unknown Album,223.838,GiV0ea8bcSU,GiV0ea8bcSU,17t6acsp6qAo3zrvTVJvXr,
present_same_path,certain,same_path,no,cinema staff/西南西の虹/01 西南西の虹.m4a,西南西の虹,cinema staff,cinema staff,西南西の虹,180.861,2933186,rZj3JMbvH1Y,2cFtpyUcHFI,,a8ef2149-40c5-49d3-916e-b87a47a6472b,cinema staff/西南西の虹/01 西南西の虹.m4a,西南西の虹,cinema staff,cinema staff,西南西の虹,180.882,rZj3JMbvH1Y,2cFtpyUcHFI,,a8ef2149-40c5-49d3-916e-b87a47a6472b
present_same_path,certain,same_path,no,cinema staff/Document/01 Amk Hollic.m4a,Amk Hollic,Cinema Staff,Cinema Staff,Document,248.694,4445432,1jGnfSeLuMM,BClcf474IV0,0rbSosvgeihzLvzITwvlPc,5d2efdbc-0f82-47ff-89a4-67c00c2857b7,cinema staff/Document/01 Amk Hollic.m4a,Amk Hollic,Cinema Staff,Cinema Staff,Document,248.715,1jGnfSeLuMM,BClcf474IV0,0rbSosvgeihzLvzITwvlPc,5d2efdbc-0f82-47ff-89a4-67c00c2857b7
present_same_path,certain,same_path,no,Citrobal/My Caution Line/06 Celluloid.m4a,Celluloid,Citrobal,Citrobal,My Caution Line,282.707,4780134,PoYqp7CHpYw,PoYqp7CHpYw,4QtU4LLvHtfpvE64kpGKce,e00c3add-ac0e-4a90-b233-ddb82e31c31b,Citrobal/My Caution Line/06 Celluloid.m4a,Celluloid,Citrobal,Citrobal,My Caution Line,282.728,PoYqp7CHpYw,PoYqp7CHpYw,4QtU4LLvHtfpvE64kpGKce,e00c3add-ac0e-4a90-b233-ddb82e31c31b
present_same_path,certain,same_path,no,Salyu/Landmark/03 Valon-1.m4a,Valon-1,Salyu,Salyu,Landmark,307.008,5137129,xJ1N5jdNZwk,q8y96JAHdoU,35Cky7GhwyRtZjcw9xzBaQ,976977a8-ced2-423d-949e-9ffad4533ab8,Salyu/Landmark/03 Valon-1.m4a,Valon-1,Salyu,Salyu,Landmark,307.022,xJ1N5jdNZwk,q8y96JAHdoU,35Cky7GhwyRtZjcw9xzBaQ,976977a8-ced2-423d-949e-9ffad4533ab8
present_same_path,certain,same_path,no,bohemianvoodoo/SCENES/01 Adria Blue.m4a,Adria Blue,bohemianvoodoo,bohemianvoodoo,SCENES,312.488,5325404,gjDrEdEzfQc,zTm47ZhrCFo,1SXCqRGouxl6QyBwqdYdZL,344abfa5-7877-4415-91d8-a3887f31a87a,bohemianvoodoo/SCENES/01 Adria Blue.m4a,Adria Blue,bohemianvoodoo,bohemianvoodoo,SCENES,312.502,gjDrEdEzfQc,zTm47ZhrCFo,1SXCqRGouxl6QyBwqdYdZL,344abfa5-7877-4415-91d8-a3887f31a87a
present_same_path,certain,same_path,no,SAKEROCK/SAYONARA/10 Sayonara.m4a,Sayonara,SAKEROCK,SAKEROCK,SAYONARA,229.528,3947605,_uNmfLh71TQ,Gbz3MvOTXx0,2ZtS4FkV379Nv0jSw4biNP,306142e4-7f94-4bba-aa8d-49b4c44e5d19,SAKEROCK/SAYONARA/10 Sayonara.m4a,Sayonara,SAKEROCK,SAKEROCK,SAYONARA,229.542,_uNmfLh71TQ,Gbz3MvOTXx0,2ZtS4FkV379Nv0jSw4biNP,306142e4-7f94-4bba-aa8d-49b4c44e5d19
present_same_path,certain,same_path,no,OisicleMelonpan/indoor/02 look at the sea.m4a,look at the sea,OisicleMelonpan,OisicleMelonpan,indoor,207.520,3540407,VtqnjYMdCAQ,wHqNqc_rdSc,3NL9vhW3losGqQw6O2n08Y,,OisicleMelonpan/indoor/02 look at the sea.m4a,look at the sea,OisicleMelonpan,OisicleMelonpan,indoor,207.541,VtqnjYMdCAQ,wHqNqc_rdSc,3NL9vhW3losGqQw6O2n08Y,
present_same_path,certain,same_path,no,OisicleMelonpan/thirsty/01 色水 - iromizu.m4a,色水 - iromizu,OisicleMelonpan,OisicleMelonpan,thirsty,216.630,3753982,RXKsBPv9BMk,xoLxhaTxQQo,,,OisicleMelonpan/thirsty/01 色水 - iromizu.m4a,色水 - iromizu,OisicleMelonpan,OisicleMelonpan,thirsty,216.651,RXKsBPv9BMk,xoLxhaTxQQo,,
present_same_path,certain,same_path,no,OisicleMelonpan/answer/03 マテリアル - material.m4a,マテリアル - material,OisicleMelonpan,OisicleMelonpan,answer,198.034,3533690,H2PyYFi7UX0,0SB3taeMlmI,,,OisicleMelonpan/answer/03 マテリアル - material.m4a,マテリアル - material,OisicleMelonpan,OisicleMelonpan,answer,198.055,H2PyYFi7UX0,0SB3taeMlmI,,
present_same_path,certain,same_path,no,Funeral Diner/Bag of Holding/02 I Was the Sword.m4a,I Was the Sword,Funeral Diner,Funeral Diner,Bag of Holding,346.848,5907774,CYRMB2DT24M,n_Nvj-VFqF4,0qazxP5gIyWm77OeKaRSii,463869ef-1643-476a-b0f9-dac55e38f6b8,Funeral Diner/Bag of Holding/02 I Was the Sword.m4a,I Was the Sword,Funeral Diner,Funeral Diner,Bag of Holding,346.862,CYRMB2DT24M,n_Nvj-VFqF4,0qazxP5gIyWm77OeKaRSii,463869ef-1643-476a-b0f9-dac55e38f6b8
present_same_path,certain,same_path,no,Arknights Official - Yostar/Unknown Album/49 Arknights EP - [Requiem].m4a,Arknights EP - [Requiem],Arknights Official - Yostar,Arknights Official - Yostar,Unknown Album,261.736,4404833,WTZ5VSmPU9Q,WTZ5VSmPU9Q,,,Arknights Official - Yostar/Unknown Album/49 Arknights EP - [Requiem].m4a,Arknights EP - [Requiem],Arknights Official - Yostar,Arknights Official - Yostar,Unknown Album,261.757,WTZ5VSmPU9Q,WTZ5VSmPU9Q,,
present_same_path,certain,same_path,no,EVISBEATS/ムスヒ/182 夢の続き - Yumenotsuduki (feat. Dengaryu).m4a,夢の続き - Yumenotsuduki (feat. Dengaryu),EVISBEATS,EVISBEATS,ムスヒ,308.310,5232697,DDqqW0amAlg,DDqqW0amAlg,,21e0d2c3-dbe7-4c3b-8aa6-67ee2163c1e8,EVISBEATS/ムスヒ/182 夢の続き - Yumenotsuduki (feat. Dengaryu).m4a,夢の続き - Yumenotsuduki (feat. Dengaryu),EVISBEATS,EVISBEATS,ムスヒ,308.331,DDqqW0amAlg,DDqqW0amAlg,,21e0d2c3-dbe7-4c3b-8aa6-67ee2163c1e8
present_same_path,certain,same_path,no,sonicbrat/Stranger to My Room/11 A Matter of Time.m4a,A Matter of Time,sonicbrat,sonicbrat,Stranger to My Room,311.008,5273427,Ri2SEckMNkM,9wgZWAbG7rw,7pz4JsKnin7ltucp746URk,8654de35-7869-4a28-9b32-b8176da1153c,sonicbrat/Stranger to My Room/11 A Matter of Time.m4a,A Matter of Time,sonicbrat,sonicbrat,Stranger to My Room,311.022,Ri2SEckMNkM,9wgZWAbG7rw,7pz4JsKnin7ltucp746URk,8654de35-7869-4a28-9b32-b8176da1153c
present_same_path,certain,same_path,no,konore/TATA/931 chinese butter.m4a,chinese butter,konore,konore,TATA,209.846,3552466,gwMRWjNMniw,gwMRWjNMniw,3dg81jKPzZy5HF5iGnWlrr,,konore/TATA/931 chinese butter.m4a,chinese butter,konore,konore,TATA,209.867,gwMRWjNMniw,gwMRWjNMniw,3dg81jKPzZy5HF5iGnWlrr,
present_same_path,certain,same_path,no,rustledmyjimmiess/Unknown Album/1007 Tears of Mars - Sojourn (The Cat Lady).m4a,Tears of Mars - Sojourn (The Cat Lady),rustledmyjimmiess,rustledmyjimmiess,Unknown Album,295.446,5060178,4vYLaBodeHs,4vYLaBodeHs,,,rustledmyjimmiess/Unknown Album/1007 Tears of Mars - Sojourn (The Cat Lady).m4a,Tears of Mars - Sojourn (The Cat Lady),rustledmyjimmiess,rustledmyjimmiess,Unknown Album,295.467,4vYLaBodeHs,4vYLaBodeHs,,
present_same_path,certain,same_path,no,Caspian/Dust and Disquiet/10 Dust and Disquiet.m4a,Dust and Disquiet,Caspian,Caspian,Dust and Disquiet,685.960,11339767,fmFCUiC5uqA,aBwIimyrwZI,0a1I4EhDV3s19YKHd2edDk,c0fb844f-1774-4f0d-82e4-1031cd00c67e,Caspian/Dust and Disquiet/10 Dust and Disquiet.m4a,Dust and Disquiet,Caspian,Caspian,Dust and Disquiet,685.981,fmFCUiC5uqA,aBwIimyrwZI,0a1I4EhDV3s19YKHd2edDk,c0fb844f-1774-4f0d-82e4-1031cd00c67e
present_same_path,certain,same_path,no,out1190/Unknown Album/980 Last Train Home.m4a,Last Train Home,out1190,out1190,Unknown Album,341.508,5794194,oG7jKUHsLfY,oG7jKUHsLfY,3RtVNyi2dOUjvffDUvo21a,,out1190/Unknown Album/980 Last Train Home.m4a,Last Train Home,out1190,out1190,Unknown Album,341.529,oG7jKUHsLfY,oG7jKUHsLfY,3RtVNyi2dOUjvffDUvo21a,
present_same_path,certain,same_path,no,La Femme/Paradigmes/03 Cool Colorado.m4a,Cool Colorado,La Femme,La Femme,Paradigmes,232.480,4079657,LcB37w3Aou8,f2jv-QWY5e0,6lbkdQ51nx1XPMGoiG3BZ6,f1a2f413-959a-4f1e-ae16-4a92508c6c56,La Femme/Paradigmes/03 Cool Colorado.m4a,Cool Colorado,La Femme,La Femme,Paradigmes,232.501,LcB37w3Aou8,f2jv-QWY5e0,6lbkdQ51nx1XPMGoiG3BZ6,f1a2f413-959a-4f1e-ae16-4a92508c6c56
present_same_path,certain,same_path,no,The Tony Danza Tapdance Extravaganza/Danza 4_ The Alpha- the Omega/12 The Alpha the Omega.m4a,The Alpha the Omega,The Tony Danza Tapdance Extravaganza,The Tony Danza Tapdance Extravaganza,Danza 4: The Alpha- the Omega,196.035,3684561,TAN_V6BXMcE,PNvTeHBGBnE,4HsqSwdZLhZZXDsPPEK4p1,,The Tony Danza Tapdance Extravaganza/Danza 4_ The Alpha- the Omega/12 The Alpha the Omega.m4a,The Alpha the Omega,The Tony Danza Tapdance Extravaganza,The Tony Danza Tapdance Extravaganza,Danza 4: The Alpha- the Omega,196.048,TAN_V6BXMcE,PNvTeHBGBnE,4HsqSwdZLhZZXDsPPEK4p1,
present_same_path,certain,same_path,no,Daphne Loves Derby/On The Strength Of All Convinced/06 Kirby.m4a,Kirby,Daphne Loves Derby,Daphne Loves Derby,On The Strength Of All Convinced,210.728,3671776,4JrVVB0Hz54,iEGv7pPI89w,3YbYasXmwVmUUoX6Abo6oO,2a74cd14-44b5-4295-861a-bc2e9250e22a,Daphne Loves Derby/On The Strength Of All Convinced/06 Kirby.m4a,Kirby,Daphne Loves Derby,Daphne Loves Derby,On The Strength Of All Convinced,210.742,4JrVVB0Hz54,iEGv7pPI89w,3YbYasXmwVmUUoX6Abo6oO,2a74cd14-44b5-4295-861a-bc2e9250e22a
present_same_path,certain,same_path,no,Yuu Miyashita/Unknown Album/796 キルマー 歌ってみた／宮下遊.m4a,キルマー　歌ってみた／宮下遊,Yuu Miyashita,Yuu Miyashita,Unknown Album,213.880,3668391,g_ryxSMlouo,g_ryxSMlouo,,,Yuu Miyashita/Unknown Album/796 キルマー 歌ってみた／宮下遊.m4a,キルマー　歌ってみた／宮下遊,Yuu Miyashita,Yuu Miyashita,Unknown Album,213.900,g_ryxSMlouo,g_ryxSMlouo,,
present_same_path,certain,same_path,no,Omoinotake/EVERBLUE/498 EVERBLUE.m4a,EVERBLUE,Omoinotake,Omoinotake,EVERBLUE,239.494,4548053,VGWAkXfG0Mk,VGWAkXfG0Mk,7FUOFvIWDp4QNZTNU0HGgH,1eea9878-b2a2-4649-896d-7d09a2db331c,Omoinotake/EVERBLUE/498 EVERBLUE.m4a,EVERBLUE,Omoinotake,Omoinotake,EVERBLUE,239.515,VGWAkXfG0Mk,VGWAkXfG0Mk,7FUOFvIWDp4QNZTNU0HGgH,1eea9878-b2a2-4649-896d-7d09a2db331c
present_same_path,certain,same_path,no,Omoinotake/Moratorium/01 モラトリアム - Moratorium.m4a,モラトリアム - Moratorium,Omoinotake,Omoinotake,Moratorium,287.393,5003318,C50EsUARJfc,YE_lEp_KzcU,0proC0WvQ4SIMZZrwV7CSR,31b8b46f-197a-4a54-88bc-d84a301897cc,Omoinotake/Moratorium/01 モラトリアム - Moratorium.m4a,モラトリアム - Moratorium,Omoinotake,Omoinotake,Moratorium,287.406,C50EsUARJfc,YE_lEp_KzcU,0proC0WvQ4SIMZZrwV7CSR,31b8b46f-197a-4a54-88bc-d84a301897cc
present_same_path,certain,same_path,no,Omoinotake/One Day/01 One Day.m4a,One Day,Omoinotake,Omoinotake,One Day,222.280,3793782,HxedVG0rzA8,yOfybdZkM2Q,6HSQLDj90L7jOnfdDDdRgc,56d9d011-a5af-491f-b39e-6808c6d4826a,Omoinotake/One Day/01 One Day.m4a,One Day,Omoinotake,Omoinotake,One Day,222.294,HxedVG0rzA8,yOfybdZkM2Q,6HSQLDj90L7jOnfdDDdRgc,56d9d011-a5af-491f-b39e-6808c6d4826a
present_same_path,certain,same_path,no,Weezer/Weezer (Red Album)/03 Pork And Beans.m4a,Pork And Beans,Weezer,Weezer,Weezer (Red Album),189.400,3323599,PQHPYelqr0E,FY-WftMUQ94,7wclPheMJAUKn2njmO2s3A,a7e91343-6370-4314-9938-317a71fd35fd,Weezer/Weezer (Red Album)/03 Pork And Beans.m4a,Pork And Beans,Weezer,Weezer,Weezer (Red Album),189.421,PQHPYelqr0E,FY-WftMUQ94,7wclPheMJAUKn2njmO2s3A,a7e91343-6370-4314-9938-317a71fd35fd
present_same_path,certain,same_path,no,Weezer/Weezer (Blue Album)/05 Undone - The Sweater Song.m4a,Undone - The Sweater Song,Weezer,Weezer,Weezer (Blue Album),305.541,5159380,LHQqqM5sr7g,ONhfmrKJ5kE,2NUPVqW60lxzCSCreGNZSz,21c1b31e-1da1-4e4e-8afe-41153d79624e,Weezer/Weezer (Blue Album)/05 Undone - The Sweater Song.m4a,Undone - The Sweater Song,Weezer,Weezer,Weezer (Blue Album),305.555,LHQqqM5sr7g,ONhfmrKJ5kE,2NUPVqW60lxzCSCreGNZSz,21c1b31e-1da1-4e4e-8afe-41153d79624e
present_same_path,certain,same_path,no,Weezer/Weezer (Deluxe Edition _ Blue Album)/07 Say It Ain't So.m4a,Say It Ain't So,Weezer,Weezer,Weezer (Deluxe Edition / Blue Album),258.854,4423775,ENXvZ9YRjbo,4neXNZyChkY,56MEbUIvvfEEkLIl51wxGD,13cf483e-9ecc-4625-ac3f-49fdbf17db8e,Weezer/Weezer (Deluxe Edition _ Blue Album)/07 Say It Ain't So.m4a,Say It Ain't So,Weezer,Weezer,Weezer (Deluxe Edition / Blue Album),258.875,ENXvZ9YRjbo,4neXNZyChkY,56MEbUIvvfEEkLIl51wxGD,13cf483e-9ecc-4625-ac3f-49fdbf17db8e
present_same_path,certain,same_path,no,神山 羊/YELLOW/01 YELLOW.m4a,YELLOW,神山 羊,神山 羊,YELLOW,178.714,3077276,1_lap6dzSUc,waYhTInn7GU,6oLejuhWNQf76ydBbtLrT9,69389189-2192-441a-bcbb-af3f61feb451,神山 羊/YELLOW/01 YELLOW.m4a,YELLOW,神山 羊,神山 羊,YELLOW,178.734,1_lap6dzSUc,waYhTInn7GU,6oLejuhWNQf76ydBbtLrT9,69389189-2192-441a-bcbb-af3f61feb451
present_same_path,certain,same_path,no,Yukiguni/pothos/05 東京 - Tokyo.m4a,東京 - Tokyo,Yukiguni,Yukiguni,pothos,311.201,5199218,0Wv0cx0UCFo,0Wv0cx0UCFo,79kZ3Bw4TqU5WVolM1iEuG,,Yukiguni/pothos/05 東京 - Tokyo.m4a,東京 - Tokyo,Yukiguni,Yukiguni,pothos,311.222,0Wv0cx0UCFo,0Wv0cx0UCFo,79kZ3Bw4TqU5WVolM1iEuG,
present_same_path,certain,same_path,no,Blumepopo/hana-wo-okuru/93 花を贈る - hana-wo-okuru.m4a,花を贈る - hana-wo-okuru,Blumepopo,Blumepopo,hana-wo-okuru,226.574,3993764,mxwH-bMsL-0,mxwH-bMsL-0,,,Blumepopo/hana-wo-okuru/93 花を贈る - hana-wo-okuru.m4a,花を贈る - hana-wo-okuru,Blumepopo,Blumepopo,hana-wo-okuru,226.595,mxwH-bMsL-0,mxwH-bMsL-0,,
present_same_path,certain,same_path,no,Blumepopo/Tougenkyou/01 逃現郷 - Tougenkyou.m4a,逃現郷 - Tougenkyou,Blumepopo,Blumepopo,Tougenkyou,196.160,3318102,7p-OyBoLgjI,7p-OyBoLgjI,,,Blumepopo/Tougenkyou/01 逃現郷 - Tougenkyou.m4a,逃現郷 - Tougenkyou,Blumepopo,Blumepopo,Tougenkyou,196.181,7p-OyBoLgjI,7p-OyBoLgjI,,
present_same_path,certain,same_path,no,We are the Music Makers/Unknown Album/775 Kazumasa Hashimoto - Londo.m4a,Kazumasa Hashimoto - Londo,We are the Music Makers,We are the Music Makers,Unknown Album,286.848,4777702,lGgrgJ_ET9w,lGgrgJ_ET9w,,,We are the Music Makers/Unknown Album/775 Kazumasa Hashimoto - Londo.m4a,Kazumasa Hashimoto - Londo,We are the Music Makers,We are the Music Makers,Unknown Album,286.869,lGgrgJ_ET9w,lGgrgJ_ET9w,,
present_same_path,certain,same_path,no,East Of Eden/Evolve [Extended Version]/01 Evolve [Extended Version].m4a,Evolve [Extended Version],East Of Eden,East Of Eden,Evolve [Extended Version],399.334,6860293,pOxVFsQHdHo,pOxVFsQHdHo,0bEyWxucWNnGzl4DY9oQBb,4b0c0382-bb93-41cb-b9ec-f2feb8d38099,East Of Eden/Evolve [Extended Version]/01 Evolve [Extended Version].m4a,Evolve [Extended Version],East Of Eden,East Of Eden,Evolve [Extended Version],399.355,pOxVFsQHdHo,pOxVFsQHdHo,0bEyWxucWNnGzl4DY9oQBb,4b0c0382-bb93-41cb-b9ec-f2feb8d38099
present_same_path,certain,same_path,no,East Of Eden/The First Eden - Seeds Of Hope (Selected Edition)/186 IKIZAMA.m4a,IKIZAMA,East Of Eden,East Of Eden,The First Eden - Seeds Of Hope (Selected Edition),231.774,4187890,MYVcuStMUBI,MYVcuStMUBI,5yppaWzGbOvKS2Wik6oWUk,90a4da35-c22c-4798-aba7-6fe652a62311,East Of Eden/The First Eden - Seeds Of Hope (Selected Edition)/186 IKIZAMA.m4a,IKIZAMA,East Of Eden,East Of Eden,The First Eden - Seeds Of Hope (Selected Edition),231.795,MYVcuStMUBI,MYVcuStMUBI,5yppaWzGbOvKS2Wik6oWUk,90a4da35-c22c-4798-aba7-6fe652a62311
present_same_path,certain,same_path,no,futuresworld/Unknown Album/867 八十八ヶ所巡礼 (88kasyo junrei) - 赤い衝動-R.I.P-.m4a,八十八ヶ所巡礼 (88kasyo junrei) - 赤い衝動-R.I.P-,futuresworld,futuresworld,Unknown Album,320.018,5384508,D53SE9-4GcY,D53SE9-4GcY,,,futuresworld/Unknown Album/867 八十八ヶ所巡礼 (88kasyo junrei) - 赤い衝動-R.I.P-.m4a,八十八ヶ所巡礼 (88kasyo junrei) - 赤い衝動-R.I.P-,futuresworld,futuresworld,Unknown Album,320.039,D53SE9-4GcY,D53SE9-4GcY,,
present_same_path,certain,same_path,no,Lucky Old Sun/mad&cute/01 深夜テンション - Shinya Tension.m4a,深夜テンション - Shinya Tension,Lucky Old Sun,Lucky Old Sun,mad&cute,240.315,4125694,dSxZLpkYJE0,dSxZLpkYJE0,7DBx0f7cSkQqyEp2syAo3K,,Lucky Old Sun/mad&cute/01 深夜テンション - Shinya Tension.m4a,深夜テンション - Shinya Tension,Lucky Old Sun,Lucky Old Sun,mad&cute,240.336,dSxZLpkYJE0,dSxZLpkYJE0,7DBx0f7cSkQqyEp2syAo3K,
present_same_path,certain,same_path,no,LUCKY TAPES/BLUE/01 BLUE feat. kojikoji (feat. kojikoji).m4a,BLUE feat. kojikoji (feat. kojikoji),LUCKY TAPES,LUCKY TAPES,BLUE,207.043,3907291,YnnryUwfSE0,YnnryUwfSE0,26Ld7eaE0BYwZVfnE1ZFPL,,LUCKY TAPES/BLUE/01 BLUE feat. kojikoji (feat. kojikoji).m4a,BLUE feat. kojikoji (feat. kojikoji),LUCKY TAPES,LUCKY TAPES,BLUE,207.064,YnnryUwfSE0,YnnryUwfSE0,26Ld7eaE0BYwZVfnE1ZFPL,
present_same_path,certain,same_path,no,r3dn3f/Unknown Album/989 Seikima II-FIRE AFTER FIRE live.m4a,Seikima II-FIRE AFTER FIRE live,r3dn3f,r3dn3f,Unknown Album,335.215,5644972,0e6gJ04KmBQ,0e6gJ04KmBQ,,,r3dn3f/Unknown Album/989 Seikima II-FIRE AFTER FIRE live.m4a,Seikima II-FIRE AFTER FIRE live,r3dn3f,r3dn3f,Unknown Album,335.236,0e6gJ04KmBQ,0e6gJ04KmBQ,,
present_same_path,certain,same_path,no,嘘とカメレオン/ヲトシアナ/11 されど奇術師は賽を振る.m4a,されど奇術師は賽を振る,嘘とカメレオン,嘘とカメレオン,ヲトシアナ,208.981,3563293,lscuxZT45Io,z4blkw7TKKA,5CV4RM1N1LcVUzNIzuGG1o,7b4335e2-6b74-4eab-aa60-e26ce7337cd2,嘘とカメレオン/ヲトシアナ/11 されど奇術師は賽を振る.m4a,されど奇術師は賽を振る,嘘とカメレオン,嘘とカメレオン,ヲトシアナ,208.995,lscuxZT45Io,z4blkw7TKKA,5CV4RM1N1LcVUzNIzuGG1o,7b4335e2-6b74-4eab-aa60-e26ce7337cd2
present_same_path,certain,same_path,no,Sonder/What You Heard/01 What You Heard.m4a,What You Heard,Sonder,Sonder,What You Heard,238.243,4367727,NomGdaA-g0w,NomGdaA-g0w,3a3dQOO19moXPeTt2PomoT,80a2a6f8-c10d-4c99-be8d-28499ef269ee,Sonder/What You Heard/01 What You Heard.m4a,What You Heard,Sonder,Sonder,What You Heard,238.264,NomGdaA-g0w,NomGdaA-g0w,3a3dQOO19moXPeTt2PomoT,80a2a6f8-c10d-4c99-be8d-28499ef269ee
present_same_path,certain,same_path,no,ヵャ/Unknown Album/1350 いきのこり●ぼくら.m4a,いきのこり●ぼくら,ヵャ,ヵャ,Unknown Album,380.773,6426651,J9-6WQ7VZZI,J9-6WQ7VZZI,6ad7bQ48TlqAgebCExUJVe,,ヵャ/Unknown Album/1350 いきのこり●ぼくら.m4a,いきのこり●ぼくら,ヵャ,ヵャ,Unknown Album,380.794,J9-6WQ7VZZI,J9-6WQ7VZZI,6ad7bQ48TlqAgebCExUJVe,
present_same_path,certain,same_path,no,Drop's/organ/04 こわして - Kowashite.m4a,こわして - Kowashite,Drop's,Drop's,organ,255.888,4313471,SSezc2jhPcI,j7YADGRZwWc,291AUjOGPBhNm4ImO7qk7i,5ee02d4f-3487-41a0-baea-7bd697926807,Drop's/organ/04 こわして - Kowashite.m4a,こわして - Kowashite,Drop's,Drop's,organ,255.902,SSezc2jhPcI,j7YADGRZwWc,291AUjOGPBhNm4ImO7qk7i,5ee02d4f-3487-41a0-baea-7bd697926807
present_same_path,certain,same_path,no,Drop's/Tiny Ground/01 Tシャツと涙 - T-Shirt to Namida.m4a,Tシャツと涙 - T-Shirt to Namida,Drop's,Drop's,Tiny Ground,214.701,3644017,DWM1D7Z5a8M,6QM9LmVPO0E,,24cdc30b-ce3a-44d4-b4dc-1551216419c3,Drop's/Tiny Ground/01 Tシャツと涙 - T-Shirt to Namida.m4a,Tシャツと涙 - T-Shirt to Namida,Drop's,Drop's,Tiny Ground,214.715,DWM1D7Z5a8M,6QM9LmVPO0E,,24cdc30b-ce3a-44d4-b4dc-1551216419c3
present_same_path,certain,same_path,no,Douglas Azzevedo./Unknown Album/175 Gang Jah Mind - Roots Rai Reggae.m4a,Gang Jah Mind - Roots Rai Reggae,Douglas Azzevedo.,Douglas Azzevedo.,Unknown Album,300.072,5095696,ztjiok3BNJg,ztjiok3BNJg,,,Douglas Azzevedo./Unknown Album/175 Gang Jah Mind - Roots Rai Reggae.m4a,Gang Jah Mind - Roots Rai Reggae,Douglas Azzevedo.,Douglas Azzevedo.,Unknown Album,300.093,ztjiok3BNJg,ztjiok3BNJg,,
present_same_path,certain,same_path,no,KOTORI/CLEAR/05 RED.m4a,RED,KOTORI,KOTORI,CLEAR,279.707,4702881,QSTY2AODhNM,QSTY2AODhNM,1jO8VMzKMMzWFpnnw5GNfD,5f91f83b-d7ef-4b0c-9c77-0e3c2a264438,KOTORI/CLEAR/05 RED.m4a,RED,KOTORI,KOTORI,CLEAR,279.728,QSTY2AODhNM,QSTY2AODhNM,1jO8VMzKMMzWFpnnw5GNfD,5f91f83b-d7ef-4b0c-9c77-0e3c2a264438
present_same_path,certain,same_path,no,04 Limited Sazabys/Monolith/01 monolith.m4a,monolith,04 Limited Sazabys,04 Limited Sazabys,Monolith,178.520,3130796,8HrcVdrj-Eg,VdMpN5O_bf4,2f73JwOQWW8HZFCSs5LcrQ,5184a2ae-41af-496b-bb13-aa7454c5a398,04 Limited Sazabys/Monolith/01 monolith.m4a,monolith,04 Limited Sazabys,04 Limited Sazabys,Monolith,178.541,8HrcVdrj-Eg,VdMpN5O_bf4,2f73JwOQWW8HZFCSs5LcrQ,5184a2ae-41af-496b-bb13-aa7454c5a398
remote_only_no_equivalent,unmatched,no_equivalent_found,no,"ASIAN KUNG-FU GENERATION/Landmark/07 それでは、また明日 - Well Then, See You Again Tomorrow.m4a","それでは、また明日 - Well Then, See You Again Tomorrow",ASIAN KUNG-FU GENERATION,ASIAN KUNG-FU GENERATION,Landmark,222.507,4106554,gWKZ9E9piXI,qCCV81vGAcs,,bd1a577c-9d74-4b6e-8271-8ef76f35d898,,,,,,,,,,
present_same_path,certain,same_path,no,CreepHyp/CreepHyp Meisakusen/08 左耳 ～スタジオライブ「３・３セッション」 - Hidari Mimi-Studio Live[3 3 Session].m4a,左耳 ～スタジオライブ「３・３セッション」 - Hidari Mimi-Studio Live[3 3 Session],CreepHyp,CreepHyp,CreepHyp Meisakusen,220.137,3963013,mwRarYgaHkk,e2FjjFGHYE8,,,CreepHyp/CreepHyp Meisakusen/08 左耳 ～スタジオライブ「３・３セッション」 - Hidari Mimi-Studio Live[3 3 Session].m4a,左耳 ～スタジオライブ「３・３セッション」 - Hidari Mimi-Studio Live[3 3 Session],CreepHyp,CreepHyp,CreepHyp Meisakusen,220.158,mwRarYgaHkk,e2FjjFGHYE8,,
present_same_path,certain,same_path,no,MAMADRIVE/Delusion Heaven/07 妄想天国 - Delusion Heaven.m4a,妄想天国 - Delusion Heaven,MAMADRIVE,MAMADRIVE,Delusion Heaven,524.774,7387970,oWRPcSl8IzU,oWRPcSl8IzU,,,MAMADRIVE/Delusion Heaven/07 妄想天国 - Delusion Heaven.m4a,妄想天国 - Delusion Heaven,MAMADRIVE,MAMADRIVE,Delusion Heaven,524.795,oWRPcSl8IzU,oWRPcSl8IzU,,
present_same_path,certain,same_path,no,MAMADRIVE/Delusion Heaven/03 Welcome to night.m4a,Welcome to night,MAMADRIVE,MAMADRIVE,Delusion Heaven,183.974,3222936,qJ7yP7tfCJg,qJ7yP7tfCJg,0UdpUYqCvYfyXPCEuiZAJx,32ee1014-42f9-40f1-9488-a69f4ccbc862,MAMADRIVE/Delusion Heaven/03 Welcome to night.m4a,Welcome to night,MAMADRIVE,MAMADRIVE,Delusion Heaven,183.995,qJ7yP7tfCJg,qJ7yP7tfCJg,0UdpUYqCvYfyXPCEuiZAJx,32ee1014-42f9-40f1-9488-a69f4ccbc862
present_same_path,certain,same_path,no,MAMADRIVE/Women's Hole/01 女の穴 - Women's Hole.m4a,女の穴 - Women's Hole,MAMADRIVE,MAMADRIVE,Women's Hole,208.387,3659583,IIRXwnom3H8,IIRXwnom3H8,,31704767-270b-4afe-8de2-50f0a4a5a032,MAMADRIVE/Women's Hole/01 女の穴 - Women's Hole.m4a,女の穴 - Women's Hole,MAMADRIVE,MAMADRIVE,Women's Hole,208.408,IIRXwnom3H8,IIRXwnom3H8,,31704767-270b-4afe-8de2-50f0a4a5a032
present_same_path,certain,same_path,no,Numcha/Unknown Album/491 Merry Midnight (feat. Tseng Kuo Hung).m4a,Merry Midnight (feat. Tseng Kuo Hung),Numcha,Numcha,Unknown Album,333.888,5484642,o3x7crnTf-w,o3x7crnTf-w,,,Numcha/Unknown Album/491 Merry Midnight (feat. Tseng Kuo Hung).m4a,Merry Midnight (feat. Tseng Kuo Hung),Numcha,Numcha,Unknown Album,333.909,o3x7crnTf-w,o3x7crnTf-w,,
present_same_path,certain,same_path,no,fuwari studio（空気公団／山崎ゆかり／ユカリサ）/Unknown Album/868 ユカリサ「いらない」Official Music Video.m4a,ユカリサ「いらない」Official Music Video,fuwari studio（空気公団／山崎ゆかり／ユカリサ）,fuwari studio（空気公団／山崎ゆかり／ユカリサ）,Unknown Album,327.088,5432276,JM2eex_rhP8,JM2eex_rhP8,,,fuwari studio（空気公団／山崎ゆかり／ユカリサ）/Unknown Album/868 ユカリサ「いらない」Official Music Video.m4a,ユカリサ「いらない」Official Music Video,fuwari studio（空気公団／山崎ゆかり／ユカリサ）,fuwari studio（空気公団／山崎ゆかり／ユカリサ）,Unknown Album,327.109,JM2eex_rhP8,JM2eex_rhP8,,
present_same_path,certain,same_path,no,out1film/Unknown Album/981 惑星のかぞえかた／少年少女.m4a,惑星のかぞえかた／少年少女,out1film,out1film,Unknown Album,233.152,3972498,8hb8ycBkxRM,8hb8ycBkxRM,,,out1film/Unknown Album/981 惑星のかぞえかた／少年少女.m4a,惑星のかぞえかた／少年少女,out1film,out1film,Unknown Album,233.173,8hb8ycBkxRM,8hb8ycBkxRM,,
present_same_path,certain,same_path,no,-SKS- ZIGZAG/Unknown Album/01 -真天地開闢集団-ジグザグ「Promise」MV.m4a,-真天地開闢集団-ジグザグ「Promise」MV,-SKS- ZIGZAG,-SKS- ZIGZAG,Unknown Album,240.256,3939074,IsNup-bXLE8,IsNup-bXLE8,,,-SKS- ZIGZAG/Unknown Album/01 -真天地開闢集団-ジグザグ「Promise」MV.m4a,-真天地開闢集団-ジグザグ「Promise」MV,-SKS- ZIGZAG,-SKS- ZIGZAG,Unknown Album,240.277,IsNup-bXLE8,IsNup-bXLE8,,
present_same_path,certain,same_path,no,Alice Phoebe Lou/Witches/01 Witches.m4a,Witches,Alice Phoebe Lou,Alice Phoebe Lou,Witches,195.079,3428922,JuklRMZj7CA,sPuSIyXBdlU,27R1A3WZ5Zv0ywNe0Zunfr,9022cdff-3726-4874-b44d-d95a21b5081b,Alice Phoebe Lou/Witches/01 Witches.m4a,Witches,Alice Phoebe Lou,Alice Phoebe Lou,Witches,195.100,JuklRMZj7CA,sPuSIyXBdlU,27R1A3WZ5Zv0ywNe0Zunfr,9022cdff-3726-4874-b44d-d95a21b5081b
present_same_path,certain,same_path,no,Alice Phoebe Lou/Paper Castles/03 Galaxies.m4a,Galaxies,Alice Phoebe Lou,Alice Phoebe Lou,Paper Castles,308.589,5393661,KvYEsfVZxnI,C1FVP3P7NFM,0oVaev6h0RuK1xjPF4e64P,bde164af-163e-49a1-8574-9ee4dfdf1283,Alice Phoebe Lou/Paper Castles/03 Galaxies.m4a,Galaxies,Alice Phoebe Lou,Alice Phoebe Lou,Paper Castles,308.610,KvYEsfVZxnI,C1FVP3P7NFM,0oVaev6h0RuK1xjPF4e64P,bde164af-163e-49a1-8574-9ee4dfdf1283
present_same_path,certain,same_path,no,cotoba/sin swims/849 contigo.m4a,contigo,cotoba,cotoba,sin swims,172.789,3075588,cg-z2rIol8Q,cg-z2rIol8Q,6KFlExjzZqu5vpsrRHntpU,,cotoba/sin swims/849 contigo.m4a,contigo,cotoba,cotoba,sin swims,172.810,cg-z2rIol8Q,cg-z2rIol8Q,6KFlExjzZqu5vpsrRHntpU,
present_same_path,certain,same_path,no,cotoba/sin swims/04 away home (short version).m4a,away home (short version),cotoba,cotoba,sin swims,202.487,3567265,YtPbS3RL_Oc,YtPbS3RL_Oc,7cmKOcNQTdTBL2lMBjlkyM,,cotoba/sin swims/04 away home (short version).m4a,away home (short version),cotoba,cotoba,sin swims,202.508,YtPbS3RL_Oc,YtPbS3RL_Oc,7cmKOcNQTdTBL2lMBjlkyM,
present_same_path,certain,same_path,no,Covet/nero/01 nero.m4a,nero,Covet,Covet,nero,397.808,7156636,8a-GGIQlBns,5ALIreqKAEc,5T5RWyueGVOFIGnIRn81z4,289d9b00-8fa5-4da8-a262-c307f75902e1,Covet/nero/01 nero.m4a,nero,Covet,Covet,nero,397.822,8a-GGIQlBns,5ALIreqKAEc,5T5RWyueGVOFIGnIRn81z4,289d9b00-8fa5-4da8-a262-c307f75902e1
present_same_path,certain,same_path,no,Covet/parachute/01 parachute.m4a,parachute,Covet,Covet,parachute,373.858,6511425,V-lpxJA-AjA,rIoy9HYZqgY,4qk9PaFeiMTxCA67UyCIQb,306524f1-b3a6-4058-8a70-8f8c4098b203,Covet/parachute/01 parachute.m4a,parachute,Covet,Covet,parachute,373.879,V-lpxJA-AjA,rIoy9HYZqgY,4qk9PaFeiMTxCA67UyCIQb,306524f1-b3a6-4058-8a70-8f8c4098b203
present_same_path,certain,same_path,no,harenuki/今夜誰も待たない/01 今夜誰も待たない.m4a,今夜誰も待たない,harenuki,harenuki,今夜誰も待たない,347.376,5872041,Mu6NbJKYEZU,Mu6NbJKYEZU,25s2CvXfczJhIBM0b5Zgne,,harenuki/今夜誰も待たない/01 今夜誰も待たない.m4a,今夜誰も待たない,harenuki,harenuki,今夜誰も待たない,347.396,Mu6NbJKYEZU,Mu6NbJKYEZU,25s2CvXfczJhIBM0b5Zgne,
present_same_path,certain,same_path,no,harenuki/届かない蒼/01 届かない蒼.m4a,届かない蒼,harenuki,harenuki,届かない蒼,339.270,5639844,WFGGDqjjj4I,WFGGDqjjj4I,2djZyZRmEIt0fs7lv87l8K,,harenuki/届かない蒼/01 届かない蒼.m4a,届かない蒼,harenuki,harenuki,届かない蒼,339.291,WFGGDqjjj4I,WFGGDqjjj4I,2djZyZRmEIt0fs7lv87l8K,
present_same_path,certain,same_path,no,harenuki/墜落/01 墜落.m4a,墜落,harenuki,harenuki,墜落,130.496,2501788,l-l8Edx3Ozc,l-l8Edx3Ozc,5aqwl9qfPIeqHdhVh5Ywxy,,harenuki/墜落/01 墜落.m4a,墜落,harenuki,harenuki,墜落,130.517,l-l8Edx3Ozc,l-l8Edx3Ozc,5aqwl9qfPIeqHdhVh5Ywxy,
present_same_path,certain,same_path,no,harenuki/asakunaruboku/01 asakunaruboku.m4a,asakunaruboku,harenuki,harenuki,asakunaruboku,202.505,3497340,kws4s5E2y3Y,kws4s5E2y3Y,4FehXxaqUXSehjDnYA3YN0,03d29402-2a35-42d5-87d3-4ac591c3407b,harenuki/asakunaruboku/01 asakunaruboku.m4a,asakunaruboku,harenuki,harenuki,asakunaruboku,202.526,kws4s5E2y3Y,kws4s5E2y3Y,4FehXxaqUXSehjDnYA3YN0,03d29402-2a35-42d5-87d3-4ac591c3407b
present_same_path,certain,same_path,no,harenuki/崩壊/01 崩壊.m4a,崩壊,harenuki,harenuki,崩壊,137.597,2461284,JXkrTZM0YHs,JXkrTZM0YHs,5Ft3d3BtAEoG6HsH51cmLD,,harenuki/崩壊/01 崩壊.m4a,崩壊,harenuki,harenuki,崩壊,137.617,JXkrTZM0YHs,JXkrTZM0YHs,5Ft3d3BtAEoG6HsH51cmLD,
present_same_path,certain,same_path,no,harenuki/これ、ゲーム？/01 これ、ゲーム？.m4a,これ、ゲーム？,harenuki,harenuki,これ、ゲーム？,294.546,5260467,eCBRU_Jiork,rGS4Ni1dgSc,0XvVvjg7j8YcJbuKTQoonm,,harenuki/これ、ゲーム？/01 これ、ゲーム？.m4a,これ、ゲーム？,harenuki,harenuki,これ、ゲーム？,294.566,eCBRU_Jiork,rGS4Ni1dgSc,0XvVvjg7j8YcJbuKTQoonm,
present_same_path,certain,same_path,no,harenuki/冬に抱きしめて/01 冬に抱きしめて.m4a,冬に抱きしめて,harenuki,harenuki,冬に抱きしめて,295.861,5106192,Wgjp8TDZj24,Wgjp8TDZj24,0oJV59l9AiWeG8sSUF3X5V,,harenuki/冬に抱きしめて/01 冬に抱きしめて.m4a,冬に抱きしめて,harenuki,harenuki,冬に抱きしめて,295.882,Wgjp8TDZj24,Wgjp8TDZj24,0oJV59l9AiWeG8sSUF3X5V,
present_same_path,certain,same_path,no,harenuki/冬には忘れて/01 冬には忘れて.m4a,冬には忘れて,harenuki,harenuki,冬には忘れて,372.495,6340628,l_j9HmTMXcQ,gj__kBS-zho,4XL3KBXV9nRnSjrwFBzHYG,,harenuki/冬には忘れて/01 冬には忘れて.m4a,冬には忘れて,harenuki,harenuki,冬には忘れて,372.516,l_j9HmTMXcQ,gj__kBS-zho,4XL3KBXV9nRnSjrwFBzHYG,
present_same_path,certain,same_path,no,harenuki/毒回り/01 毒回り.m4a,毒回り,harenuki,harenuki,毒回り,165.409,3032129,ve0XY2iNTrI,ve0XY2iNTrI,3M14EpEv7ZMixQkYrG1PGS,,harenuki/毒回り/01 毒回り.m4a,毒回り,harenuki,harenuki,毒回り,165.430,ve0XY2iNTrI,ve0XY2iNTrI,3M14EpEv7ZMixQkYrG1PGS,
present_same_path,certain,same_path,no,Glass Beach/the first glass beach album/02 bedroom community.m4a,bedroom community,glass beach,glass beach,the first glass beach album,361.329,6294274,1R4JcZbDvy8,cjDJBBkmaS0,4HJc004qYXE9zsG6PfTFFj,3965804b-42a0-43b2-a2cb-f95d5c9de398,Glass Beach/the first glass beach album/02 bedroom community.m4a,bedroom community,glass beach,glass beach,the first glass beach album,361.350,1R4JcZbDvy8,cjDJBBkmaS0,4HJc004qYXE9zsG6PfTFFj,3965804b-42a0-43b2-a2cb-f95d5c9de398
present_same_path,certain,same_path,no,cosmicnote/Unknown Album/847 heliotrope __ clean slate.m4a,heliotrope // clean slate,cosmicnote,cosmicnote,Unknown Album,348.787,5729222,U0C673IHFSg,U0C673IHFSg,,,cosmicnote/Unknown Album/847 heliotrope __ clean slate.m4a,heliotrope // clean slate,cosmicnote,cosmicnote,Unknown Album,348.808,U0C673IHFSg,U0C673IHFSg,,
present_same_path,certain,same_path,no,cosmicnote/Unknown Album/846 heliotrope __ 山椒魚とアメちゃん.m4a,heliotrope // 山椒魚とアメちゃん,cosmicnote,cosmicnote,Unknown Album,390.014,6297454,_ezhx_1BkOI,_ezhx_1BkOI,,,cosmicnote/Unknown Album/846 heliotrope __ 山椒魚とアメちゃん.m4a,heliotrope // 山椒魚とアメちゃん,cosmicnote,cosmicnote,Unknown Album,390.035,_ezhx_1BkOI,_ezhx_1BkOI,,
present_same_path,certain,same_path,no,NINEOKMAI/Unknown Album/469 NINEOKMAI - นายโอเคมั๊ย_ [Official MV].m4a,NINEOKMAI - นายโอเคมั๊ย? [Official MV],NINEOKMAI,NINEOKMAI,Unknown Album,250.010,4364604,XgTV6vxc8N4,XgTV6vxc8N4,,,NINEOKMAI/Unknown Album/469 NINEOKMAI - นายโอเคมั๊ย_ [Official MV].m4a,NINEOKMAI - นายโอเคมั๊ย? [Official MV],NINEOKMAI,NINEOKMAI,Unknown Album,250.031,XgTV6vxc8N4,XgTV6vxc8N4,,
present_same_path,certain,same_path,no,NINEOKMAI/โลกใบเก่า/01 โลกใบเก่า.m4a,โลกใบเก่า,NINEOKMAI,NINEOKMAI,โลกใบเก่า,282.865,4868607,ursQTVTQeho,0we6TixeL4M,1R7KnuqMTlHYVe0yLwQrVH,,NINEOKMAI/โลกใบเก่า/01 โลกใบเก่า.m4a,โลกใบเก่า,NINEOKMAI,NINEOKMAI,โลกใบเก่า,282.879,ursQTVTQeho,0we6TixeL4M,1R7KnuqMTlHYVe0yLwQrVH,
present_same_path,certain,same_path,no,Miraidempa/init/07 懸想 - Kesou.m4a,懸想 - Kesou,Miraidempa,Miraidempa,init,187.800,3216882,AmtHkr6JmS4,AmtHkr6JmS4,5Uy6HLTWmHRl4Zuh0S6gs8,,Miraidempa/init/07 懸想 - Kesou.m4a,懸想 - Kesou,Miraidempa,Miraidempa,init,187.821,AmtHkr6JmS4,AmtHkr6JmS4,5Uy6HLTWmHRl4Zuh0S6gs8,
present_same_path,certain,same_path,no,Miraidempa/Summer/01 様 - Summer.m4a,様 - Summer,Miraidempa,Miraidempa,Summer,170.870,3062055,-_gCJ-Iaqu8,-_gCJ-Iaqu8,71jHJC0NI89XpwgK7rgJrm,,Miraidempa/Summer/01 様 - Summer.m4a,様 - Summer,Miraidempa,Miraidempa,Summer,170.891,-_gCJ-Iaqu8,-_gCJ-Iaqu8,71jHJC0NI89XpwgK7rgJrm,
present_same_path,certain,same_path,no,Mary's Blood/Countdown to Evolution/02 Marionette.m4a,Marionette,Mary's Blood,Mary's Blood,Countdown to Evolution,293.787,5223538,MLM2unV0kwU,vXSnsfcwpbs,4tuW2TVsuwqb20ooNIczoV,09f67adb-3004-4e1d-bcb9-05e83a35cc65,Mary's Blood/Countdown to Evolution/02 Marionette.m4a,Marionette,Mary's Blood,Mary's Blood,Countdown to Evolution,293.808,MLM2unV0kwU,vXSnsfcwpbs,4tuW2TVsuwqb20ooNIczoV,09f67adb-3004-4e1d-bcb9-05e83a35cc65
present_same_path,certain,same_path,no,The Police/Greatest Hits/04 Message In A Bottle.m4a,Message In A Bottle,The Police,The Police,Greatest Hits,289.835,5082025,MbXWrmQW-OE,4m3CMTeo-nU,1oYYd2gnWZYrt89EBXdFiO,094275cf-d56c-4f25-b5a0-72a1fde5bb0f,The Police/Greatest Hits/04 Message In A Bottle.m4a,Message In A Bottle,The Police,The Police,Greatest Hits,289.849,MbXWrmQW-OE,4m3CMTeo-nU,1oYYd2gnWZYrt89EBXdFiO,094275cf-d56c-4f25-b5a0-72a1fde5bb0f
present_same_path,certain,same_path,no,Avenged Sevenfold/The Stage (Deluxe Edition)/14 Malaguena Salerosa.m4a,Malaguena Salerosa,Avenged Sevenfold,Avenged Sevenfold,The Stage (Deluxe Edition),254.992,4493682,lJBY7iHgXtk,Vuknv38HUXw,3xy7xYuY6vUfoqiKYNc0Jg,,Avenged Sevenfold/The Stage (Deluxe Edition)/14 Malaguena Salerosa.m4a,Malaguena Salerosa,Avenged Sevenfold,Avenged Sevenfold,The Stage (Deluxe Edition),255.006,lJBY7iHgXtk,Vuknv38HUXw,3xy7xYuY6vUfoqiKYNc0Jg,
remote_only_no_equivalent,unmatched,no_equivalent_found,no,BLUEGOATS/We are here/01 僕らはここだ - We are here.m4a,僕らはここだ - We are here,BLUEGOATS,BLUEGOATS,We are here,190.379,3308003,I2O_r8iKEZ8,I2O_r8iKEZ8,,,,,,,,,,,,
present_same_path,certain,same_path,no,im_sorry_i_forgot_my_username/Unknown Album/905 me-al art - 体温 (Taion).m4a,me-al art - 体温 (Taion),im_sorry_i_forgot_my_username,im_sorry_i_forgot_my_username,Unknown Album,215.006,3600840,eVyc_hpWcmI,eVyc_hpWcmI,,,im_sorry_i_forgot_my_username/Unknown Album/905 me-al art - 体温 (Taion).m4a,me-al art - 体温 (Taion),im_sorry_i_forgot_my_username,im_sorry_i_forgot_my_username,Unknown Album,215.027,eVyc_hpWcmI,eVyc_hpWcmI,,
present_same_path,certain,same_path,no,Nothing's Carved In Stone/Out of Control/01 Out of Control.m4a,Out of Control,Nothing's Carved In Stone,Nothing's Carved In Stone,Out of Control,275.747,4927472,rqsHvAq4R40,rqsHvAq4R40,59vsbcxyjO4IB6o51btck7,00840363-6e6b-4e1a-9dbb-94acd8b288e9,Nothing's Carved In Stone/Out of Control/01 Out of Control.m4a,Out of Control,Nothing's Carved In Stone,Nothing's Carved In Stone,Out of Control,275.768,rqsHvAq4R40,rqsHvAq4R40,59vsbcxyjO4IB6o51btck7,00840363-6e6b-4e1a-9dbb-94acd8b288e9
present_same_path,certain,same_path,no,Macross 82-99/Shibuya Meltdown/08 Melt (feat. punipunidenki & Puniden).m4a,Melt (feat. punipunidenki & Puniden),Macross 82-99,Macross 82-99,Shibuya Meltdown,191.997,3783461,Q8FLdTwosz8,Q8FLdTwosz8,,,Macross 82-99/Shibuya Meltdown/08 Melt (feat. punipunidenki & Puniden).m4a,Melt (feat. punipunidenki & Puniden),Macross 82-99,Macross 82-99,Shibuya Meltdown,192.018,Q8FLdTwosz8,Q8FLdTwosz8,,
present_same_path,certain,same_path,no,TRiDENT/UNDER GROUND/01 Alive.m4a,Alive,TRiDENT,TRiDENT,UNDER GROUND,258.600,4457025,bjN-3EyXNyE,4Rk4AhroL9U,3NplKcp06J2HCCJYOsND92,e496fd59-8bde-4466-9cd0-b96a175bb2b0,TRiDENT/UNDER GROUND/01 Alive.m4a,Alive,TRiDENT,TRiDENT,UNDER GROUND,258.621,bjN-3EyXNyE,4Rk4AhroL9U,3NplKcp06J2HCCJYOsND92,e496fd59-8bde-4466-9cd0-b96a175bb2b0
present_same_path,certain,same_path,no,TRiDENT/To be Continue.../02 Last Hope.m4a,Last Hope,TRiDENT,TRiDENT,To be Continue...,258.360,4436969,X1_oj4MJo8I,JAOxRhqhy-E,7ockCHa9NxCyekksJKIV4t,51debad7-e93d-4771-930f-8122fb1c3a8d,TRiDENT/To be Continue.../02 Last Hope.m4a,Last Hope,TRiDENT,TRiDENT,To be Continue...,258.381,X1_oj4MJo8I,JAOxRhqhy-E,7ockCHa9NxCyekksJKIV4t,51debad7-e93d-4771-930f-8122fb1c3a8d
present_same_path,certain,same_path,no,TRiDENT/To be Continue.../01 Continue.m4a,Continue,TRiDENT,TRiDENT,To be Continue...,247.408,4289241,azQVVhMUz58,1gY1SV0vr3Y,,5624a8da-feb2-46cc-9061-582991d5f51d,TRiDENT/To be Continue.../01 Continue.m4a,Continue,TRiDENT,TRiDENT,To be Continue...,247.422,azQVVhMUz58,1gY1SV0vr3Y,,5624a8da-feb2-46cc-9061-582991d5f51d
present_same_path,certain,same_path,no,TRiDENT/Spoopy/01 Spoopy.m4a,Spoopy,TRiDENT,TRiDENT,Spoopy,177.413,3286386,16APM8itvv0,oSsTsG3QtZs,520l4lqa1RwQZOhc643ioN,00eb4083-badf-4c68-ab51-5eac359ee8e3,TRiDENT/Spoopy/01 Spoopy.m4a,Spoopy,TRiDENT,TRiDENT,Spoopy,177.427,16APM8itvv0,oSsTsG3QtZs,520l4lqa1RwQZOhc643ioN,00eb4083-badf-4c68-ab51-5eac359ee8e3
present_same_path,certain,same_path,no,SIAMES/No Lullaby/01 No Lullaby.m4a,No Lullaby,SIAMES,SIAMES,No Lullaby,201.747,3900893,dYgrDcXHLwA,OTLQyYlzzXw,7MwyCLXQ2OH3NAfz7ct0rE,d228ca0d-fbba-452d-80df-4b7d9545f0bc,SIAMES/No Lullaby/01 No Lullaby.m4a,No Lullaby,SIAMES,SIAMES,No Lullaby,201.761,dYgrDcXHLwA,OTLQyYlzzXw,7MwyCLXQ2OH3NAfz7ct0rE,d228ca0d-fbba-452d-80df-4b7d9545f0bc
present_same_path,certain,same_path,no,Hump Back/Ningen Nanosa/281 拝啓、少年よ (Album Ver.) - Haikei Shounenyo.m4a,拝啓、少年よ (Album Ver.) - Haikei Shounenyo,Hump Back,Hump Back,Ningen Nanosa,188.860,3415992,DsjnKOQE0wI,DsjnKOQE0wI,1zuJhvTWKLWmfJk6vIPPVT,,Hump Back/Ningen Nanosa/281 拝啓、少年よ (Album Ver.) - Haikei Shounenyo.m4a,拝啓、少年よ (Album Ver.) - Haikei Shounenyo,Hump Back,Hump Back,Ningen Nanosa,188.881,DsjnKOQE0wI,DsjnKOQE0wI,1zuJhvTWKLWmfJk6vIPPVT,
present_same_path,certain,same_path,no,Hump Back/hanamuke/01 HOSHIOKA KOUEN.m4a,HOSHIOKA KOUEN,Hump Back,Hump Back,hanamuke,237.340,4167043,YatJsm5i8Jw,Z2kbigd0oJ4,4waV8a3J0AodFuHzvCTrtd,,Hump Back/hanamuke/01 HOSHIOKA KOUEN.m4a,HOSHIOKA KOUEN,Hump Back,Hump Back,hanamuke,237.361,YatJsm5i8Jw,Z2kbigd0oJ4,4waV8a3J0AodFuHzvCTrtd,
present_same_path,certain,same_path,no,Hump Back/YORU NI NATTARA/01 月まで - TSUKIMADE.m4a,月まで - TSUKIMADE,Hump Back,Hump Back,YORU NI NATTARA,122.661,2079501,dZRo0-cwob4,0sdG06mJscM,2xjyBofowPEZimdBvVge5r,579dc502-a497-4e2a-9a0b-073932234653,Hump Back/YORU NI NATTARA/01 月まで - TSUKIMADE.m4a,月まで - TSUKIMADE,Hump Back,Hump Back,YORU NI NATTARA,122.675,dZRo0-cwob4,0sdG06mJscM,2xjyBofowPEZimdBvVge5r,579dc502-a497-4e2a-9a0b-073932234653
present_same_path,certain,same_path,no,"Luca, haruka nakamura/船出 _ アストレイア/395 Astrea.m4a",Astrea,"Luca, haruka nakamura","Luca, haruka nakamura",船出 / アストレイア,466.726,7828819,k8a77jafAlw,k8a77jafAlw,5jn6WqNrdXMxq3lG6Lw9PT,,"Luca, haruka nakamura/船出 _ アストレイア/395 Astrea.m4a",Astrea,"Luca, haruka nakamura","Luca, haruka nakamura",船出 / アストレイア,466.747,k8a77jafAlw,k8a77jafAlw,5jn6WqNrdXMxq3lG6Lw9PT,
present_same_path,certain,same_path,no,Green Day/Revolution Radio/237 Revolution Radio.m4a,Revolution Radio,Green Day,Green Day,Revolution Radio,180.854,3191982,LHPKOy3dtqQ,GTQfDTM5QxI,3oqYMRKQcwyNmFn1VD2ukD,1b4b76fd-d786-46c4-b24d-72afabbebc2e,Green Day/Revolution Radio/237 Revolution Radio.m4a,Revolution Radio,Green Day,Green Day,Revolution Radio,180.875,LHPKOy3dtqQ,GTQfDTM5QxI,3oqYMRKQcwyNmFn1VD2ukD,1b4b76fd-d786-46c4-b24d-72afabbebc2e
present_same_path,certain,same_path,no,The Wonder Years/Suburbia I've Given You All and Now I'm Nothing/01 Came Out Swinging.m4a,Came Out Swinging,The Wonder Years,The Wonder Years,Suburbia I've Given You All and Now I'm Nothing,244.745,4238591,OiCit3G4YRU,DYx4VYSLZls,4mVzCmTZeBOkvSQsuvFQWh,40001df1-2ed6-432e-ae36-406b418008f6,The Wonder Years/Suburbia I've Given You All and Now I'm Nothing/01 Came Out Swinging.m4a,Came Out Swinging,The Wonder Years,The Wonder Years,Suburbia I've Given You All and Now I'm Nothing,244.766,OiCit3G4YRU,DYx4VYSLZls,4mVzCmTZeBOkvSQsuvFQWh,40001df1-2ed6-432e-ae36-406b418008f6
present_same_path,certain,same_path,no,cephalo/wind surfing school/02 夜窓 - Night Window.m4a,夜窓 - Night Window,cephalo,cephalo,wind surfing school,257.568,4459050,m16CleI0DtI,qklLmIU0D1k,0GkwzeYvUnq0YxJ0snpKzc,bcbc7950-209f-4488-9073-95e93a2234fa,cephalo/wind surfing school/02 夜窓 - Night Window.m4a,夜窓 - Night Window,cephalo,cephalo,wind surfing school,257.589,m16CleI0DtI,qklLmIU0D1k,0GkwzeYvUnq0YxJ0snpKzc,bcbc7950-209f-4488-9073-95e93a2234fa
present_same_path,certain,same_path,no,cephalo/Fluorite code/04 MOON CHILD.m4a,MOON CHILD,cephalo,cephalo,Fluorite code,285.528,4998985,lLm0ti1Ivrw,lLm0ti1Ivrw,2x1HilBecDvuPSDegjsil6,76d99420-01ca-44cd-a2f3-fa7cc1efba58,cephalo/Fluorite code/04 MOON CHILD.m4a,MOON CHILD,cephalo,cephalo,Fluorite code,285.549,lLm0ti1Ivrw,lLm0ti1Ivrw,2x1HilBecDvuPSDegjsil6,76d99420-01ca-44cd-a2f3-fa7cc1efba58
present_same_path,certain,same_path,no,cephalo/Fluorite code/05 unnamed planet.m4a,unnamed planet,cephalo,cephalo,Fluorite code,215.267,3850274,3jLzzHcbktY,3jLzzHcbktY,3letQ9y95TaqSMYJcF4h6F,7191fa96-1dea-4275-8899-e451d88ac0cb,cephalo/Fluorite code/05 unnamed planet.m4a,unnamed planet,cephalo,cephalo,Fluorite code,215.288,3jLzzHcbktY,3jLzzHcbktY,3letQ9y95TaqSMYJcF4h6F,7191fa96-1dea-4275-8899-e451d88ac0cb
present_same_path,certain,same_path,no,cephalo/Fluorite code/08 midori.m4a,midori,cephalo,cephalo,Fluorite code,265.400,4672089,5AWNnpTPfeE,5AWNnpTPfeE,0oQkQ4VWDQyZRbAemWOMl0,e034f218-3112-4662-a3cd-f294b7127de1,cephalo/Fluorite code/08 midori.m4a,midori,cephalo,cephalo,Fluorite code,265.421,5AWNnpTPfeE,5AWNnpTPfeE,0oQkQ4VWDQyZRbAemWOMl0,e034f218-3112-4662-a3cd-f294b7127de1
present_same_path,certain,same_path,no,cephalo/Fluorite code/822 ルート225 - Route225.m4a,ルート225 - Route225,cephalo,cephalo,Fluorite code,207.826,3719732,N8elUdTJkfM,N8elUdTJkfM,7agIKZguePA5yyXuwNXHkv,d6cd1305-4721-4764-a520-1f8b5e323696,cephalo/Fluorite code/822 ルート225 - Route225.m4a,ルート225 - Route225,cephalo,cephalo,Fluorite code,207.846,N8elUdTJkfM,N8elUdTJkfM,7agIKZguePA5yyXuwNXHkv,d6cd1305-4721-4764-a520-1f8b5e323696
present_same_path,certain,same_path,no,Xxtarlit⚸/A Thousand Things I Could Tell You/784 Fleeting Frozen Heart.m4a,Fleeting Frozen Heart,Xxtarlit⚸,Xxtarlit⚸,A Thousand Things I Could Tell You,187.802,3316643,gsU4b4ThCU0,gsU4b4ThCU0,0GQkIfqneFqLAQRlmJtuBv,8bc3a786-a2fc-4d72-915b-ec002fc1fd4c,Xxtarlit⚸/A Thousand Things I Could Tell You/784 Fleeting Frozen Heart.m4a,Fleeting Frozen Heart,Xxtarlit⚸,Xxtarlit⚸,A Thousand Things I Could Tell You,187.823,gsU4b4ThCU0,gsU4b4ThCU0,0GQkIfqneFqLAQRlmJtuBv,8bc3a786-a2fc-4d72-915b-ec002fc1fd4c
present_same_path,certain,same_path,no,NASAYA/Milk (feat. Myra Molloy)/01 Milk (feat. Myra Molloy).m4a,Milk (feat. Myra Molloy),NASAYA,NASAYA,Milk (feat. Myra Molloy),254.008,4417761,wJ2ikkHHj-E,dk6zOw0PtQk,,,NASAYA/Milk (feat. Myra Molloy)/01 Milk (feat. Myra Molloy).m4a,Milk (feat. Myra Molloy),NASAYA,NASAYA,Milk (feat. Myra Molloy),254.022,wJ2ikkHHj-E,dk6zOw0PtQk,,
present_same_path,certain,same_path,no,komsume/baku/01 バク - baku.m4a,バク - baku,komsume,komsume,baku,160.857,2765479,rFGGX4b1VHI,TeYb0XoltQg,7oXsLfHLbMvIEwJNSdBePA,1be4efb6-39ab-4a14-b72f-60961836661d,komsume/baku/01 バク - baku.m4a,バク - baku,komsume,komsume,baku,160.878,rFGGX4b1VHI,TeYb0XoltQg,7oXsLfHLbMvIEwJNSdBePA,1be4efb6-39ab-4a14-b72f-60961836661d
remote_only_no_equivalent,unmatched,no_equivalent_found,no,-sokoninaru-そこに鳴る/_Singles/02 【ONE PIECE】きただにひろし『ウィーアー！』弾いてみた【そこに鳴る軽音部】.m4a,【ONE PIECE】きただにひろし『ウィーアー！』弾いてみた【そこに鳴る軽音部】,-sokoninaru-そこに鳴る,-sokoninaru-そこに鳴る,_Singles,111.979,1850373,dOpWZ9W71ZM,dOpWZ9W71ZM,,,,,,,,,,,,
remote_only_no_equivalent,unmatched,no_equivalent_found,no,-sokoninaru-そこに鳴る/_Singles/01 眩暈SIREN『偽物の宴』弾いてみた【そこに鳴る軽音部】Memaisiren - Nisemononoutage（cover）.m4a,眩暈SIREN『偽物の宴』弾いてみた【そこに鳴る軽音部】Memaisiren - Nisemononoutage（cover）,-sokoninaru-そこに鳴る,-sokoninaru-そこに鳴る,_Singles,107.544,1891073,QmAcdkTYFpc,QmAcdkTYFpc,,,,,,,,,,,,
present_same_path,certain,same_path,no,danielions music/Unknown Album/851 Jiye Kim - In Your Love.m4a,Jiye Kim - In Your Love,danielions music,danielions music,Unknown Album,264.811,4530975,w5KmjtvdL5I,w5KmjtvdL5I,,,danielions music/Unknown Album/851 Jiye Kim - In Your Love.m4a,Jiye Kim - In Your Love,danielions music,danielions music,Unknown Album,264.832,w5KmjtvdL5I,w5KmjtvdL5I,,
present_same_path,certain,same_path,no,Cody・Lee(李)/生活のニュース/03 我愛你.m4a,我愛你,Cody・Lee(李),Cody・Lee(李),生活のニュース,296.120,5027911,uwS__WiOYTI,pRo4oXEgk4g,7jXoUqjqJVQGHDBs9ZGy08,2fda30ce-b881-4197-9299-7041dc6f89ed,Cody・Lee(李)/生活のニュース/03 我愛你.m4a,我愛你,Cody・Lee(李),Cody・Lee(李),生活のニュース,296.141,uwS__WiOYTI,pRo4oXEgk4g,7jXoUqjqJVQGHDBs9ZGy08,2fda30ce-b881-4197-9299-7041dc6f89ed
present_same_path,certain,same_path,no,fuzzy apple store/Needs End/01 花とアリス - hanatoarisu.m4a,花とアリス - hanatoarisu,fuzzy apple store,fuzzy apple store,Needs End,243.414,4179778,PrSb6UNMKBI,HCC0JyfWako,5DVb2lg0YGMi3mQDzuFn8Z,,fuzzy apple store/Needs End/01 花とアリス - hanatoarisu.m4a,花とアリス - hanatoarisu,fuzzy apple store,fuzzy apple store,Needs End,243.435,PrSb6UNMKBI,HCC0JyfWako,5DVb2lg0YGMi3mQDzuFn8Z,
present_same_path,certain,same_path,no,Elza Kanzaki/ELZA2/192 革命 - Kakumei.m4a,革命 - Kakumei,Elza Kanzaki,Elza Kanzaki,ELZA2,236.094,4126672,Do57nVWWM-M,Do57nVWWM-M,,,Elza Kanzaki/ELZA2/192 革命 - Kakumei.m4a,革命 - Kakumei,Elza Kanzaki,Elza Kanzaki,ELZA2,236.115,Do57nVWWM-M,Do57nVWWM-M,,
present_same_path,certain,same_path,no,DIR EN GREY/DECADE 2003-2007/153 OBSCURE.m4a,OBSCURE,DIR EN GREY,DIR EN GREY,DECADE 2003-2007,241.574,4186409,pKEXcRbvw9A,pKEXcRbvw9A,4g9uIYXjxFpOrNv6j9q5vj,844b0d9c-a43b-419c-b9e6-ab022823c0d8,DIR EN GREY/DECADE 2003-2007/153 OBSCURE.m4a,OBSCURE,DIR EN GREY,DIR EN GREY,DECADE 2003-2007,241.595,pKEXcRbvw9A,pKEXcRbvw9A,4g9uIYXjxFpOrNv6j9q5vj,844b0d9c-a43b-419c-b9e6-ab022823c0d8
present_same_path,certain,same_path,no,Akatsuki Records/LIMITED SINGLES season4/02 VENTEN.m4a,VENTEN,Akatsuki Records,Akatsuki Records,LIMITED SINGLES season4,208.934,3831391,MX0DD9FayUw,z3onQBmYSWA,6bCj0DdMyqOQBO4kXXVhIi,,Akatsuki Records/LIMITED SINGLES season4/02 VENTEN.m4a,VENTEN,Akatsuki Records,Akatsuki Records,LIMITED SINGLES season4,208.955,MX0DD9FayUw,z3onQBmYSWA,6bCj0DdMyqOQBO4kXXVhIi,
present_same_path,certain,same_path,no,"S3RL, Zero-2, yurino/Through the Years/566 Through the Years - DJ Edit.m4a",Through the Years - DJ Edit,"S3RL, Zero-2, yurino","S3RL, Zero-2, yurino",Through the Years,255.936,4301778,4GLngC0aTbs,4GLngC0aTbs,5sfic9PZwlM144uVn8eeMp,8c06dc91-27a4-456b-8ef2-04827853049e,"S3RL, Zero-2, yurino/Through the Years/566 Through the Years - DJ Edit.m4a",Through the Years - DJ Edit,"S3RL, Zero-2, yurino","S3RL, Zero-2, yurino",Through the Years,255.957,4GLngC0aTbs,4GLngC0aTbs,5sfic9PZwlM144uVn8eeMp,8c06dc91-27a4-456b-8ef2-04827853049e
present_same_path,certain,same_path,no,April/Unknown Album/46 ねこぼーろ - 嘘と絵画.m4a,ねこぼーろ - 嘘と絵画,April,April,Unknown Album,285.943,4817968,N-80E_FRMuM,N-80E_FRMuM,,,April/Unknown Album/46 ねこぼーろ - 嘘と絵画.m4a,ねこぼーろ - 嘘と絵画,April,April,Unknown Album,285.963,N-80E_FRMuM,N-80E_FRMuM,,
present_same_path,certain,same_path,no,Nyarons/Unknown Album/492 HARUKAKANATA.m4a,HARUKAKANATA,Nyarons,Nyarons,Unknown Album,192.738,3364461,Z8vUOPOG9cc,Z8vUOPOG9cc,1dgsay57SvUEsOySr6aTqP,,Nyarons/Unknown Album/492 HARUKAKANATA.m4a,HARUKAKANATA,Nyarons,Nyarons,Unknown Album,192.759,Z8vUOPOG9cc,Z8vUOPOG9cc,1dgsay57SvUEsOySr6aTqP,
present_same_path,certain,same_path,no,BetoCrazy/Unknown Album/81 CINDY - Angel Touch (1990) - Track 7 - 私達を信じていて.m4a,CINDY - Angel Touch (1990) - Track 7 - 私達を信じていて,BetoCrazy,BetoCrazy,Unknown Album,365.041,5886149,2ak_dM2EHKE,2ak_dM2EHKE,,,BetoCrazy/Unknown Album/81 CINDY - Angel Touch (1990) - Track 7 - 私達を信じていて.m4a,CINDY - Angel Touch (1990) - Track 7 - 私達を信じていて,BetoCrazy,BetoCrazy,Unknown Album,365.062,2ak_dM2EHKE,2ak_dM2EHKE,,
remote_only_no_equivalent,unmatched,no_equivalent_found,no,BiSH/プロミスザスター/01 プロミスザスター - promise the star.m4a,プロミスザスター - promise the star,BiSH,BiSH,プロミスザスター,269.200,4625103,ox8WVRnb8GA,O3EW0EZ0VvE,,084f2289-93bf-42d8-aba3-58d14a28ad06,,,,,,,,,,
present_same_path,certain,same_path,no,The Math Rock Collective/Unknown Album/685 The Earth is a Man - The Earth is a Man [Full LP].m4a,The Earth is a Man - The Earth is a Man [Full LP],The Math Rock Collective,The Math Rock Collective,Unknown Album,2470.569,40527337,MbsHxxSwIDs,MbsHxxSwIDs,,,The Math Rock Collective/Unknown Album/685 The Earth is a Man - The Earth is a Man [Full LP].m4a,The Earth is a Man - The Earth is a Man [Full LP],The Math Rock Collective,The Math Rock Collective,Unknown Album,2470.590,MbsHxxSwIDs,MbsHxxSwIDs,,
present_same_path,certain,same_path,no,The Math Rock Collective/Unknown Album/684 He - In Sequence [Full LP].m4a,He - In Sequence [Full LP],The Math Rock Collective,The Math Rock Collective,Unknown Album,2327.987,38194108,HOD8grOMtCw,HOD8grOMtCw,,,The Math Rock Collective/Unknown Album/684 He - In Sequence [Full LP].m4a,He - In Sequence [Full LP],The Math Rock Collective,The Math Rock Collective,Unknown Album,2328.008,HOD8grOMtCw,HOD8grOMtCw,,
present_same_path,certain,same_path,no,Electric Wizard/Witchcult Today/05 The Chosen Few.m4a,The Chosen Few,Electric Wizard,Electric Wizard,Witchcult Today,498.637,8256472,G-1RnTm31ng,gbtWPk27SgA,5qN4DbKNNuIIe7xSlJPco0,4dab5a0a-c44b-4e39-9e01-f476b8177700,Electric Wizard/Witchcult Today/05 The Chosen Few.m4a,The Chosen Few,Electric Wizard,Electric Wizard,Witchcult Today,498.658,G-1RnTm31ng,gbtWPk27SgA,5qN4DbKNNuIIe7xSlJPco0,4dab5a0a-c44b-4e39-9e01-f476b8177700
present_same_path,certain,same_path,no,Monsune/OUTTA MY MIND/01 OUTTA MY MIND.m4a,OUTTA MY MIND,Monsune,Monsune,OUTTA MY MIND,226.006,4064145,SjgMmo6_DH0,j7CRINnxHAc,7zTTDkkLkJ2iHAqq1daDCr,fef3d3af-e4ae-4f64-b9a8-f48eb5595217,Monsune/OUTTA MY MIND/01 OUTTA MY MIND.m4a,OUTTA MY MIND,Monsune,Monsune,OUTTA MY MIND,226.027,SjgMmo6_DH0,j7CRINnxHAc,7zTTDkkLkJ2iHAqq1daDCr,fef3d3af-e4ae-4f64-b9a8-f48eb5595217
present_same_path,certain,same_path,no,SE SO NEON/joke!/01 joke!.m4a,joke!,SE SO NEON,SE SO NEON,joke!,203.133,3710026,_ZaQmQTlVkE,qqDd9isYwlE,5hGUsM3PYAqaH94jSmy3mV,dfa7cdb3-de4b-4b90-bf98-902e35315cd4,SE SO NEON/joke!/01 joke!.m4a,joke!,SE SO NEON,SE SO NEON,joke!,203.147,_ZaQmQTlVkE,qqDd9isYwlE,5hGUsM3PYAqaH94jSmy3mV,dfa7cdb3-de4b-4b90-bf98-902e35315cd4
present_same_path,certain,same_path,no,SE SO NEON/〈NOW〉/08 Jayu.m4a,Jayu,SE SO NEON,SE SO NEON,〈NOW〉,232.130,3865565,ImKWbWCpR74,CH7ZLEAiBy0,5KnwqkmR7bjLIvQUNwX2Yq,795054d5-4ca6-465b-b087-d1bb70a8cf0a,SE SO NEON/〈NOW〉/08 Jayu.m4a,Jayu,SE SO NEON,SE SO NEON,〈NOW〉,232.151,ImKWbWCpR74,CH7ZLEAiBy0,5KnwqkmR7bjLIvQUNwX2Yq,795054d5-4ca6-465b-b087-d1bb70a8cf0a
present_same_path,certain,same_path,yes,SE SO NEON/The Wave/01 The Wave.m4a,The Wave,SE SO NEON,SE SO NEON,The Wave,282.454,5199233,fqlStglcvII,Q7VNqAV9Rps,1hbmFI3DdGqFJn4wnrQlF4,,SE SO NEON/The Wave/01 The Wave.m4a,The Wave,SE SO NEON,SE SO NEON,The Wave,282.475,fqlStglcvII,Q7VNqAV9Rps,1hbmFI3DdGqFJn4wnrQlF4,
present_same_path,certain,same_path,yes,SE SO NEON/Summer Plumage/05 The Wave.m4a,The Wave,SE SO NEON,SE SO NEON,Summer Plumage,284.250,4915268,VJfGfB4-vP0,e0ElFQ9xgX4,1hbmFI3DdGqFJn4wnrQlF4,,SE SO NEON/Summer Plumage/05 The Wave.m4a,The Wave,SE SO NEON,SE SO NEON,Summer Plumage,284.271,VJfGfB4-vP0,e0ElFQ9xgX4,1hbmFI3DdGqFJn4wnrQlF4,
present_same_path,certain,same_path,no,zankyorecord/Unknown Album/1318 COgeNdshE _ 錯乱【Official Music Video】.m4a,COgeNdshE / 錯乱【Official Music Video】,zankyorecord,zankyorecord,Unknown Album,261.713,4448110,yTjdbzVU0o4,yTjdbzVU0o4,,,zankyorecord/Unknown Album/1318 COgeNdshE _ 錯乱【Official Music Video】.m4a,COgeNdshE / 錯乱【Official Music Video】,zankyorecord,zankyorecord,Unknown Album,261.733,yTjdbzVU0o4,yTjdbzVU0o4,,
present_same_path,certain,same_path,no,zankyorecord/Unknown Album/1315 te' _ 音の中の『痙攣的』な美は、観念を超え肉体に訪れる野生の戦慄。【Official Music Video】.m4a,te' / 音の中の『痙攣的』な美は、観念を超え肉体に訪れる野生の戦慄。【Official Music Video】,zankyorecord,zankyorecord,Unknown Album,303.334,4881879,GFpmJpVPVe4,GFpmJpVPVe4,,,zankyorecord/Unknown Album/1315 te' _ 音の中の『痙攣的』な美は、観念を超え肉体に訪れる野生の戦慄。【Official Music Video】.m4a,te' / 音の中の『痙攣的』な美は、観念を超え肉体に訪れる野生の戦慄。【Official Music Video】,zankyorecord,zankyorecord,Unknown Album,303.355,GFpmJpVPVe4,GFpmJpVPVe4,,
present_same_path,certain,same_path,no,zankyorecord/Unknown Album/1311 The;Cutlery_ You never know how _STRONG_ you are until being strong is the only choice you have.m4a,"The;Cutlery/ You never know how ""STRONG"" you are until being strong is the only choice you have",zankyorecord,zankyorecord,Unknown Album,302.266,5074101,fiWeQz8GS_0,fiWeQz8GS_0,,,zankyorecord/Unknown Album/1311 The;Cutlery_ You never know how _STRONG_ you are until being strong is the only choice you have.m4a,"The;Cutlery/ You never know how ""STRONG"" you are until being strong is the only choice you have",zankyorecord,zankyorecord,Unknown Album,302.287,fiWeQz8GS_0,fiWeQz8GS_0,,
present_same_path,certain,same_path,no,zankyorecord/Unknown Album/1319 the cabs _ 二月の兵隊【Official Music Video】.m4a,the cabs / 二月の兵隊【Official Music Video】,zankyorecord,zankyorecord,Unknown Album,179.618,2949208,6qsXxKawUos,6qsXxKawUos,,,zankyorecord/Unknown Album/1319 the cabs _ 二月の兵隊【Official Music Video】.m4a,the cabs / 二月の兵隊【Official Music Video】,zankyorecord,zankyorecord,Unknown Album,179.639,6qsXxKawUos,6qsXxKawUos,,
present_same_path,certain,same_path,no,zankyorecord/Unknown Album/1305 ハイスイノナサ_ 想像と都市の子供【Official Music Video】.m4a,ハイスイノナサ/ 想像と都市の子供【Official Music Video】,zankyorecord,zankyorecord,Unknown Album,187.200,3090535,FGh1WZqiMfc,FGh1WZqiMfc,,,zankyorecord/Unknown Album/1305 ハイスイノナサ_ 想像と都市の子供【Official Music Video】.m4a,ハイスイノナサ/ 想像と都市の子供【Official Music Video】,zankyorecord,zankyorecord,Unknown Album,187.221,FGh1WZqiMfc,FGh1WZqiMfc,,
present_same_path,certain,same_path,no,zankyorecord/Unknown Album/1306 ハイスイノナサ×大西景太 _ logos【Live Video】.m4a,ハイスイノナサ×大西景太 / logos【Live Video】,zankyorecord,zankyorecord,Unknown Album,196.139,3356767,cT8mSZBJzJA,cT8mSZBJzJA,,,zankyorecord/Unknown Album/1306 ハイスイノナサ×大西景太 _ logos【Live Video】.m4a,ハイスイノナサ×大西景太 / logos【Live Video】,zankyorecord,zankyorecord,Unknown Album,196.160,cT8mSZBJzJA,cT8mSZBJzJA,,
present_same_path,certain,same_path,no,zankyorecord/Unknown Album/1309 the cabs _ anschluss【Official Music Video】.m4a,the cabs / anschluss【Official Music Video】,zankyorecord,zankyorecord,Unknown Album,265.602,4394051,5BSJ4NIotp8,5BSJ4NIotp8,,,zankyorecord/Unknown Album/1309 the cabs _ anschluss【Official Music Video】.m4a,the cabs / anschluss【Official Music Video】,zankyorecord,zankyorecord,Unknown Album,265.623,5BSJ4NIotp8,5BSJ4NIotp8,,
present_same_path,certain,same_path,no,zankyorecord/Unknown Album/1307 ハイスイノナサ _ 地図にない街【Official Music Video】.m4a,ハイスイノナサ / 地図にない街【Official Music Video】,zankyorecord,zankyorecord,Unknown Album,288.000,5006385,i53syY2DVP8,i53syY2DVP8,,,zankyorecord/Unknown Album/1307 ハイスイノナサ _ 地図にない街【Official Music Video】.m4a,ハイスイノナサ / 地図にない街【Official Music Video】,zankyorecord,zankyorecord,Unknown Album,288.021,i53syY2DVP8,i53syY2DVP8,,
present_same_path,certain,same_path,no,zankyorecord/Unknown Album/1313 te' _ 舞台の幽暗に潜む『恩寵』は、躬を顫わす律動を媒介に顕現する。【Official Music Video】.m4a,te' / 舞台の幽暗に潜む『恩寵』は、躬を顫わす律動を媒介に顕現する。【Official Music Video】,zankyorecord,zankyorecord,Unknown Album,265.600,4427347,FY_wQX6u_AE,FY_wQX6u_AE,,,zankyorecord/Unknown Album/1313 te' _ 舞台の幽暗に潜む『恩寵』は、躬を顫わす律動を媒介に顕現する。【Official Music Video】.m4a,te' / 舞台の幽暗に潜む『恩寵』は、躬を顫わす律動を媒介に顕現する。【Official Music Video】,zankyorecord,zankyorecord,Unknown Album,265.621,FY_wQX6u_AE,FY_wQX6u_AE,,
present_same_path,certain,same_path,no,zankyorecord/Unknown Album/1308 ハイスイノナサ _ 地下鉄の動態 【Official Music Video】Haisuinonasa _ Dynamics of the Subway.m4a,ハイスイノナサ / 地下鉄の動態 【Official Music Video】Haisuinonasa / Dynamics of the Subway,zankyorecord,zankyorecord,Unknown Album,258.240,4281305,ZDykTjFFNIE,ZDykTjFFNIE,,,zankyorecord/Unknown Album/1308 ハイスイノナサ _ 地下鉄の動態 【Official Music Video】Haisuinonasa _ Dynamics of the Subway.m4a,ハイスイノナサ / 地下鉄の動態 【Official Music Video】Haisuinonasa / Dynamics of the Subway,zankyorecord,zankyorecord,Unknown Album,258.261,ZDykTjFFNIE,ZDykTjFFNIE,,
present_same_path,certain,same_path,no,Negishi no Han/Nicemono/03 溶けない氷 - Tokenai Koori.m4a,溶けない氷 - Tokenai Koori,Negishi no Han,Negishi no Han,Nicemono,96.146,1725903,q6zkLQBmrzg,q6zkLQBmrzg,,,Negishi no Han/Nicemono/03 溶けない氷 - Tokenai Koori.m4a,溶けない氷 - Tokenai Koori,Negishi no Han,Negishi no Han,Nicemono,96.167,q6zkLQBmrzg,q6zkLQBmrzg,,
present_same_path,certain,same_path,no,Chinese Football/Unknown Album/113 Chinese Football － 電動少女 ［Official Music Video］.m4a,Chinese Football － 電動少女  ［Official Music Video］,Chinese Football,Chinese Football,Unknown Album,327.680,5505593,X2goYUJpq9k,X2goYUJpq9k,,,Chinese Football/Unknown Album/113 Chinese Football － 電動少女 ［Official Music Video］.m4a,Chinese Football － 電動少女  ［Official Music Video］,Chinese Football,Chinese Football,Unknown Album,327.701,X2goYUJpq9k,X2goYUJpq9k,,
present_same_path,certain,same_path,no,exist trace/Ambivalent Symphony/02 海の雫 - Umi no shizuku.m4a,海の雫 - Umi no shizuku,exist trace,exist trace,Ambivalent Symphony,291.574,4953782,2IrPThbBxDA,2IrPThbBxDA,0jjz9medFeIXgz1lVOccgZ,,exist trace/Ambivalent Symphony/02 海の雫 - Umi no shizuku.m4a,海の雫 - Umi no shizuku,exist trace,exist trace,Ambivalent Symphony,291.595,2IrPThbBxDA,2IrPThbBxDA,0jjz9medFeIXgz1lVOccgZ,
present_same_path,certain,same_path,yes,exist trace/True/01 True.m4a,True,exist trace,exist trace,True,274.785,4678338,rZjlIKiCj3g,ovstk0H4G0o,6keX17CH2NZQ03WULvulyk,,exist trace/True/01 True.m4a,True,exist trace,exist trace,True,274.806,rZjlIKiCj3g,ovstk0H4G0o,6keX17CH2NZQ03WULvulyk,
present_same_path,certain,same_path,yes,exist trace/True/858 True.m4a,True,exist trace,exist trace,True,272.747,4654068,ovstk0H4G0o,ovstk0H4G0o,6keX17CH2NZQ03WULvulyk,31f262db-76b9-46df-b747-fc76bf36c7e0,exist trace/True/858 True.m4a,True,exist trace,exist trace,True,272.768,ovstk0H4G0o,ovstk0H4G0o,6keX17CH2NZQ03WULvulyk,31f262db-76b9-46df-b747-fc76bf36c7e0
present_same_path,certain,same_path,no,Chirinuruwowaka/Unknown Album/116 「マシーン」チリヌルヲワカ【OFFICIAL MUSIC VIDEO】.m4a,「マシーン」チリヌルヲワカ【OFFICIAL MUSIC VIDEO】,Chirinuruwowaka,Chirinuruwowaka,Unknown Album,197.910,3422337,c7ZeI5iwOyA,c7ZeI5iwOyA,,,Chirinuruwowaka/Unknown Album/116 「マシーン」チリヌルヲワカ【OFFICIAL MUSIC VIDEO】.m4a,「マシーン」チリヌルヲワカ【OFFICIAL MUSIC VIDEO】,Chirinuruwowaka,Chirinuruwowaka,Unknown Album,197.931,c7ZeI5iwOyA,c7ZeI5iwOyA,,
present_same_path,certain,same_path,no,Chirinuruwowaka/Unknown Album/115 「証明」チリヌルヲワカ_chirinuruwowaka【OFFICIAL MUSIC VIDEO】.m4a,「証明」チリヌルヲワカ/chirinuruwowaka【OFFICIAL MUSIC VIDEO】,Chirinuruwowaka,Chirinuruwowaka,Unknown Album,231.467,3764567,l0guC_9cnoc,l0guC_9cnoc,,,Chirinuruwowaka/Unknown Album/115 「証明」チリヌルヲワカ_chirinuruwowaka【OFFICIAL MUSIC VIDEO】.m4a,「証明」チリヌルヲワカ/chirinuruwowaka【OFFICIAL MUSIC VIDEO】,Chirinuruwowaka,Chirinuruwowaka,Unknown Album,231.488,l0guC_9cnoc,l0guC_9cnoc,,
present_same_path,certain,same_path,no,Mr. J. Medeiros/Milk and Eggs/05 Weight (feat. Alyss).m4a,Weight (feat. Alyss),Mr. J. Medeiros,Mr. J. Medeiros,Milk and Eggs,149.344,2618853,UoaHVU11nm0,usTvT1gQIug,3UpRQdY3OlV6NqKHYMnY7f,020fcdea-0d7c-426c-a182-02a6179f8e27,Mr. J. Medeiros/Milk and Eggs/05 Weight (feat. Alyss).m4a,Weight (feat. Alyss),Mr. J. Medeiros,Mr. J. Medeiros,Milk and Eggs,149.358,UoaHVU11nm0,usTvT1gQIug,3UpRQdY3OlV6NqKHYMnY7f,020fcdea-0d7c-426c-a182-02a6179f8e27
present_same_path,certain,same_path,no,LD&K music/Unknown Album/365 日食なつこ - '水流のロック' Official Music Video.m4a,日食なつこ - '水流のロック' Official Music Video,LD&K music,LD&K music,Unknown Album,200.586,3376722,McaEBf-tAlk,McaEBf-tAlk,,,LD&K music/Unknown Album/365 日食なつこ - '水流のロック' Official Music Video.m4a,日食なつこ - '水流のロック' Official Music Video,LD&K music,LD&K music,Unknown Album,200.607,McaEBf-tAlk,McaEBf-tAlk,,
present_same_path,certain,same_path,no,Sarah Cothran/As the World Caves In/01 As the World Caves In.m4a,As the World Caves In,Sarah Cothran,Sarah Cothran,As the World Caves In,161.613,2718330,SqDjQPoJxiw,KqSEZjH9tNc,2xXNLutYAOELYVObYb1C1S,3000b2b8-a540-4aea-a581-2937ede944aa,Sarah Cothran/As the World Caves In/01 As the World Caves In.m4a,As the World Caves In,Sarah Cothran,Sarah Cothran,As the World Caves In,161.634,SqDjQPoJxiw,KqSEZjH9tNc,2xXNLutYAOELYVObYb1C1S,3000b2b8-a540-4aea-a581-2937ede944aa
present_same_path,certain,same_path,no,mel sapporo/Unknown Album/955 mel - Yours (dayflower ver.).m4a,mel - Yours (dayflower ver.),mel sapporo,mel sapporo,Unknown Album,193.295,3257009,WosiVWWOJGY,WosiVWWOJGY,,,mel sapporo/Unknown Album/955 mel - Yours (dayflower ver.).m4a,mel - Yours (dayflower ver.),mel sapporo,mel sapporo,Unknown Album,193.316,WosiVWWOJGY,WosiVWWOJGY,,
present_same_path,certain,same_path,no,Slipknot/Vol. 3 The Subliminal Verses/10 Before I Forget.m4a,Before I Forget,Slipknot,Slipknot,Vol. 3 The Subliminal Verses,278.600,4967919,mQxWYy1JaqU,mQxWYy1JaqU,6wqJeItl3Vc3az4ZicSQAB,3ed6fd6a-0788-49d0-924f-fe5c2da5d539,Slipknot/Vol. 3 The Subliminal Verses/10 Before I Forget.m4a,Before I Forget,Slipknot,Slipknot,Vol. 3 The Subliminal Verses,278.621,mQxWYy1JaqU,mQxWYy1JaqU,6wqJeItl3Vc3az4ZicSQAB,3ed6fd6a-0788-49d0-924f-fe5c2da5d539
present_same_path,certain,same_path,no,Slipknot/All Hope Is Gone/04 Psychosocial.m4a,Psychosocial,Slipknot,Slipknot,All Hope Is Gone,283.408,5101462,5abamRO41fE,-XlW-cyAdiw,3RAFcUBrCNaboRXoP3S5t1,0545c075-caf8-4ce3-92af-913568961e92,Slipknot/All Hope Is Gone/04 Psychosocial.m4a,Psychosocial,Slipknot,Slipknot,All Hope Is Gone,283.422,5abamRO41fE,-XlW-cyAdiw,3RAFcUBrCNaboRXoP3S5t1,0545c075-caf8-4ce3-92af-913568961e92
present_same_path,certain,same_path,no,mouse on the keys/Machinic Phylum/01 Aom.m4a,Aom,mouse on the keys,mouse on the keys,Machinic Phylum,226.515,3874927,FLL8WPho6BI,wrlhrJCtCzc,26SAUZdnuKlOLAPnnOp2is,65d4864b-37b5-46e5-98ff-d573ca35f760,mouse on the keys/Machinic Phylum/01 Aom.m4a,Aom,mouse on the keys,mouse on the keys,Machinic Phylum,226.529,FLL8WPho6BI,wrlhrJCtCzc,26SAUZdnuKlOLAPnnOp2is,65d4864b-37b5-46e5-98ff-d573ca35f760
present_same_path,certain,same_path,no,そこに鳴る/7 ultimate materials/07 brilliant city.m4a,brilliant city,そこに鳴る,そこに鳴る,7 ultimate materials,227.466,4094462,Ch3OWNEdkbE,9jC8Mq4TXbk,6IuhZeKiFr04UGa6WcUIqq,5af4e3fb-eadd-443a-8724-4cf2ce24b9fd,そこに鳴る/7 ultimate materials/07 brilliant city.m4a,brilliant city,そこに鳴る,そこに鳴る,7 ultimate materials,227.487,Ch3OWNEdkbE,9jC8Mq4TXbk,6IuhZeKiFr04UGa6WcUIqq,5af4e3fb-eadd-443a-8724-4cf2ce24b9fd
present_same_path,certain,same_path,yes,そこに鳴る/7 ultimate materials/01 vermisst.m4a,vermisst,そこに鳴る,そこに鳴る,7 ultimate materials,157.865,2966864,U4-J2xbOWmY,oQvUy6yPW-E,2ftFHvBo2MdakyYGwg2eS2,d1527232-146c-47b2-b45e-a7222ce8a1c4,そこに鳴る/7 ultimate materials/01 vermisst.m4a,vermisst,そこに鳴る,そこに鳴る,7 ultimate materials,157.885,U4-J2xbOWmY,oQvUy6yPW-E,2ftFHvBo2MdakyYGwg2eS2,d1527232-146c-47b2-b45e-a7222ce8a1c4
present_same_path,certain,same_path,no,そこに鳴る/7 ultimate materials/03 渇望の日.m4a,渇望の日,そこに鳴る,そこに鳴る,7 ultimate materials,201.000,3667906,JCGd71ECr5M,JCGd71ECr5M,4siiCxdwlQesn8dDF09TVE,22d786f3-3765-4ace-a1fd-7ccd49f2418f,そこに鳴る/7 ultimate materials/03 渇望の日.m4a,渇望の日,そこに鳴る,そこに鳴る,7 ultimate materials,201.021,JCGd71ECr5M,JCGd71ECr5M,4siiCxdwlQesn8dDF09TVE,22d786f3-3765-4ace-a1fd-7ccd49f2418f
present_same_path,certain,same_path,no,そこに鳴る/透明/01 透明.m4a,透明,そこに鳴る,そこに鳴る,透明,170.828,3068719,fX3-nKr3Hag,VNP9OUrPn80,4uGObz1zPMzNy6ZMUnaFNR,,そこに鳴る/透明/01 透明.m4a,透明,そこに鳴る,そこに鳴る,透明,170.849,fX3-nKr3Hag,VNP9OUrPn80,4uGObz1zPMzNy6ZMUnaFNR,
present_same_path,certain,same_path,no,そこに鳴る/最低/01 最低.m4a,最低,そこに鳴る,そこに鳴る,最低,168.614,2948519,rLkPZWJ4Iv0,qLHFDWAN3BA,0i7s2uZAkEgTE40WjQzJTj,2411b150-591b-4532-9f43-4434a3d0dbf5,そこに鳴る/最低/01 最低.m4a,最低,そこに鳴る,そこに鳴る,最低,168.635,rLkPZWJ4Iv0,qLHFDWAN3BA,0i7s2uZAkEgTE40WjQzJTj,2411b150-591b-4532-9f43-4434a3d0dbf5
present_same_path,certain,same_path,no,tricot Official Channel/Unknown Album/1272 tricot「Bakusai 2020（-Vol.13-）DIGEST」.m4a,tricot「Bakusai 2020（-Vol.13-）DIGEST」,tricot Official Channel,tricot Official Channel,Unknown Album,674.603,11134574,uykJ_R0qR6o,uykJ_R0qR6o,,,tricot Official Channel/Unknown Album/1272 tricot「Bakusai 2020（-Vol.13-）DIGEST」.m4a,tricot「Bakusai 2020（-Vol.13-）DIGEST」,tricot Official Channel,tricot Official Channel,Unknown Album,674.624,uykJ_R0qR6o,uykJ_R0qR6o,,
present_same_path,certain,same_path,no,Split end/TEENAGER/01 TEENAGER.m4a,TEENAGER,Split end,Split end,TEENAGER,236.417,4276472,km7Q0KMeq9I,km7Q0KMeq9I,3kiaK1tguFsTTBkuyjs30j,91766f7e-1335-4864-973a-2bbf375e5fa2,Split end/TEENAGER/01 TEENAGER.m4a,TEENAGER,Split end,Split end,TEENAGER,236.438,km7Q0KMeq9I,km7Q0KMeq9I,3kiaK1tguFsTTBkuyjs30j,91766f7e-1335-4864-973a-2bbf375e5fa2
present_same_path,certain,same_path,no,Split end/deep love/01 deep love.m4a,deep love,Split end,Split end,deep love,235.747,4159353,D_60TbFv8y4,R1wG9dj8Sw8,3QyD6PkfdRWUrlbEzXoqBT,28f51f55-ea5f-475b-bec0-a2337c38b729,Split end/deep love/01 deep love.m4a,deep love,Split end,Split end,deep love,235.768,D_60TbFv8y4,R1wG9dj8Sw8,3QyD6PkfdRWUrlbEzXoqBT,28f51f55-ea5f-475b-bec0-a2337c38b729
present_same_path,certain,same_path,no,"Newfound Interest in Connecticut/Tell Me About the Long Dark Path Home/07 I Can Hear Your Footsteps Just Outside Camp - Sah, Sah, Sah….m4a","I Can Hear Your Footsteps Just Outside Camp - Sah, Sah, Sah…",Newfound Interest in Connecticut,Newfound Interest in Connecticut,Tell Me About the Long Dark Path Home,470.696,8127692,g8Hcxa_Qvog,e-0XFyNSyx0,,,"Newfound Interest in Connecticut/Tell Me About the Long Dark Path Home/07 I Can Hear Your Footsteps Just Outside Camp - Sah, Sah, Sah….m4a","I Can Hear Your Footsteps Just Outside Camp - Sah, Sah, Sah…",Newfound Interest in Connecticut,Newfound Interest in Connecticut,Tell Me About the Long Dark Path Home,470.710,g8Hcxa_Qvog,e-0XFyNSyx0,,
present_same_path,certain,same_path,no,KISIDAKYOUDAN & THEAKEBOSHIROCKETS/LITERAL WORLD/06 最後の夜空 - saigo no yozora.m4a,最後の夜空 - saigo no yozora,KISIDAKYOUDAN & THEAKEBOSHIROCKETS,KISIDAKYOUDAN & THEAKEBOSHIROCKETS,LITERAL WORLD,293.587,5004804,SwEKRALJxM4,SwEKRALJxM4,,,KISIDAKYOUDAN & THEAKEBOSHIROCKETS/LITERAL WORLD/06 最後の夜空 - saigo no yozora.m4a,最後の夜空 - saigo no yozora,KISIDAKYOUDAN & THEAKEBOSHIROCKETS,KISIDAKYOUDAN & THEAKEBOSHIROCKETS,LITERAL WORLD,293.608,SwEKRALJxM4,SwEKRALJxM4,,
present_same_path,certain,same_path,no,KISIDAKYOUDAN & THEAKEBOSHIROCKETS/LITERAL WORLD/335 暁を映して - akatsuki wo utushite.m4a,暁を映して - akatsuki wo utushite,KISIDAKYOUDAN & THEAKEBOSHIROCKETS,KISIDAKYOUDAN & THEAKEBOSHIROCKETS,LITERAL WORLD,219.960,3807506,6K0Qg0aov4I,6K0Qg0aov4I,,,KISIDAKYOUDAN & THEAKEBOSHIROCKETS/LITERAL WORLD/335 暁を映して - akatsuki wo utushite.m4a,暁を映して - akatsuki wo utushite,KISIDAKYOUDAN & THEAKEBOSHIROCKETS,KISIDAKYOUDAN & THEAKEBOSHIROCKETS,LITERAL WORLD,219.981,6K0Qg0aov4I,6K0Qg0aov4I,,
present_same_path,certain,same_path,no,KISIDAKYOUDAN & THEAKEBOSHIROCKETS/seventh world/04 Colorful.m4a,Colorful,KISIDAKYOUDAN & THEAKEBOSHIROCKETS,KISIDAKYOUDAN & THEAKEBOSHIROCKETS,seventh world,215.745,3850994,uz-Bi4gHFgA,uz-Bi4gHFgA,0ufAJ8hG3BBeROt0m5eZrX,,KISIDAKYOUDAN & THEAKEBOSHIROCKETS/seventh world/04 Colorful.m4a,Colorful,KISIDAKYOUDAN & THEAKEBOSHIROCKETS,KISIDAKYOUDAN & THEAKEBOSHIROCKETS,seventh world,215.766,uz-Bi4gHFgA,uz-Bi4gHFgA,0ufAJ8hG3BBeROt0m5eZrX,
present_same_path,certain,same_path,no,KISIDAKYOUDAN & THEAKEBOSHIROCKETS/seventh world/07 11月 - juichigatsu.m4a,11月 - juichigatsu,KISIDAKYOUDAN & THEAKEBOSHIROCKETS,KISIDAKYOUDAN & THEAKEBOSHIROCKETS,seventh world,322.858,5636803,-lsXWsr2Y18,-lsXWsr2Y18,,,KISIDAKYOUDAN & THEAKEBOSHIROCKETS/seventh world/07 11月 - juichigatsu.m4a,11月 - juichigatsu,KISIDAKYOUDAN & THEAKEBOSHIROCKETS,KISIDAKYOUDAN & THEAKEBOSHIROCKETS,seventh world,322.878,-lsXWsr2Y18,-lsXWsr2Y18,,
present_same_path,certain,same_path,no,No Buses/Boys Loved Her/485 Untouchable You.m4a,Untouchable You,No Buses,No Buses,Boys Loved Her,194.282,3448144,UIuDhvT7Uy0,UIuDhvT7Uy0,53Gs2a7kV4h6tBN0fCTtUY,cf810fb5-cbdd-4a28-b4b3-0db317e5dae4,No Buses/Boys Loved Her/485 Untouchable You.m4a,Untouchable You,No Buses,No Buses,Boys Loved Her,194.303,UIuDhvT7Uy0,UIuDhvT7Uy0,53Gs2a7kV4h6tBN0fCTtUY,cf810fb5-cbdd-4a28-b4b3-0db317e5dae4
present_same_path,certain,same_path,no,Vaundy/odoriko/01 踊り子 - odoriko.m4a,踊り子 - odoriko,Vaundy,Vaundy,odoriko,230.110,4036221,7HgJIAUtICU,CnlMTBwsBHs,1YXot2MLAG9sttepCtBRM7,bd09a525-86d8-46dc-85a5-4b305170c789,Vaundy/odoriko/01 踊り子 - odoriko.m4a,踊り子 - odoriko,Vaundy,Vaundy,odoriko,230.131,7HgJIAUtICU,CnlMTBwsBHs,1YXot2MLAG9sttepCtBRM7,bd09a525-86d8-46dc-85a5-4b305170c789
present_same_path,certain,same_path,no,INO hidefumi/In Dreams/02 Squall.m4a,Squall,INO hidefumi,INO hidefumi,In Dreams,238.008,4592814,dgR0HCBFIHI,GZcueK7Odvs,65IWAXd12gYL3vvp59u8UN,,INO hidefumi/In Dreams/02 Squall.m4a,Squall,INO hidefumi,INO hidefumi,In Dreams,238.022,dgR0HCBFIHI,GZcueK7Odvs,65IWAXd12gYL3vvp59u8UN,
present_same_path,certain,same_path,no,thai kick murph/Beauty and Youth/02 twilight.m4a,twilight,thai kick murph,thai kick murph,Beauty and Youth,259.120,4401519,f9T6RXLgGXs,f9T6RXLgGXs,1qAX6Lwqy6nXikerXTLRSZ,,thai kick murph/Beauty and Youth/02 twilight.m4a,twilight,thai kick murph,thai kick murph,Beauty and Youth,259.141,f9T6RXLgGXs,f9T6RXLgGXs,1qAX6Lwqy6nXikerXTLRSZ,
present_same_path,certain,same_path,no,thai kick murph/Beauty and Youth/03 May.m4a,May,thai kick murph,thai kick murph,Beauty and Youth,355.354,6008495,alsyi_jZ7dY,alsyi_jZ7dY,6n4cE3bDk2KqGv7jQ2NW7g,,thai kick murph/Beauty and Youth/03 May.m4a,May,thai kick murph,thai kick murph,Beauty and Youth,355.375,alsyi_jZ7dY,alsyi_jZ7dY,6n4cE3bDk2KqGv7jQ2NW7g,
present_same_path,certain,same_path,no,thai kick murph/Unknown Album/1130 thai kick murph _Beauty and Youth_.m4a,"thai kick murph  ""Beauty and Youth""",thai kick murph,thai kick murph,Unknown Album,292.943,4895141,fNB9G1Ddv_E,fNB9G1Ddv_E,,,thai kick murph/Unknown Album/1130 thai kick murph _Beauty and Youth_.m4a,"thai kick murph  ""Beauty and Youth""",thai kick murph,thai kick murph,Unknown Album,292.966,fNB9G1Ddv_E,fNB9G1Ddv_E,,
present_same_path,certain,same_path,no,gakutaura/Unknown Album/870 SOUL JAPAN(田浦楽) _ '落ちこぼれからの脱却' Official Music Video.m4a,SOUL JAPAN(田浦楽) / '落ちこぼれからの脱却' Official Music Video,gakutaura,gakutaura,Unknown Album,252.054,4117072,e336xsKgd54,e336xsKgd54,,,gakutaura/Unknown Album/870 SOUL JAPAN(田浦楽) _ '落ちこぼれからの脱却' Official Music Video.m4a,SOUL JAPAN(田浦楽) / '落ちこぼれからの脱却' Official Music Video,gakutaura,gakutaura,Unknown Album,252.075,e336xsKgd54,e336xsKgd54,,
present_same_path,certain,same_path,no,When In Rome/When In Rome/01 The Promise.m4a,The Promise,When In Rome,When In Rome,When In Rome,220.960,3789503,5HI_xFQWiYU,vyLtOeT-5vY,48p5E25cFPanxuwCTmTpuL,0f3dcc8b-6a0c-4bed-ab6d-2e8da3509f05,When In Rome/When In Rome/01 The Promise.m4a,The Promise,When In Rome,When In Rome,When In Rome,220.981,5HI_xFQWiYU,vyLtOeT-5vY,48p5E25cFPanxuwCTmTpuL,0f3dcc8b-6a0c-4bed-ab6d-2e8da3509f05
present_same_path,certain,same_path,no,DEBOIN/Unknown Album/150 泉まくら _ Izumi Makura - 棄てるなどして (prod. EVISBEATS).m4a,泉まくら / Izumi Makura - 棄てるなどして (prod. EVISBEATS),DEBOIN,DEBOIN,Unknown Album,172.459,3057177,cRsgKsCIlAU,cRsgKsCIlAU,,,DEBOIN/Unknown Album/150 泉まくら _ Izumi Makura - 棄てるなどして (prod. EVISBEATS).m4a,泉まくら / Izumi Makura - 棄てるなどして (prod. EVISBEATS),DEBOIN,DEBOIN,Unknown Album,172.480,cRsgKsCIlAU,cRsgKsCIlAU,,
present_same_path,certain,same_path,no,Monteiro 00s/Unknown Album/444 majiko - Hypocrite Syndrome.m4a,majiko - Hypocrite Syndrome,Monteiro 00s,Monteiro 00s,Unknown Album,327.007,4564477,mnuv_ZHkG-Y,mnuv_ZHkG-Y,,,Monteiro 00s/Unknown Album/444 majiko - Hypocrite Syndrome.m4a,majiko - Hypocrite Syndrome,Monteiro 00s,Monteiro 00s,Unknown Album,327.028,mnuv_ZHkG-Y,mnuv_ZHkG-Y,,
present_same_path,certain,same_path,no,Hitsujibungaku/our hope/10 OOPARTS.m4a,OOPARTS,Hitsujibungaku,Hitsujibungaku,our hope,306.701,5222552,b77y39iqxWk,RvQZfwgoPcs,2WxK04UTeg0ZkYWaw5DLdm,25fc1135-2b76-48cd-a357-d1f248c5d606,Hitsujibungaku/our hope/10 OOPARTS.m4a,OOPARTS,Hitsujibungaku,Hitsujibungaku,our hope,306.715,b77y39iqxWk,RvQZfwgoPcs,2WxK04UTeg0ZkYWaw5DLdm,25fc1135-2b76-48cd-a357-d1f248c5d606
present_same_path,certain,same_path,no,Hitsujibungaku/our hope/01 hopi.m4a,hopi,Hitsujibungaku,Hitsujibungaku,our hope,270.120,4614925,995Y5uXHEa4,995Y5uXHEa4,4D0QKrI7YALNbc1k8gCc91,19332911-61b0-4e06-b9b0-7d153bb814a7,Hitsujibungaku/our hope/01 hopi.m4a,hopi,Hitsujibungaku,Hitsujibungaku,our hope,270.141,995Y5uXHEa4,995Y5uXHEa4,4D0QKrI7YALNbc1k8gCc91,19332911-61b0-4e06-b9b0-7d153bb814a7
present_same_path,certain,same_path,no,"Hitsujibungaku/Dear Youths,/09 涙の行方 - Whereabouts of Tears.m4a",涙の行方 - Whereabouts of Tears,Hitsujibungaku,Hitsujibungaku,"Dear Youths,",271.575,4641706,-HIZf92Fj4A,-HIZf92Fj4A,,,"Hitsujibungaku/Dear Youths,/09 涙の行方 - Whereabouts of Tears.m4a",涙の行方 - Whereabouts of Tears,Hitsujibungaku,Hitsujibungaku,"Dear Youths,",271.596,-HIZf92Fj4A,-HIZf92Fj4A,,
present_same_path,certain,same_path,no,"Hitsujibungaku/Dear Youths,/07 Step.m4a",Step,Hitsujibungaku,Hitsujibungaku,"Dear Youths,",337.384,5740174,HC84nW9mpoo,Vo5RnZszs_g,3fEgO6kXPBqHuxrmETUXzw,,"Hitsujibungaku/Dear Youths,/07 Step.m4a",Step,Hitsujibungaku,Hitsujibungaku,"Dear Youths,",337.405,HC84nW9mpoo,Vo5RnZszs_g,3fEgO6kXPBqHuxrmETUXzw,
present_same_path,certain,same_path,no,Primera Starrk/Unknown Album/538 Deftones - Entombed.m4a,Deftones - Entombed,Primera Starrk,Primera Starrk,Unknown Album,299.457,5119350,67oBykAKUuk,67oBykAKUuk,,,Primera Starrk/Unknown Album/538 Deftones - Entombed.m4a,Deftones - Entombed,Primera Starrk,Primera Starrk,Unknown Album,299.477,67oBykAKUuk,67oBykAKUuk,,
present_same_path,certain,same_path,no,Danny Yau/Unknown Album/155 What If 'G.O.A.T.' Was Made By Ichika And 'I Miss You' Was Made By Tim.m4a,What If 'G.O.A.T.' Was Made By Ichika And 'I Miss You' Was Made By Tim,Danny Yau,Danny Yau,Unknown Album,71.564,1306080,PZkYoXWCtZ8,PZkYoXWCtZ8,,,Danny Yau/Unknown Album/155 What If 'G.O.A.T.' Was Made By Ichika And 'I Miss You' Was Made By Tim.m4a,What If 'G.O.A.T.' Was Made By Ichika And 'I Miss You' Was Made By Tim,Danny Yau,Danny Yau,Unknown Album,71.585,PZkYoXWCtZ8,PZkYoXWCtZ8,,
present_same_path,certain,same_path,no,Utsu-P/Unknown Album/749 MiKUSABBATH.m4a,MiKUSABBATH,Utsu-P,Utsu-P,Unknown Album,234.496,4104779,y8nKlSIuAOY,y8nKlSIuAOY,6ObEJZG215KvEIulCujROS,,Utsu-P/Unknown Album/749 MiKUSABBATH.m4a,MiKUSABBATH,Utsu-P,Utsu-P,Unknown Album,234.517,y8nKlSIuAOY,y8nKlSIuAOY,6ObEJZG215KvEIulCujROS,
present_same_path,certain,same_path,no,Ted Stevens/Unknown Album/670 「トレイン to トレイン」 AKA Trainroll.m4a,「トレイン to トレイン」 AKA Trainroll,Ted Stevens,Ted Stevens,Unknown Album,901.376,15180790,LJ9vkt7BHYI,LJ9vkt7BHYI,,,Ted Stevens/Unknown Album/670 「トレイン to トレイン」 AKA Trainroll.m4a,「トレイン to トレイン」 AKA Trainroll,Ted Stevens,Ted Stevens,Unknown Album,901.397,LJ9vkt7BHYI,LJ9vkt7BHYI,,
present_same_path,certain,same_path,no,LilyChouChou2000/Unknown Album/389 Lily Chou-Chou「エーテル」Music Video.m4a,Lily Chou-Chou「エーテル」Music Video,LilyChouChou2000,LilyChouChou2000,Unknown Album,515.739,8751040,MTlH-4tt9Vo,MTlH-4tt9Vo,,,LilyChouChou2000/Unknown Album/389 Lily Chou-Chou「エーテル」Music Video.m4a,Lily Chou-Chou「エーテル」Music Video,LilyChouChou2000,LilyChouChou2000,Unknown Album,515.760,MTlH-4tt9Vo,MTlH-4tt9Vo,,
present_same_path,certain,same_path,no,Ghost like girlfriend/Manhattan Records presents CITY HIP POP MIX - Special Chapter -/230 Ghost like girlfriend - 煙と唾.m4a,Ghost like girlfriend - 煙と唾,Ghost like girlfriend,Ghost like girlfriend,Manhattan Records presents CITY HIP POP MIX - Special Chapter -,255.766,4317932,sg9AoqTuR1g,sg9AoqTuR1g,,4d512161-a2ab-4ce6-a3c4-17d38975c4a6,Ghost like girlfriend/Manhattan Records presents CITY HIP POP MIX - Special Chapter -/230 Ghost like girlfriend - 煙と唾.m4a,Ghost like girlfriend - 煙と唾,Ghost like girlfriend,Ghost like girlfriend,Manhattan Records presents CITY HIP POP MIX - Special Chapter -,255.787,sg9AoqTuR1g,sg9AoqTuR1g,,4d512161-a2ab-4ce6-a3c4-17d38975c4a6
present_same_path,certain,same_path,no,yotsu/Unknown Album/1291 J E N - n o t y e t.m4a,J E N - n o t  y e t,yotsu,yotsu,Unknown Album,157.312,2682874,Ex1o5QT4DEw,Ex1o5QT4DEw,,,yotsu/Unknown Album/1291 J E N - n o t y e t.m4a,J E N - n o t  y e t,yotsu,yotsu,Unknown Album,157.333,Ex1o5QT4DEw,Ex1o5QT4DEw,,
present_same_path,certain,same_path,no,GYARI（ココアシガレットP）/超銀河キズユカ歌合戦/01 アカリがやってきたぞっ.m4a,アカリがやってきたぞっ,GYARI（ココアシガレットP）,GYARI（ココアシガレットP）,超銀河キズユカ歌合戦,301.000,5296246,tyneiz9FRMw,GyYXImOwxQk,30pClJVjlqrAvdvXjETPLP,,GYARI（ココアシガレットP）/超銀河キズユカ歌合戦/01 アカリがやってきたぞっ.m4a,アカリがやってきたぞっ,GYARI（ココアシガレットP）,GYARI（ココアシガレットP）,超銀河キズユカ歌合戦,301.021,tyneiz9FRMw,GyYXImOwxQk,30pClJVjlqrAvdvXjETPLP,
present_same_path,certain,same_path,no,Paradox Sphere/Unknown Album/516 PSYQUI - Pallet feat. mikanzil.m4a,PSYQUI - Pallet feat. mikanzil,Paradox Sphere,Paradox Sphere,Unknown Album,300.002,5139678,YzW-qmHiFsI,YzW-qmHiFsI,,,Paradox Sphere/Unknown Album/516 PSYQUI - Pallet feat. mikanzil.m4a,PSYQUI - Pallet feat. mikanzil,Paradox Sphere,Paradox Sphere,Unknown Album,300.023,YzW-qmHiFsI,YzW-qmHiFsI,,
present_same_path,certain,same_path,no,Dead Kennedys/Give Me Convenience or Give Me Death/08 Holiday in Cambodia.m4a,Holiday in Cambodia,Dead Kennedys,Dead Kennedys,Give Me Convenience or Give Me Death,224.873,4102368,-KTsXHXMkJA,v0Uc6ZWDF3c,,058a720b-4e79-4507-aca5-8ee4b9b6161d,Dead Kennedys/Give Me Convenience or Give Me Death/08 Holiday in Cambodia.m4a,Holiday in Cambodia,Dead Kennedys,Dead Kennedys,Give Me Convenience or Give Me Death,224.895,-KTsXHXMkJA,v0Uc6ZWDF3c,,058a720b-4e79-4507-aca5-8ee4b9b6161d
present_same_path,certain,same_path,no,Frog Leap Studios/Unknown Album/214 Toto - Africa (metal cover by Leo Moracchioli feat. Rabea & Hannah).m4a,Toto - Africa (metal cover by Leo Moracchioli feat. Rabea & Hannah),Frog Leap Studios,Frog Leap Studios,Unknown Album,417.089,6942203,MH9FyLsfDzw,MH9FyLsfDzw,,,Frog Leap Studios/Unknown Album/214 Toto - Africa (metal cover by Leo Moracchioli feat. Rabea & Hannah).m4a,Toto - Africa (metal cover by Leo Moracchioli feat. Rabea & Hannah),Frog Leap Studios,Frog Leap Studios,Unknown Album,417.110,MH9FyLsfDzw,MH9FyLsfDzw,,
present_same_path,certain,same_path,no,UEDA MARIE/BRAVER/01 BRAVER.m4a,BRAVER,UEDA MARIE,UEDA MARIE,BRAVER,233.334,3927588,Ggau7DOCqe8,Ggau7DOCqe8,1qB9EVL6iYyhUiOhoZlPIW,,UEDA MARIE/BRAVER/01 BRAVER.m4a,BRAVER,UEDA MARIE,UEDA MARIE,BRAVER,233.355,Ggau7DOCqe8,Ggau7DOCqe8,1qB9EVL6iYyhUiOhoZlPIW,
present_same_path,certain,same_path,no,sakanaction/sakanaction/1015 ミュージック - Music.m4a,ミュージック - Music,sakanaction,sakanaction,sakanaction,322.987,5442204,IsZAevIfvM0,IsZAevIfvM0,21kn2sWOZANPZHGOpW7pG9,,sakanaction/sakanaction/1015 ミュージック - Music.m4a,ミュージック - Music,sakanaction,sakanaction,sakanaction,323.008,IsZAevIfvM0,IsZAevIfvM0,21kn2sWOZANPZHGOpW7pG9,
present_same_path,certain,same_path,no,sakanaction/834.194/01 忘れられないの - Wasurerarenaino.m4a,忘れられないの - Wasurerarenaino,sakanaction,sakanaction,834.194,251.800,5009766,BxqYUbNR-c0,HbXaUmWaU5Q,2S54A3K3Hg2bJTNYZR9G6M,,sakanaction/834.194/01 忘れられないの - Wasurerarenaino.m4a,忘れられないの - Wasurerarenaino,sakanaction,sakanaction,834.194,251.821,BxqYUbNR-c0,HbXaUmWaU5Q,2S54A3K3Hg2bJTNYZR9G6M,
present_same_path,certain,same_path,no,sakanaction/834.194/1014 新宝島 - Shin Takara Jima.m4a,新宝島 - Shin Takara Jima,sakanaction,sakanaction,834.194,305.000,5806435,0EuC4jUbITA,0EuC4jUbITA,2lFPez5dyZ6nqIrDCrpQxc,,sakanaction/834.194/1014 新宝島 - Shin Takara Jima.m4a,新宝島 - Shin Takara Jima,sakanaction,sakanaction,834.194,305.021,0EuC4jUbITA,0EuC4jUbITA,2lFPez5dyZ6nqIrDCrpQxc,
present_same_path,certain,same_path,no,natori/The Abyss/06 EAT.m4a,EAT,natori,natori,The Abyss,225.694,3779180,gG0TUgNgsSQ,gG0TUgNgsSQ,1gQwZBMjXtZx1C3ApGaHRT,,natori/The Abyss/06 EAT.m4a,EAT,natori,natori,The Abyss,225.715,gG0TUgNgsSQ,gG0TUgNgsSQ,1gQwZBMjXtZx1C3ApGaHRT,
present_same_path,certain,same_path,no,chatmonchy/Miminari/10 終わりなきBGM - Owarinaki BGM.m4a,終わりなきBGM - Owarinaki BGM,chatmonchy,chatmonchy,Miminari,205.467,3504215,2Xmgpujrleo,2Xmgpujrleo,,,chatmonchy/Miminari/10 終わりなきBGM - Owarinaki BGM.m4a,終わりなきBGM - Owarinaki BGM,chatmonchy,chatmonchy,Miminari,205.488,2Xmgpujrleo,2Xmgpujrleo,,
present_same_path,certain,same_path,no,MFUB/Unknown Album/402 [BB against TheEvolutionFusion] Across The Ocean [WON].m4a,[BB against TheEvolutionFusion]  Across The Ocean [WON],MFUB,MFUB,Unknown Album,64.366,1182947,UovBn4etDfM,UovBn4etDfM,,,MFUB/Unknown Album/402 [BB against TheEvolutionFusion] Across The Ocean [WON].m4a,[BB against TheEvolutionFusion]  Across The Ocean [WON],MFUB,MFUB,Unknown Album,64.387,UovBn4etDfM,UovBn4etDfM,,
present_same_path,certain,same_path,no,Last Dinosaurs/Wellness/06 Apollo.m4a,Apollo,Last Dinosaurs,Last Dinosaurs,Wellness,205.494,3868624,M01rsp80LCk,AMMOIQLfYAE,4FMsnzJirE6Y8SMscJjsX0,3591329e-34bb-44b6-bb87-bd67a788ba84,Last Dinosaurs/Wellness/06 Apollo.m4a,Apollo,Last Dinosaurs,Last Dinosaurs,Wellness,205.515,M01rsp80LCk,AMMOIQLfYAE,4FMsnzJirE6Y8SMscJjsX0,3591329e-34bb-44b6-bb87-bd67a788ba84
present_same_path,certain,same_path,no,Nikoん/fragile Report/483 とぅ～ばっど.m4a,とぅ～ばっど,Nikoん,Nikoん,fragile Report,275.286,4198614,db9KFJQp2PE,db9KFJQp2PE,,922643bd-b9e5-4548-bf5e-7b2219f5fbbf,Nikoん/fragile Report/483 とぅ～ばっど.m4a,とぅ～ばっど,Nikoん,Nikoん,fragile Report,275.307,db9KFJQp2PE,db9KFJQp2PE,,922643bd-b9e5-4548-bf5e-7b2219f5fbbf
present_same_path,certain,same_path,no,kirye/SONEMI/03 Odd Time.m4a,Odd Time,kirye,kirye,SONEMI,174.452,3301619,13Z5Z0i_J5w,h-P5ujuyQzg,3JhQ0Rk04LIodl6KLb6WuN,,kirye/SONEMI/03 Odd Time.m4a,Odd Time,kirye,kirye,SONEMI,174.473,13Z5Z0i_J5w,h-P5ujuyQzg,3JhQ0Rk04LIodl6KLb6WuN,
present_same_path,certain,same_path,no,kirye/SONEMI/06 ホロンの唄 - Horon no Uta (feat. Shuri).m4a,ホロンの唄 - Horon no Uta (feat. Shuri),kirye,kirye,SONEMI,196.128,3628653,4vULSolvORc,JBJg_EjMuSg,12B22tIQQR3UdYVRS0nccb,,kirye/SONEMI/06 ホロンの唄 - Horon no Uta (feat. Shuri).m4a,ホロンの唄 - Horon no Uta (feat. Shuri),kirye,kirye,SONEMI,196.149,4vULSolvORc,JBJg_EjMuSg,12B22tIQQR3UdYVRS0nccb,
present_same_path,certain,same_path,no,kirye/NETAMI/03 OZO.m4a,OZO,kirye,kirye,NETAMI,198.206,3563654,Rf7tkDk8GLM,VcosGW78N3A,7r8OCliDqqG8qmKmFvalkg,,kirye/NETAMI/03 OZO.m4a,OZO,kirye,kirye,NETAMI,198.227,Rf7tkDk8GLM,VcosGW78N3A,7r8OCliDqqG8qmKmFvalkg,
present_same_path,certain,same_path,no,kirye/NETAMI/01 HELIX.m4a,HELIX,kirye,kirye,NETAMI,144.185,2691425,x3yck_8c-2M,vCSI1_5XhGQ,3pdar9jT1H9GDCwIk8cyjL,,kirye/NETAMI/01 HELIX.m4a,HELIX,kirye,kirye,NETAMI,144.206,x3yck_8c-2M,vCSI1_5XhGQ,3pdar9jT1H9GDCwIk8cyjL,
present_same_path,certain,same_path,no,David Hoffman/Unknown Album/159 BB King Was Afraid To Perform At Sing Sing Prison But Called It His Best Performance Ever.m4a,BB King Was Afraid To Perform At Sing Sing Prison But Called It His Best Performance Ever,David Hoffman,David Hoffman,Unknown Album,336.214,5755815,LWLAAzOBoBI,LWLAAzOBoBI,,,David Hoffman/Unknown Album/159 BB King Was Afraid To Perform At Sing Sing Prison But Called It His Best Performance Ever.m4a,BB King Was Afraid To Perform At Sing Sing Prison But Called It His Best Performance Ever,David Hoffman,David Hoffman,Unknown Album,336.235,LWLAAzOBoBI,LWLAAzOBoBI,,
present_same_path,certain,same_path,no,Special Favorite Music/Magic Hour/01 Magic Hour.m4a,Magic Hour,Special Favorite Music,Special Favorite Music,Magic Hour,327.932,5561431,ry8AmGdJVUc,EVgiwKQwdHU,05cmasrOI22twBcbFxKmCC,058c2666-e624-484d-b866-3e0c65cceb7f,Special Favorite Music/Magic Hour/01 Magic Hour.m4a,Magic Hour,Special Favorite Music,Special Favorite Music,Magic Hour,327.952,ry8AmGdJVUc,EVgiwKQwdHU,05cmasrOI22twBcbFxKmCC,058c2666-e624-484d-b866-3e0c65cceb7f
present_same_path,certain,same_path,no,Muse/Origin of Symmetry/03 Space Dementia.m4a,Space Dementia,Muse,Muse,Origin of Symmetry,380.768,6503872,-bNnekk2_Yk,zcyySVEKMAw,,2a566a23-cbf7-428f-ba0c-da395f7dc3c4,Muse/Origin of Symmetry/03 Space Dementia.m4a,Space Dementia,Muse,Muse,Origin of Symmetry,380.782,-bNnekk2_Yk,zcyySVEKMAw,,2a566a23-cbf7-428f-ba0c-da395f7dc3c4
present_same_path,certain,same_path,no,Sofar Sounds/Unknown Album/617 Sylvan LaCue - Grateful _ Sofar Los Angeles.m4a,Sylvan LaCue - Grateful | Sofar Los Angeles,Sofar Sounds,Sofar Sounds,Unknown Album,217.387,3554596,Cce8I7aXGNg,Cce8I7aXGNg,,,Sofar Sounds/Unknown Album/617 Sylvan LaCue - Grateful _ Sofar Los Angeles.m4a,Sylvan LaCue - Grateful | Sofar Los Angeles,Sofar Sounds,Sofar Sounds,Unknown Album,217.408,Cce8I7aXGNg,Cce8I7aXGNg,,
present_same_path,certain,same_path,no,rourourourous/Yurameki/01 ゆらめき - Yurameki.m4a,ゆらめき - Yurameki,rourourourous,rourourourous,Yurameki,186.107,3248357,1ryolT32J_M,1ryolT32J_M,02AyQ1FjhCsnlsiHvX8QT3,,rourourourous/Yurameki/01 ゆらめき - Yurameki.m4a,ゆらめき - Yurameki,rourourourous,rourourourous,Yurameki,186.128,1ryolT32J_M,1ryolT32J_M,02AyQ1FjhCsnlsiHvX8QT3,
present_same_path,certain,same_path,no,Ether Feels/When the First Time We Met/06 lightwave.m4a,lightwave,Ether Feels,Ether Feels,When the First Time We Met,381.385,6336403,xycfyqpyEXw,xycfyqpyEXw,0uMLaD23M0fNY2581lspOf,35921ba7-0791-4cd7-8e84-f9014bd2671c,Ether Feels/When the First Time We Met/06 lightwave.m4a,lightwave,Ether Feels,Ether Feels,When the First Time We Met,381.406,xycfyqpyEXw,xycfyqpyEXw,0uMLaD23M0fNY2581lspOf,35921ba7-0791-4cd7-8e84-f9014bd2671c
present_same_path,certain,same_path,no,Ether Feels/When the First Time We Met/05 raindrop sparkle.m4a,raindrop sparkle,Ether Feels,Ether Feels,When the First Time We Met,353.572,5868756,Lm3_pKiE9kk,Lm3_pKiE9kk,0e0A5ftkmVfMieLuXRlu7R,4304e1de-5991-4628-9ed9-bff421a80efe,Ether Feels/When the First Time We Met/05 raindrop sparkle.m4a,raindrop sparkle,Ether Feels,Ether Feels,When the First Time We Met,353.593,Lm3_pKiE9kk,Lm3_pKiE9kk,0e0A5ftkmVfMieLuXRlu7R,4304e1de-5991-4628-9ed9-bff421a80efe
present_same_path,certain,same_path,no,ROTTENGRAFFTY/Akizakura/01 秋桜 - Akizakura.m4a,秋桜 - Akizakura,ROTTENGRAFFTY,ROTTENGRAFFTY,Akizakura,130.595,2499245,xiFFpurgiHQ,FgNi3WpHr_0,6N5ouLoG3ODV0U0oet9FnA,ca692eff-afd8-44b1-9484-61ff679fa4d3,ROTTENGRAFFTY/Akizakura/01 秋桜 - Akizakura.m4a,秋桜 - Akizakura,ROTTENGRAFFTY,ROTTENGRAFFTY,Akizakura,130.608,xiFFpurgiHQ,FgNi3WpHr_0,6N5ouLoG3ODV0U0oet9FnA,ca692eff-afd8-44b1-9484-61ff679fa4d3
present_same_path,certain,same_path,no,David Dean Burkhart/Unknown Album/157 Rosemary Fairweather - Chemicals.m4a,Rosemary Fairweather - Chemicals,David Dean Burkhart,David Dean Burkhart,Unknown Album,231.376,3909443,mGrcG-7EeVk,mGrcG-7EeVk,,,David Dean Burkhart/Unknown Album/157 Rosemary Fairweather - Chemicals.m4a,Rosemary Fairweather - Chemicals,David Dean Burkhart,David Dean Burkhart,Unknown Album,231.397,mGrcG-7EeVk,mGrcG-7EeVk,,
present_same_path,certain,same_path,no,David Dean Burkhart/Unknown Album/158 Skinshape - I Didn't Know.m4a,Skinshape - I Didn't Know,David Dean Burkhart,David Dean Burkhart,Unknown Album,219.325,3903927,CnD8g_7_-bY,CnD8g_7_-bY,,,David Dean Burkhart/Unknown Album/158 Skinshape - I Didn't Know.m4a,Skinshape - I Didn't Know,David Dean Burkhart,David Dean Burkhart,Unknown Album,219.345,CnD8g_7_-bY,CnD8g_7_-bY,,
present_same_path,certain,same_path,no,Cavetown/Sleepyhead/109 Sweet Tooth.m4a,Sweet Tooth,Cavetown,Cavetown,Sleepyhead,246.250,4359387,Ypmes7XisTg,QJxbuMITD88,6TCmU4U7Ooqep96bnYx5lH,dfe9a771-bb8f-4257-a962-6711162c498d,Cavetown/Sleepyhead/109 Sweet Tooth.m4a,Sweet Tooth,Cavetown,Cavetown,Sleepyhead,246.271,Ypmes7XisTg,QJxbuMITD88,6TCmU4U7Ooqep96bnYx5lH,dfe9a771-bb8f-4257-a962-6711162c498d
present_same_path,certain,same_path,no,RADWIMPS/Your Name./08 Zenzenzense - movie ver..m4a,Zenzenzense - movie ver.,RADWIMPS,RADWIMPS,Your Name.,285.880,4867676,PDSkFeMVNFs,qp0AktOIAag,2DLrgv7HhJanCuD8L9uJLR,,RADWIMPS/Your Name./08 Zenzenzense - movie ver..m4a,Zenzenzense - movie ver.,RADWIMPS,RADWIMPS,Your Name.,285.901,PDSkFeMVNFs,qp0AktOIAag,2DLrgv7HhJanCuD8L9uJLR,
present_same_path,certain,same_path,no,ZUTOMAYO/Kan Saete Kuyashiiwa/01 勘冴えて悔しいわ - Kan Saete Kuyashiiwa.m4a,勘冴えて悔しいわ - Kan Saete Kuyashiiwa,ZUTOMAYO,ZUTOMAYO,Kan Saete Kuyashiiwa,236.027,4437393,MJhiY9Crd94,MJhiY9Crd94,73cGVRpESgJ2hs04fj5jUe,,ZUTOMAYO/Kan Saete Kuyashiiwa/01 勘冴えて悔しいわ - Kan Saete Kuyashiiwa.m4a,勘冴えて悔しいわ - Kan Saete Kuyashiiwa,ZUTOMAYO,ZUTOMAYO,Kan Saete Kuyashiiwa,236.048,MJhiY9Crd94,MJhiY9Crd94,73cGVRpESgJ2hs04fj5jUe,
present_same_path,certain,same_path,no,ZUTOMAYO/Hogarakana Hifutote Fufuku/02 お勉強しといてよ.m4a,お勉強しといてよ,ZUTOMAYO,ZUTOMAYO,Hogarakana Hifutote Fufuku,279.027,5014338,Atvsg_zogxo,F6UxzaCj5o0,6k90ibcH1z8Mx9684nfuLW,,ZUTOMAYO/Hogarakana Hifutote Fufuku/02 お勉強しといてよ.m4a,お勉強しといてよ,ZUTOMAYO,ZUTOMAYO,Hogarakana Hifutote Fufuku,279.048,Atvsg_zogxo,F6UxzaCj5o0,6k90ibcH1z8Mx9684nfuLW,
present_same_path,certain,same_path,no,Can't Stop Won't Stop/Wildebeest/05 Scrape the Sky (feat. Fresh Big Mouf).m4a,Scrape the Sky (feat. Fresh Big Mouf),Can't Stop Won't Stop,Can't Stop Won't Stop,Wildebeest,233.051,4146601,9A2XADj8z9Y,_oMGnjkTm6A,,,Can't Stop Won't Stop/Wildebeest/05 Scrape the Sky (feat. Fresh Big Mouf).m4a,Scrape the Sky (feat. Fresh Big Mouf),Can't Stop Won't Stop,Can't Stop Won't Stop,Wildebeest,233.071,9A2XADj8z9Y,_oMGnjkTm6A,,
present_same_path,certain,same_path,no,Kenshi Yonezu/BOW AND ARROW/01 BOW AND ARROW.m4a,BOW AND ARROW,Kenshi Yonezu,Kenshi Yonezu,BOW AND ARROW,175.728,3309927,tpnu2s-Agjg,tpnu2s-Agjg,0NHu2Lo9MWkvhOggEy1bYg,,Kenshi Yonezu/BOW AND ARROW/01 BOW AND ARROW.m4a,BOW AND ARROW,Kenshi Yonezu,Kenshi Yonezu,BOW AND ARROW,175.748,tpnu2s-Agjg,tpnu2s-Agjg,0NHu2Lo9MWkvhOggEy1bYg,
present_same_path,certain,same_path,no,beautysupplyinc/Unknown Album/808 「tricot」potage from hell.m4a,「tricot」potage  from hell,beautysupplyinc,beautysupplyinc,Unknown Album,64.273,1210901,WGxwsCVyZJA,WGxwsCVyZJA,,,beautysupplyinc/Unknown Album/808 「tricot」potage from hell.m4a,「tricot」potage  from hell,beautysupplyinc,beautysupplyinc,Unknown Album,64.294,WGxwsCVyZJA,WGxwsCVyZJA,,
present_same_path,certain,same_path,no,Shiena Nishizawa/Break Your Fate/07 Brand-new World.m4a,Brand-new World,SHIENA NISHIZAWA,Shiena Nishizawa,Break Your Fate,248.400,4397190,ZXbw1_YEJj8,ZXbw1_YEJj8,3oOrhJZaQzETgPpPHzBcOr,,Shiena Nishizawa/Break Your Fate/07 Brand-new World.m4a,Brand-new World,SHIENA NISHIZAWA,Shiena Nishizawa,Break Your Fate,248.421,ZXbw1_YEJj8,ZXbw1_YEJj8,3oOrhJZaQzETgPpPHzBcOr,
present_same_path,certain,same_path,no,yuragi/nightlife/03 AO..m4a,AO.,yuragi,yuragi,nightlife,451.000,7610536,cmWNLjU6x2w,cmWNLjU6x2w,5ITYXwqWwe2z17EBbItPYh,,yuragi/nightlife/03 AO..m4a,AO.,yuragi,yuragi,nightlife,451.021,cmWNLjU6x2w,cmWNLjU6x2w,5ITYXwqWwe2z17EBbItPYh,
present_same_path,certain,same_path,no,Goose house/Unknown Album/236 Ref_rain／Aimer（Cover）.m4a,Ref:rain／Aimer（Cover）,Goose house,Goose house,Unknown Album,396.694,6538059,eGBxC7RQxsY,eGBxC7RQxsY,,,Goose house/Unknown Album/236 Ref_rain／Aimer（Cover）.m4a,Ref:rain／Aimer（Cover）,Goose house,Goose house,Unknown Album,396.715,eGBxC7RQxsY,eGBxC7RQxsY,,
present_same_path,certain,same_path,no,Goose house/Unknown Album/235 少女S／SCANDAL（Cover）.m4a,少女S／SCANDAL（Cover）,Goose house,Goose house,Unknown Album,260.630,4385646,FOs04eyWBKQ,FOs04eyWBKQ,,,Goose house/Unknown Album/235 少女S／SCANDAL（Cover）.m4a,少女S／SCANDAL（Cover）,Goose house,Goose house,Unknown Album,260.651,FOs04eyWBKQ,FOs04eyWBKQ,,
present_same_path,certain,same_path,no,Goose house/Hikarunara/01 光るなら - Hikarunara.m4a,光るなら - Hikarunara,Goose house,Goose house,Hikarunara,254.134,4416119,SnXkhkEvNIM,c6rCRy6SrtU,2BlDX1yfT0ea5wo0vjCKKa,86361322-8326-4a4a-af26-7ab245d2aa71,Goose house/Hikarunara/01 光るなら - Hikarunara.m4a,光るなら - Hikarunara,Goose house,Goose house,Hikarunara,254.155,SnXkhkEvNIM,c6rCRy6SrtU,2BlDX1yfT0ea5wo0vjCKKa,86361322-8326-4a4a-af26-7ab245d2aa71
present_same_path,certain,same_path,no,Novectacle/The House in Fata Morgana (Original Sound Track)/490 Giselle.m4a,Giselle,Novectacle,Novectacle,The House in Fata Morgana (Original Sound Track),300.554,5202171,2PqKxRuSFyk,2PqKxRuSFyk,046BbtcMxEbYO164g0nxFK,,Novectacle/The House in Fata Morgana (Original Sound Track)/490 Giselle.m4a,Giselle,Novectacle,Novectacle,The House in Fata Morgana (Original Sound Track),300.575,2PqKxRuSFyk,2PqKxRuSFyk,046BbtcMxEbYO164g0nxFK,
present_same_path,certain,same_path,no,Lantis Channel/Unknown Album/380 [Official MV] 青空のラプソディ（スーパーちょろゴンず ver.）-9.22 Release-.m4a,[Official MV] 青空のラプソディ（スーパーちょろゴンず ver.）-9.22 Release-,Lantis Channel,Lantis Channel,Unknown Album,277.990,4660112,yrFYVd8BiL8,yrFYVd8BiL8,,,Lantis Channel/Unknown Album/380 [Official MV] 青空のラプソディ（スーパーちょろゴンず ver.）-9.22 Release-.m4a,[Official MV] 青空のラプソディ（スーパーちょろゴンず ver.）-9.22 Release-,Lantis Channel,Lantis Channel,Unknown Album,278.011,yrFYVd8BiL8,yrFYVd8BiL8,,
present_same_path,certain,same_path,no,Bloc Party/Silent Alarm/04 Banquet.m4a,Banquet,Bloc Party,Bloc Party,Silent Alarm,196.614,3386049,vdkmhquF60o,P-i0jw61niE,2YxXuCdbUpil3P7tRjhW1t,a99bfa9d-f3af-4545-b8f4-1ae28ac8a588,Bloc Party/Silent Alarm/04 Banquet.m4a,Banquet,Bloc Party,Bloc Party,Silent Alarm,196.635,vdkmhquF60o,P-i0jw61niE,2YxXuCdbUpil3P7tRjhW1t,a99bfa9d-f3af-4545-b8f4-1ae28ac8a588
present_same_path,certain,same_path,no,Bloc Party/FOUR (Deluxe Version)/15 Ratchet.m4a,Ratchet,Bloc Party,Bloc Party,FOUR (Deluxe Version),198.018,3453325,Q3EEaPj-5qs,f3k3_yxaImg,1k5AiK2Gm2TaJtkkDeQnMi,067fe641-2df4-4df0-959e-5d5ca7b5e325,Bloc Party/FOUR (Deluxe Version)/15 Ratchet.m4a,Ratchet,Bloc Party,Bloc Party,FOUR (Deluxe Version),198.039,Q3EEaPj-5qs,f3k3_yxaImg,1k5AiK2Gm2TaJtkkDeQnMi,067fe641-2df4-4df0-959e-5d5ca7b5e325
present_same_path,certain,same_path,no,suzuki mamiko/Deep green/03 Contact.m4a,Contact,suzuki mamiko,suzuki mamiko,Deep green,190.126,3348563,aWRRyeV8uhc,aWRRyeV8uhc,4FNFo50hRpbtwSGxwW1OdZ,,suzuki mamiko/Deep green/03 Contact.m4a,Contact,suzuki mamiko,suzuki mamiko,Deep green,190.146,aWRRyeV8uhc,aWRRyeV8uhc,4FNFo50hRpbtwSGxwW1OdZ,
present_same_path,certain,same_path,yes,Jim Jones/New York (feat. Fabolous)/01 New York (feat. Fabolous).m4a,New York (feat. Fabolous),Jim Jones,Jim Jones,New York (feat. Fabolous),212.997,3751713,sUizsF7tofU,sUizsF7tofU,0fShWjHLXe77jJi9b3QdVe,ff1d1967-5774-47ce-9682-89ccbf2627ba,Jim Jones/New York (feat. Fabolous)/01 New York (feat. Fabolous).m4a,New York (feat. Fabolous),Jim Jones,Jim Jones,New York (feat. Fabolous),213.018,sUizsF7tofU,sUizsF7tofU,0fShWjHLXe77jJi9b3QdVe,ff1d1967-5774-47ce-9682-89ccbf2627ba
present_same_path,certain,same_path,no,BAND-MAID/Sense/64 Sense.m4a,Sense,BAND-MAID,BAND-MAID,Sense,204.854,3874145,ss11rU97V2I,ss11rU97V2I,6Nawx5sqYFIbcx2qQgrA67,7b386f21-d404-4c6b-b644-c4a8e839ec3d,BAND-MAID/Sense/64 Sense.m4a,Sense,BAND-MAID,BAND-MAID,Sense,204.875,ss11rU97V2I,ss11rU97V2I,6Nawx5sqYFIbcx2qQgrA67,7b386f21-d404-4c6b-b644-c4a8e839ec3d
present_same_path,certain,same_path,no,BAND-MAID/WORLD DOMINATION/04 DOMINATION.m4a,DOMINATION,BAND-MAID,BAND-MAID,WORLD DOMINATION,231.390,3871950,xmxEuQXTHUU,yo9ZFz4v6Dk,2VxoDPnyxNF976DK9rlVU6,995a18b6-8649-46a9-851a-0470ebc2a4de,BAND-MAID/WORLD DOMINATION/04 DOMINATION.m4a,DOMINATION,BAND-MAID,BAND-MAID,WORLD DOMINATION,231.411,xmxEuQXTHUU,yo9ZFz4v6Dk,2VxoDPnyxNF976DK9rlVU6,995a18b6-8649-46a9-851a-0470ebc2a4de
present_same_path,certain,same_path,no,BAND-MAID/Unseen World/12 Black Hole.m4a,Black Hole,BAND-MAID,BAND-MAID,Unseen World,185.614,3359638,17M5oBuccOY,17M5oBuccOY,6jLSMISjhuNnDIkDAjWlq5,4dcf6c51-ecda-4681-bd51-ec22b09ef107,BAND-MAID/Unseen World/12 Black Hole.m4a,Black Hole,BAND-MAID,BAND-MAID,Unseen World,185.635,17M5oBuccOY,17M5oBuccOY,6jLSMISjhuNnDIkDAjWlq5,4dcf6c51-ecda-4681-bd51-ec22b09ef107
present_same_path,certain,same_path,no,"AGATHA, stereo type/Split/04 うつろう.m4a",うつろう,stereo type,"AGATHA, stereo type",Split,257.134,4502887,mQ18QxGmzuA,mQ18QxGmzuA,0tHCmAAh5bwPAq4gVpdKsH,e36c7de6-f951-40cd-a133-e5fc12bef00a,"AGATHA, stereo type/Split/04 うつろう.m4a",うつろう,stereo type,"AGATHA, stereo type",Split,257.155,mQ18QxGmzuA,mQ18QxGmzuA,0tHCmAAh5bwPAq4gVpdKsH,e36c7de6-f951-40cd-a133-e5fc12bef00a
present_same_path,certain,same_path,no,Lamb of God/Ashes of the Wake (20th Anniversary Edition)/01 Laid to Rest.m4a,Laid to Rest,Lamb of God,Lamb of God,Ashes of the Wake (20th Anniversary Edition),230.186,4335624,HL9kaJZw8iw,7ukEcQ_H774,4VdQBhm4dnvBPgZfFNjSzH,13544c32-bf73-4052-8865-31ba18e143e1,Lamb of God/Ashes of the Wake (20th Anniversary Edition)/01 Laid to Rest.m4a,Laid to Rest,Lamb of God,Lamb of God,Ashes of the Wake (20th Anniversary Edition),230.207,HL9kaJZw8iw,7ukEcQ_H774,4VdQBhm4dnvBPgZfFNjSzH,13544c32-bf73-4052-8865-31ba18e143e1
present_same_path,certain,same_path,no,落葉音京都/Unknown Album/1369 落葉音 「秋空」MV.m4a,落葉音 「秋空」MV,落葉音京都,落葉音京都,Unknown Album,273.114,4457845,drCKgeJ9uV8,drCKgeJ9uV8,,,落葉音京都/Unknown Album/1369 落葉音 「秋空」MV.m4a,落葉音 「秋空」MV,落葉音京都,落葉音京都,Unknown Album,273.134,drCKgeJ9uV8,drCKgeJ9uV8,,
present_same_path,certain,same_path,no,Austin Weber/Mamma Mia/01 Mamma Mia.m4a,Mamma Mia,Austin Weber,Austin Weber,Mamma Mia,209.568,3922343,kewXtkGmDtw,tsn0kiLlHbE,0s6fTz1oEoLozIbzLc6KI3,cb5d8133-98ad-4df2-b7ff-f80314f7fecd,Austin Weber/Mamma Mia/01 Mamma Mia.m4a,Mamma Mia,Austin Weber,Austin Weber,Mamma Mia,209.582,kewXtkGmDtw,tsn0kiLlHbE,0s6fTz1oEoLozIbzLc6KI3,cb5d8133-98ad-4df2-b7ff-f80314f7fecd
present_same_path,certain,same_path,no,Alex B. Argo/Unknown Album/33 Gregory and the Hawk - In Your Dreams (Full Album).m4a,Gregory and the Hawk - In Your Dreams (Full Album),Alex B. Argo,Alex B. Argo,Unknown Album,2500.743,40961303,U-LYae5TuWA,U-LYae5TuWA,,,Alex B. Argo/Unknown Album/33 Gregory and the Hawk - In Your Dreams (Full Album).m4a,Gregory and the Hawk - In Your Dreams (Full Album),Alex B. Argo,Alex B. Argo,Unknown Album,2500.764,U-LYae5TuWA,U-LYae5TuWA,,
present_same_path,certain,same_path,no,Aelst system/Unknown Album/21 tfvsjs- _阡陌_.m4a,"tfvsjs- ""阡陌""",Aelst system,Aelst system,Unknown Album,365.007,5982524,FtZqp9mbcGY,FtZqp9mbcGY,,,Aelst system/Unknown Album/21 tfvsjs- _阡陌_.m4a,"tfvsjs- ""阡陌""",Aelst system,Aelst system,Unknown Album,365.027,FtZqp9mbcGY,FtZqp9mbcGY,,
present_same_path,certain,same_path,no,Jools Reid/Unknown Album/319 Disconnection.m4a,Disconnection,Jools Reid,Jools Reid,Unknown Album,292.920,4912339,vF_Vv46ZHjY,vF_Vv46ZHjY,,,Jools Reid/Unknown Album/319 Disconnection.m4a,Disconnection,Jools Reid,Jools Reid,Unknown Album,292.941,vF_Vv46ZHjY,vF_Vv46ZHjY,,
present_same_path,certain,same_path,no,Glim Spanky/Next One/233 怒りをくれよ - Ikari Wo Kureyo.m4a,怒りをくれよ - Ikari Wo Kureyo,Glim Spanky,Glim Spanky,Next One,208.227,3757112,zSouHV54834,zSouHV54834,,6e5f0343-bea2-458d-8593-cea28f358dcf,Glim Spanky/Next One/233 怒りをくれよ - Ikari Wo Kureyo.m4a,怒りをくれよ - Ikari Wo Kureyo,Glim Spanky,Glim Spanky,Next One,208.248,zSouHV54834,zSouHV54834,,6e5f0343-bea2-458d-8593-cea28f358dcf
present_same_path,certain,same_path,no,Gregory and the Hawk/In Your Dreams/02 Neither Freer.m4a,Neither Freer,Gregory and the Hawk,Gregory and the Hawk,In Your Dreams,249.040,4176857,Wn9mvVco4a0,Wn9mvVco4a0,1nd6l9AasQMGJmDtlIZN1I,14497373-b11e-48cf-b319-27aec6fc48dd,Gregory and the Hawk/In Your Dreams/02 Neither Freer.m4a,Neither Freer,Gregory and the Hawk,Gregory and the Hawk,In Your Dreams,249.061,Wn9mvVco4a0,Wn9mvVco4a0,1nd6l9AasQMGJmDtlIZN1I,14497373-b11e-48cf-b319-27aec6fc48dd
present_same_path,certain,same_path,no,Black Midi/Slow (loud)/01 Slow (Loud).m4a,Slow (Loud),black midi,black midi,Slow (Loud),336.633,6120942,4tJ4ISRpl-Q,PH2ox3NG4TY,0SFIzioQ4DRVYt58rSAPCs,a33494a4-19d4-42d8-8f5f-732e16951ca6,Black Midi/Slow (loud)/01 Slow (Loud).m4a,Slow (Loud),black midi,black midi,Slow (Loud),336.647,4tJ4ISRpl-Q,PH2ox3NG4TY,0SFIzioQ4DRVYt58rSAPCs,a33494a4-19d4-42d8-8f5f-732e16951ca6
present_same_path,certain,same_path,no,Tokyo Syoki Syodo/Unknown Album/718 東京 - TOKYO.m4a,東京 - TOKYO,Tokyo Syoki Syodo,Tokyo Syoki Syodo,Unknown Album,180.139,3109489,vST8frtRZUw,vST8frtRZUw,,,Tokyo Syoki Syodo/Unknown Album/718 東京 - TOKYO.m4a,東京 - TOKYO,Tokyo Syoki Syodo,Tokyo Syoki Syodo,Unknown Album,180.160,vST8frtRZUw,vST8frtRZUw,,
present_same_path,certain,same_path,no,Tokyo Syoki Syodo/KOISEYOOTOME/01 恋セヨ乙女 - KOISEYOOTOME.m4a,恋セヨ乙女 - KOISEYOOTOME,Tokyo Syoki Syodo,Tokyo Syoki Syodo,KOISEYOOTOME,209.247,3757872,nSJtd0x5Rwg,CEZ2LtYYidc,,,Tokyo Syoki Syodo/KOISEYOOTOME/01 恋セヨ乙女 - KOISEYOOTOME.m4a,恋セヨ乙女 - KOISEYOOTOME,Tokyo Syoki Syodo,Tokyo Syoki Syodo,KOISEYOOTOME,209.268,nSJtd0x5Rwg,CEZ2LtYYidc,,
present_same_path,certain,same_path,no,Waifu Wednesdays/Unknown Album/771 PSYQUI - ヒステリックナイトガール feat. Such (android52 Edit).m4a,PSYQUI - ヒステリックナイトガール feat. Such (android52 Edit),Waifu Wednesdays,Waifu Wednesdays,Unknown Album,300.745,5040513,MwxgUVrj5m4,MwxgUVrj5m4,,,Waifu Wednesdays/Unknown Album/771 PSYQUI - ヒステリックナイトガール feat. Such (android52 Edit).m4a,PSYQUI - ヒステリックナイトガール feat. Such (android52 Edit),Waifu Wednesdays,Waifu Wednesdays,Unknown Album,300.766,MwxgUVrj5m4,MwxgUVrj5m4,,
present_same_path,certain,same_path,no,showmore/marble/01 marble.m4a,marble,showmore,showmore,marble,304.406,5412931,uO8PB2W9yFs,WFNJe8FbJxM,2K1rTr7AzyB52lbgEdTdg0,8da130db-3bdb-4d6c-8b95-5af1b68f270b,showmore/marble/01 marble.m4a,marble,showmore,showmore,marble,304.427,uO8PB2W9yFs,WFNJe8FbJxM,2K1rTr7AzyB52lbgEdTdg0,8da130db-3bdb-4d6c-8b95-5af1b68f270b
present_same_path,certain,same_path,no,showmore/Unknown Album/1020 showmore - flashback 【Studio Live Movie】.m4a,showmore - flashback 【Studio Live Movie】,showmore,showmore,Unknown Album,265.728,4743517,dYZmnVA0pX0,dYZmnVA0pX0,,,showmore/Unknown Album/1020 showmore - flashback 【Studio Live Movie】.m4a,showmore - flashback 【Studio Live Movie】,showmore,showmore,Unknown Album,265.749,dYZmnVA0pX0,dYZmnVA0pX0,,
present_same_path,certain,same_path,no,showmore/Δ/02 highway.m4a,highway,showmore,showmore,Δ,276.360,4684703,gHm82bF27DA,Cmwsmis8HSA,0eAMRNWHMeeQpk6zobBWUp,c9527a3b-dc29-43f8-9167-85f2b73d821d,showmore/Δ/02 highway.m4a,highway,showmore,showmore,Δ,276.381,gHm82bF27DA,Cmwsmis8HSA,0eAMRNWHMeeQpk6zobBWUp,c9527a3b-dc29-43f8-9167-85f2b73d821d
present_same_path,certain,same_path,no,showmore/I love you/01 I love you.m4a,I love you,showmore,showmore,I love you,215.637,3825806,_xWgF7Usnfw,G1UKavfGa-U,6InqBCeLVyQs7fEjUV7HaB,cf3fc07d-07ad-43ed-a92d-22fd49475235,showmore/I love you/01 I love you.m4a,I love you,showmore,showmore,I love you,215.658,_xWgF7Usnfw,G1UKavfGa-U,6InqBCeLVyQs7fEjUV7HaB,cf3fc07d-07ad-43ed-a92d-22fd49475235
present_same_path,certain,same_path,no,showmore/overnight/06 flashback.m4a,flashback,showmore,showmore,overnight,306.084,5201357,KiaKFPvTxqM,KiaKFPvTxqM,0kNb4JYKunSawkhAP44S0Q,ea3709de-8890-4095-be45-98b8d7bf9b72,showmore/overnight/06 flashback.m4a,flashback,showmore,showmore,overnight,306.104,KiaKFPvTxqM,KiaKFPvTxqM,0kNb4JYKunSawkhAP44S0Q,ea3709de-8890-4095-be45-98b8d7bf9b72
present_same_path,certain,same_path,no,showmore/overnight/02 rinse in shampoo.m4a,rinse in shampoo,showmore,showmore,overnight,295.382,4983530,svtvk1PPuQs,HAXrF1QJPFI,7K9sENbhC5CZoSO5ITO3hl,9dcbb107-4428-40d3-b164-5441d58464da,showmore/overnight/02 rinse in shampoo.m4a,rinse in shampoo,showmore,showmore,overnight,295.403,svtvk1PPuQs,HAXrF1QJPFI,7K9sENbhC5CZoSO5ITO3hl,9dcbb107-4428-40d3-b164-5441d58464da
present_same_path,certain,same_path,no,showmore/overnight/07 have a good day.m4a,have a good day,showmore,showmore,overnight,411.628,6865627,yfX6Mb29rx8,yfX6Mb29rx8,3aD1GhPi7x8yurxAPRy4WL,ccf95129-a820-49aa-93aa-443b3ec996b6,showmore/overnight/07 have a good day.m4a,have a good day,showmore,showmore,overnight,411.649,yfX6Mb29rx8,yfX6Mb29rx8,3aD1GhPi7x8yurxAPRy4WL,ccf95129-a820-49aa-93aa-443b3ec996b6
present_same_path,certain,same_path,no,showmore/overnight/03 unitbath.m4a,unitbath,showmore,showmore,overnight,392.877,6552388,4lA0gfwM8Xc,4lA0gfwM8Xc,3DmUSPhqefsyHrMBw788qq,5ed0d333-1846-4b68-9805-ce0d721465a3,showmore/overnight/03 unitbath.m4a,unitbath,showmore,showmore,overnight,392.898,4lA0gfwM8Xc,4lA0gfwM8Xc,3DmUSPhqefsyHrMBw788qq,5ed0d333-1846-4b68-9805-ce0d721465a3
present_same_path,certain,same_path,no,showmore/too close to know/08 1mm.m4a,1mm,showmore,showmore,too close to know,216.278,3679614,JF4JUQ4WnXg,zGUsuS4DQoU,4U40Ieg7h6AUOi2Dgl3I0k,e7572ca2-3b10-44fb-9906-75f444fb9c7e,showmore/too close to know/08 1mm.m4a,1mm,showmore,showmore,too close to know,216.299,JF4JUQ4WnXg,zGUsuS4DQoU,4U40Ieg7h6AUOi2Dgl3I0k,e7572ca2-3b10-44fb-9906-75f444fb9c7e
present_same_path,certain,same_path,no,showmore/too close to know/07 bitter.m4a,bitter,showmore,showmore,too close to know,278.600,4785137,DD2YMgR_vms,DD2YMgR_vms,5jmlK38MU9xxzbVmYeuFzW,f87dd4ae-4f20-4432-963a-070b15e0b1bd,showmore/too close to know/07 bitter.m4a,bitter,showmore,showmore,too close to know,278.621,DD2YMgR_vms,DD2YMgR_vms,5jmlK38MU9xxzbVmYeuFzW,f87dd4ae-4f20-4432-963a-070b15e0b1bd
present_same_path,certain,same_path,no,showmore/dryice/01 dryice.m4a,dryice,showmore,showmore,dryice,386.614,6792089,l1WjSxrLHys,l1WjSxrLHys,3ef2XZAm7dYa8EviT2oa49,a2c11771-3164-41e1-b37a-8dc5ae24e8a2,showmore/dryice/01 dryice.m4a,dryice,showmore,showmore,dryice,386.634,l1WjSxrLHys,l1WjSxrLHys,3ef2XZAm7dYa8EviT2oa49,a2c11771-3164-41e1-b37a-8dc5ae24e8a2
present_same_path,certain,same_path,no,UNLIMITS/Harukakanata/01 ハルカカナタ - Harukakanata.m4a,ハルカカナタ - Harukakanata,UNLIMITS,UNLIMITS,Harukakanata,211.747,3940692,HRx1exukjB0,HRx1exukjB0,6o7PwG10h3Nx7zy4RsP9Kh,61e3da94-71d5-4c20-afae-4092e369672a,UNLIMITS/Harukakanata/01 ハルカカナタ - Harukakanata.m4a,ハルカカナタ - Harukakanata,UNLIMITS,UNLIMITS,Harukakanata,211.768,HRx1exukjB0,HRx1exukjB0,6o7PwG10h3Nx7zy4RsP9Kh,61e3da94-71d5-4c20-afae-4092e369672a
present_same_path,certain,same_path,no,VISUAL ARTS _ Key/Awakening Song/01 Awakening Song.m4a,Awakening Song,"LiSA, marina, & VISUAL ARTS / Key",VISUAL ARTS / Key,Awakening Song,365.200,6391043,LIx3IJwPP3M,LIx3IJwPP3M,1PwfsRvLsvR1s1LNg4Hbb5,d3238931-ed89-4a8b-ac93-71267c2f7c6f,VISUAL ARTS _ Key/Awakening Song/01 Awakening Song.m4a,Awakening Song,"LiSA, marina, & VISUAL ARTS / Key",VISUAL ARTS / Key,Awakening Song,365.221,LIx3IJwPP3M,LIx3IJwPP3M,1PwfsRvLsvR1s1LNg4Hbb5,d3238931-ed89-4a8b-ac93-71267c2f7c6f
present_same_path,certain,same_path,no,VISUAL ARTS _ Key/Trigger/01 Trigger.m4a,Trigger,"marina, VISUAL ARTS / Key",VISUAL ARTS / Key,Trigger,229.334,3885105,WXrLyAlQ1Ec,WXrLyAlQ1Ec,5BJzlSF5jt9lB2GepLK4Fx,6843c37c-a7e5-4a29-b82b-585777b38054,VISUAL ARTS _ Key/Trigger/01 Trigger.m4a,Trigger,"marina, VISUAL ARTS / Key",VISUAL ARTS / Key,Trigger,229.355,WXrLyAlQ1Ec,WXrLyAlQ1Ec,5BJzlSF5jt9lB2GepLK4Fx,6843c37c-a7e5-4a29-b82b-585777b38054
present_same_path,certain,same_path,no,Underrated/Unknown Album/747 Number Girl __ 透明少女 _ PV.m4a,Number Girl // 透明少女 | PV,Underrated,Underrated,Unknown Album,206.972,3462106,WUYACnZNkvM,WUYACnZNkvM,,,Underrated/Unknown Album/747 Number Girl __ 透明少女 _ PV.m4a,Number Girl // 透明少女 | PV,Underrated,Underrated,Unknown Album,206.992,WUYACnZNkvM,WUYACnZNkvM,,
present_same_path,certain,same_path,no,PompadollS/PompadollS/09 Vanished Vanity.m4a,Vanished Vanity,PompadollS,PompadollS,PompadollS,209.000,3609231,Iaw-FjeOVo4,Iaw-FjeOVo4,3H8mb1VGb4GPbiJ0UksWNn,825847fb-04a2-44a0-9f55-38958b4602b7,PompadollS/PompadollS/09 Vanished Vanity.m4a,Vanished Vanity,PompadollS,PompadollS,PompadollS,209.021,Iaw-FjeOVo4,Iaw-FjeOVo4,3H8mb1VGb4GPbiJ0UksWNn,825847fb-04a2-44a0-9f55-38958b4602b7
present_same_path,certain,same_path,no,regenbogenfrieden/Unknown Album/992 Stell dich mitten in den Regen.m4a,Stell dich mitten in den Regen,regenbogenfrieden,regenbogenfrieden,Unknown Album,315.002,5275615,_2S3h0Sutgs,_2S3h0Sutgs,5KVin4O3sBSsEFTVylkREC,,regenbogenfrieden/Unknown Album/992 Stell dich mitten in den Regen.m4a,Stell dich mitten in den Regen,regenbogenfrieden,regenbogenfrieden,Unknown Album,315.023,_2S3h0Sutgs,_2S3h0Sutgs,5KVin4O3sBSsEFTVylkREC,
present_same_path,certain,same_path,no,Taisei Iwasaki/Blood Blockade Battlefront (Original Series Soundtrack)/03 Catch Me If You Can (From _Blood Blockade Battlefront_ Soundtrack).m4a,"Catch Me If You Can (From ""Blood Blockade Battlefront"" Soundtrack)","Taisei Iwasaki, Ai Ninomiya",Taisei Iwasaki,Blood Blockade Battlefront (Original Series Soundtrack),206.320,3827171,zDDhultEOac,zDDhultEOac,0Sz8CoYCphvf7wfHn1swIE,6e966873-3be3-4362-bf31-3bf496a8a409,Taisei Iwasaki/Blood Blockade Battlefront (Original Series Soundtrack)/03 Catch Me If You Can (From _Blood Blockade Battlefront_ Soundtrack).m4a,"Catch Me If You Can (From ""Blood Blockade Battlefront"" Soundtrack)","Taisei Iwasaki, Ai Ninomiya",Taisei Iwasaki,Blood Blockade Battlefront (Original Series Soundtrack),206.341,zDDhultEOac,zDDhultEOac,0Sz8CoYCphvf7wfHn1swIE,6e966873-3be3-4362-bf31-3bf496a8a409
present_same_path,certain,same_path,no,Kweh Wilde/Unknown Album/363 Every Time I Die - LOW TEENS [[ FULL ALBUM ]].m4a,Every Time I Die - LOW TEENS [[ FULL ALBUM ]],Kweh Wilde,Kweh Wilde,Unknown Album,2596.235,42363543,CQH7EfYgtEk,CQH7EfYgtEk,,,Kweh Wilde/Unknown Album/363 Every Time I Die - LOW TEENS [[ FULL ALBUM ]].m4a,Every Time I Die - LOW TEENS [[ FULL ALBUM ]],Kweh Wilde,Kweh Wilde,Unknown Album,2596.256,CQH7EfYgtEk,CQH7EfYgtEk,,
present_same_path,certain,same_path,no,Nightsquad/Unknown Album/482 Utae - サヨナライズ.m4a,Utae - サヨナライズ,Nightsquad,Nightsquad,Unknown Album,136.186,2516815,xtIiNoFwb6Y,xtIiNoFwb6Y,,,Nightsquad/Unknown Album/482 Utae - サヨナライズ.m4a,Utae - サヨナライズ,Nightsquad,Nightsquad,Unknown Album,136.206,xtIiNoFwb6Y,xtIiNoFwb6Y,,
present_same_path,certain,same_path,no,"TOGENASHI TOGEARI/Thirsty, Anxiety/01 渇く、憂う - Thirsty, Anxiety.m4a","渇く、憂う - Thirsty, Anxiety",TOGENASHI TOGEARI,TOGENASHI TOGEARI,"Thirsty, Anxiety",159.764,2921817,fb0m7yPuqkw,fb0m7yPuqkw,0WJqiAaiAEfyfedwZUU3Sz,,"TOGENASHI TOGEARI/Thirsty, Anxiety/01 渇く、憂う - Thirsty, Anxiety.m4a","渇く、憂う - Thirsty, Anxiety",TOGENASHI TOGEARI,TOGENASHI TOGEARI,"Thirsty, Anxiety",159.785,fb0m7yPuqkw,fb0m7yPuqkw,0WJqiAaiAEfyfedwZUU3Sz,
present_same_path,certain,same_path,no,MY FIRST STORY/ALL LEAD TRACKS/404 REVIVER.m4a,REVIVER,MY FIRST STORY,MY FIRST STORY,ALL LEAD TRACKS,292.734,4870403,_l-OgIAL-cs,_l-OgIAL-cs,1p6WtbNY4bDjiFBmSZolJY,4e0071f2-4573-4f3c-b864-91adcd89a68f,MY FIRST STORY/ALL LEAD TRACKS/404 REVIVER.m4a,REVIVER,MY FIRST STORY,MY FIRST STORY,ALL LEAD TRACKS,292.755,_l-OgIAL-cs,_l-OgIAL-cs,1p6WtbNY4bDjiFBmSZolJY,4e0071f2-4573-4f3c-b864-91adcd89a68f
present_same_path,certain,same_path,no,Cheap Vinyl Records UK/Unknown Album/111 BADBADNOTGOOD - Time Moves Slow feat. Sam Herring.m4a,BADBADNOTGOOD - Time Moves Slow feat. Sam Herring,Cheap Vinyl Records UK,Cheap Vinyl Records UK,Unknown Album,274.019,4758277,UWIIPX_5rbM,UWIIPX_5rbM,,,Cheap Vinyl Records UK/Unknown Album/111 BADBADNOTGOOD - Time Moves Slow feat. Sam Herring.m4a,BADBADNOTGOOD - Time Moves Slow feat. Sam Herring,Cheap Vinyl Records UK,Cheap Vinyl Records UK,Unknown Album,274.040,UWIIPX_5rbM,UWIIPX_5rbM,,
present_same_path,certain,same_path,no,YOASOBI/夜に駆ける/01 夜に駆ける.m4a,夜に駆ける,YOASOBI,YOASOBI,夜に駆ける,261.014,4431400,x8VYWazR5mE,by4SYYWlhEs,3dPtXHP0oXQ4HCWHsOA9js,57a6dff3-daee-4e63-bc82-6bd6f5df2957,YOASOBI/夜に駆ける/01 夜に駆ける.m4a,夜に駆ける,YOASOBI,YOASOBI,夜に駆ける,261.035,x8VYWazR5mE,by4SYYWlhEs,3dPtXHP0oXQ4HCWHsOA9js,57a6dff3-daee-4e63-bc82-6bd6f5df2957
present_same_path,certain,same_path,no,POP ART TOWN/CHAMELEON/01 カメレオン - CHAMELEON.m4a,カメレオン - CHAMELEON,POP ART TOWN,POP ART TOWN,CHAMELEON,176.389,3386368,S_nW_B2Su9A,S_nW_B2Su9A,65Flye6nqw6cQ4DTu2dbhj,996cb112-f195-4ea3-8395-b7fa502f0830,POP ART TOWN/CHAMELEON/01 カメレオン - CHAMELEON.m4a,カメレオン - CHAMELEON,POP ART TOWN,POP ART TOWN,CHAMELEON,176.410,S_nW_B2Su9A,S_nW_B2Su9A,65Flye6nqw6cQ4DTu2dbhj,996cb112-f195-4ea3-8395-b7fa502f0830
present_same_path,certain,same_path,no,Akino Arai/RGB-Collection Album/03 Little Wing.m4a,Little Wing,Akino Arai,Akino Arai,RGB-Collection Album,319.296,5511049,_juI_Qdmwj4,_juI_Qdmwj4,1Eolhana7nKHYpcYpdVcT5,,Akino Arai/RGB-Collection Album/03 Little Wing.m4a,Little Wing,Akino Arai,Akino Arai,RGB-Collection Album,319.317,_juI_Qdmwj4,_juI_Qdmwj4,1Eolhana7nKHYpcYpdVcT5,
present_same_path,certain,same_path,no,Akino Arai/Kouseki Radio/05 きれいな感情 - Kirei na Kanjo.m4a,きれいな感情 - Kirei na Kanjo,Akino Arai,Akino Arai,Kouseki Radio,256.626,4495516,c2ryq74p4Lg,c2ryq74p4Lg,,,Akino Arai/Kouseki Radio/05 きれいな感情 - Kirei na Kanjo.m4a,きれいな感情 - Kirei na Kanjo,Akino Arai,Akino Arai,Kouseki Radio,256.646,c2ryq74p4Lg,c2ryq74p4Lg,,
present_same_path,certain,same_path,no,siraph/siraph/05 linotype.m4a,linotype,siraph,siraph,siraph,248.054,4525085,jcLHrYWfTzw,jcLHrYWfTzw,38DeVewTiZIGNqil8tNVdp,f9bdc2ea-7161-4c6a-b31f-10113e0a80cf,siraph/siraph/05 linotype.m4a,linotype,siraph,siraph,siraph,248.075,jcLHrYWfTzw,jcLHrYWfTzw,38DeVewTiZIGNqil8tNVdp,f9bdc2ea-7161-4c6a-b31f-10113e0a80cf
present_same_path,certain,same_path,no,siraph/siraph/06 想像の雨 - Sozo no Ame.m4a,想像の雨 - Sozo no Ame,siraph,siraph,siraph,233.280,4284658,k6XpoT6JtaY,k6XpoT6JtaY,,9eb9b9ab-626f-41ce-b29a-1f8366a5e49d,siraph/siraph/06 想像の雨 - Sozo no Ame.m4a,想像の雨 - Sozo no Ame,siraph,siraph,siraph,233.301,k6XpoT6JtaY,k6XpoT6JtaY,,9eb9b9ab-626f-41ce-b29a-1f8366a5e49d
present_same_path,certain,same_path,no,siraph/sugar pack/01 sugar pack.m4a,sugar pack,siraph,siraph,sugar pack,213.794,3889566,PTbgoZQzdtw,PTbgoZQzdtw,0Cl3JCuFZy7H2yXLuOMFk9,c4e961fa-5129-404b-ac5f-bc86a4744ffc,siraph/sugar pack/01 sugar pack.m4a,sugar pack,siraph,siraph,sugar pack,213.814,PTbgoZQzdtw,PTbgoZQzdtw,0Cl3JCuFZy7H2yXLuOMFk9,c4e961fa-5129-404b-ac5f-bc86a4744ffc
present_same_path,certain,same_path,no,Trooper Salute/Trooper Salute/733 美人 - Bijin.m4a,美人 - Bijin,Trooper Salute,Trooper Salute,Trooper Salute,260.774,4427384,6dXWsHg600o,6dXWsHg600o,0ijVzIfJZoOlcbd4b3VEG2,768f25b7-24ff-43b1-b54f-1eb107abb646,Trooper Salute/Trooper Salute/733 美人 - Bijin.m4a,美人 - Bijin,Trooper Salute,Trooper Salute,Trooper Salute,260.795,6dXWsHg600o,6dXWsHg600o,0ijVzIfJZoOlcbd4b3VEG2,768f25b7-24ff-43b1-b54f-1eb107abb646
present_same_path,certain,same_path,no,Trooper Salute/Trooper Salute/05 浮世離れ - Ukiyobanare.m4a,浮世離れ - Ukiyobanare,Trooper Salute,Trooper Salute,Trooper Salute,218.371,3741901,TDABto4qlXM,TDABto4qlXM,1xCELbsPH9ubwiRBe97C5B,1ca0cb0c-4621-4230-9c68-16c47f16961e,Trooper Salute/Trooper Salute/05 浮世離れ - Ukiyobanare.m4a,浮世離れ - Ukiyobanare,Trooper Salute,Trooper Salute,Trooper Salute,218.392,TDABto4qlXM,TDABto4qlXM,1xCELbsPH9ubwiRBe97C5B,1ca0cb0c-4621-4230-9c68-16c47f16961e
present_same_path,certain,same_path,no,Trooper Salute/Trooper Salute/03 幽体離脱 - Yutairidatsu.m4a,幽体離脱 - Yutairidatsu,Trooper Salute,Trooper Salute,Trooper Salute,299.333,5066579,sLtA67lbLjQ,sLtA67lbLjQ,6taQL5v1zYP8CSQxGmscEJ,2e5938fb-bc9b-4b6d-8f97-d0d5360c8189,Trooper Salute/Trooper Salute/03 幽体離脱 - Yutairidatsu.m4a,幽体離脱 - Yutairidatsu,Trooper Salute,Trooper Salute,Trooper Salute,299.354,sLtA67lbLjQ,sLtA67lbLjQ,6taQL5v1zYP8CSQxGmscEJ,2e5938fb-bc9b-4b6d-8f97-d0d5360c8189
present_same_path,certain,same_path,no,Trooper Salute/Trooper Salute/02 魔法少女 - Mahou Shoujyo.m4a,魔法少女 - Mahou Shoujyo,Trooper Salute,Trooper Salute,Trooper Salute,262.387,4438715,DaAWyV6_Qt8,DaAWyV6_Qt8,,0ea29d2c-92be-406a-8cf6-a4099fb613c2,Trooper Salute/Trooper Salute/02 魔法少女 - Mahou Shoujyo.m4a,魔法少女 - Mahou Shoujyo,Trooper Salute,Trooper Salute,Trooper Salute,262.407,DaAWyV6_Qt8,DaAWyV6_Qt8,,0ea29d2c-92be-406a-8cf6-a4099fb613c2
present_same_path,certain,same_path,yes,Trooper Salute/Huji/01 不治 - Huji.m4a,不治 - Huji,Trooper Salute,Trooper Salute,Huji,495.874,8496471,_ti7ovjaDG4,_ti7ovjaDG4,,96d8fd75-1a6c-4cdf-8508-e09a56bcf2ad,Trooper Salute/Huji/01 不治 - Huji.m4a,不治 - Huji,Trooper Salute,Trooper Salute,Huji,495.895,_ti7ovjaDG4,_ti7ovjaDG4,,96d8fd75-1a6c-4cdf-8508-e09a56bcf2ad
present_same_path,certain,same_path,no,Trooper Salute/Yasaiseikatsu/01 野菜生活 - Yasaiseikatsu.m4a,野菜生活 - Yasaiseikatsu,Trooper Salute,Trooper Salute,Yasaiseikatsu,242.475,4123104,JKjc8VHRohQ,gXlaxwzK3dk,4byz8q1OxsBq8dHwF913Oy,69d6009a-748d-43c0-9215-1e280c4b8999,Trooper Salute/Yasaiseikatsu/01 野菜生活 - Yasaiseikatsu.m4a,野菜生活 - Yasaiseikatsu,Trooper Salute,Trooper Salute,Yasaiseikatsu,242.495,JKjc8VHRohQ,gXlaxwzK3dk,4byz8q1OxsBq8dHwF913Oy,69d6009a-748d-43c0-9215-1e280c4b8999
present_same_path,certain,same_path,no,Trooper Salute/Trooper Salute 2/735 忘れてしまいそう - Wasureteshimaisou.m4a,忘れてしまいそう - Wasureteshimaisou,Trooper Salute,Trooper Salute,Trooper Salute 2,387.539,6486153,3vkI8xnFqmg,3vkI8xnFqmg,7ANRDMXL1yKnJ5pGwuvXAU,,Trooper Salute/Trooper Salute 2/735 忘れてしまいそう - Wasureteshimaisou.m4a,忘れてしまいそう - Wasureteshimaisou,Trooper Salute,Trooper Salute,Trooper Salute 2,387.560,3vkI8xnFqmg,3vkI8xnFqmg,7ANRDMXL1yKnJ5pGwuvXAU,
present_same_path,certain,same_path,yes,Trooper Salute/Trooper Salute 2/05 不治 - Huji (feat. Kayoko Yoshizawa).m4a,不治 - Huji (feat. Kayoko Yoshizawa),Trooper Salute,Trooper Salute,Trooper Salute 2,525.155,8727286,SGxVNU3RF1Q,SGxVNU3RF1Q,,96d8fd75-1a6c-4cdf-8508-e09a56bcf2ad,Trooper Salute/Trooper Salute 2/05 不治 - Huji (feat. Kayoko Yoshizawa).m4a,不治 - Huji (feat. Kayoko Yoshizawa),Trooper Salute,Trooper Salute,Trooper Salute 2,525.176,SGxVNU3RF1Q,SGxVNU3RF1Q,,96d8fd75-1a6c-4cdf-8508-e09a56bcf2ad
remote_only_no_equivalent,unmatched,no_equivalent_found,no,Aooo/Fragile Night/01 フラジャイル・ナイト - Fragile Night.m4a,フラジャイル・ナイト - Fragile Night,Aooo,Aooo,Fragile Night,188.923,3447603,5-JZ7VvAONI,5-JZ7VvAONI,4AgyrMwqCQc5wlWftTPwrZ,,,,,,,,,,,
present_same_path,certain,same_path,yes,Aooo/yellowtoy/01 イエロートイ - yellowtoy.m4a,イエロートイ - yellowtoy,Aooo,Aooo,yellowtoy,178.107,3302148,fLLARSi-OOY,fLLARSi-OOY,1VjRP1M4mWH59pXuTF3i93,4cdc7999-5e0a-41b3-b78a-d4726889cceb,Aooo/yellowtoy/01 イエロートイ - yellowtoy.m4a,イエロートイ - yellowtoy,Aooo,Aooo,yellowtoy,178.128,fLLARSi-OOY,fLLARSi-OOY,1VjRP1M4mWH59pXuTF3i93,4cdc7999-5e0a-41b3-b78a-d4726889cceb
present_same_path,certain,same_path,no,Aooo/Aooo/02 サラダボウル - SALAD BOWL.m4a,サラダボウル - SALAD BOWL,Aooo,Aooo,Aooo,210.288,3833656,W23msN5N66Y,sSLXI1h6h0U,6QlBJnSLWIZ6eFSWYevBW6,5639ca23-0cc0-4966-b305-8985ecf4d282,Aooo/Aooo/02 サラダボウル - SALAD BOWL.m4a,サラダボウル - SALAD BOWL,Aooo,Aooo,Aooo,210.302,W23msN5N66Y,sSLXI1h6h0U,6QlBJnSLWIZ6eFSWYevBW6,5639ca23-0cc0-4966-b305-8985ecf4d282
present_same_path,certain,same_path,yes,Aooo/Aooo/44 イエロートイ.m4a,イエロートイ,Aooo,Aooo,Aooo,181.267,3084075,T5w8cMEWrwo,T5w8cMEWrwo,1VjRP1M4mWH59pXuTF3i93,989aee50-6956-4afe-9178-86181a67054a,Aooo/Aooo/44 イエロートイ.m4a,イエロートイ,Aooo,Aooo,Aooo,181.288,T5w8cMEWrwo,T5w8cMEWrwo,1VjRP1M4mWH59pXuTF3i93,989aee50-6956-4afe-9178-86181a67054a
present_same_path,certain,same_path,no,earsplugged/Unknown Album/854 Lolita Kills Me (LIVE).m4a,Lolita Kills Me (LIVE),earsplugged,earsplugged,Unknown Album,144.045,2475985,E63YZqnaij4,E63YZqnaij4,,,earsplugged/Unknown Album/854 Lolita Kills Me (LIVE).m4a,Lolita Kills Me (LIVE),earsplugged,earsplugged,Unknown Album,144.066,E63YZqnaij4,E63YZqnaij4,,
present_same_path,certain,same_path,no,ATLANTIS AIRPORT/Eiga no naka no dekigoto/01 映画の中の出来事 - Eiga no naka no dekigoto.m4a,映画の中の出来事 - Eiga no naka no dekigoto,ATLANTIS AIRPORT,ATLANTIS AIRPORT,Eiga no naka no dekigoto,265.995,4753656,kCgnfPiR5qg,IUJAxzEYlFM,22frxiMVtrH0GWvL6ta4Ea,de7040f9-93df-429d-a137-be4dd89197ec,ATLANTIS AIRPORT/Eiga no naka no dekigoto/01 映画の中の出来事 - Eiga no naka no dekigoto.m4a,映画の中の出来事 - Eiga no naka no dekigoto,ATLANTIS AIRPORT,ATLANTIS AIRPORT,Eiga no naka no dekigoto,266.009,kCgnfPiR5qg,IUJAxzEYlFM,22frxiMVtrH0GWvL6ta4Ea,de7040f9-93df-429d-a137-be4dd89197ec
present_same_path,certain,same_path,no,My Favorite Anime Songs/Unknown Album/454 Sayonara No Tsubasa - Macross Frontier.m4a,Sayonara No Tsubasa - Macross Frontier,My Favorite Anime Songs,My Favorite Anime Songs,Unknown Album,439.254,7358864,5fCmOa8vwlU,5fCmOa8vwlU,,,My Favorite Anime Songs/Unknown Album/454 Sayonara No Tsubasa - Macross Frontier.m4a,Sayonara No Tsubasa - Macross Frontier,My Favorite Anime Songs,My Favorite Anime Songs,Unknown Album,439.275,5fCmOa8vwlU,5fCmOa8vwlU,,
present_same_path,certain,same_path,no,Echo Is A Band/Unknown Album/187 I made the Arthur theme song Midwest Emo [NOT CLICKBAIT].m4a,I made the Arthur theme song Midwest Emo [NOT CLICKBAIT],Echo Is A Band,Echo Is A Band,Unknown Album,122.842,2465249,NzeT-IPvOC4,NzeT-IPvOC4,,,Echo Is A Band/Unknown Album/187 I made the Arthur theme song Midwest Emo [NOT CLICKBAIT].m4a,I made the Arthur theme song Midwest Emo [NOT CLICKBAIT],Echo Is A Band,Echo Is A Band,Unknown Album,122.855,NzeT-IPvOC4,NzeT-IPvOC4,,
present_same_path,certain,same_path,no,Enfants/Q./01 Play.m4a,Play,Enfants,Enfants,Q.,215.032,3808372,CLfjlL0H-ek,nGtTgzOmi1c,5Ec4YyeFG6IIYOf93DbzZ3,674c37e2-a335-436f-a77c-b56a85ec0f95,Enfants/Q./01 Play.m4a,Play,Enfants,Enfants,Q.,215.053,CLfjlL0H-ek,nGtTgzOmi1c,5Ec4YyeFG6IIYOf93DbzZ3,674c37e2-a335-436f-a77c-b56a85ec0f95
present_same_path,certain,same_path,no,Moran Plant/Unknown Album/446 BadBadNotGood_ Kaleidoscope.m4a,BadBadNotGood: Kaleidoscope,Moran Plant,Moran Plant,Unknown Album,417.792,7033613,1bGhAsdXc6M,1bGhAsdXc6M,,,Moran Plant/Unknown Album/446 BadBadNotGood_ Kaleidoscope.m4a,BadBadNotGood: Kaleidoscope,Moran Plant,Moran Plant,Unknown Album,417.813,1bGhAsdXc6M,1bGhAsdXc6M,,
present_same_path,certain,same_path,no,Deca Joins/Go Slow/02 海浪.m4a,海浪,deca Joins,deca Joins,Go Slow,322.334,5662290,FonjL7DQAUQ,MAsTXqkfw4s,5EpLeWSwqOG0mZW0R4WdKQ,2de063d7-110f-46b8-9b6c-8610c1e6af4f,Deca Joins/Go Slow/02 海浪.m4a,海浪,deca Joins,deca Joins,Go Slow,322.355,FonjL7DQAUQ,MAsTXqkfw4s,5EpLeWSwqOG0mZW0R4WdKQ,2de063d7-110f-46b8-9b6c-8610c1e6af4f
present_same_path,certain,same_path,no,"Platina Jazz, Rasmus Faber/Platina Jazz ~Anime Standards Vol.6~/529 The Real Folk Blues - The Real Folk Blue (From _Cowboy Bepop_).m4a","The Real Folk Blues - The Real Folk Blue (From ""Cowboy Bepop"")","Platina Jazz, Rasmus Faber","Platina Jazz, Rasmus Faber",Platina Jazz ~Anime Standards Vol.6~,323.136,5433029,VRyzod7bNLQ,VRyzod7bNLQ,,66dd06b0-5a4d-4324-9b89-660df868a915,"Platina Jazz, Rasmus Faber/Platina Jazz ~Anime Standards Vol.6~/529 The Real Folk Blues - The Real Folk Blue (From _Cowboy Bepop_).m4a","The Real Folk Blues - The Real Folk Blue (From ""Cowboy Bepop"")","Platina Jazz, Rasmus Faber","Platina Jazz, Rasmus Faber",Platina Jazz ~Anime Standards Vol.6~,323.157,VRyzod7bNLQ,VRyzod7bNLQ,,66dd06b0-5a4d-4324-9b89-660df868a915
present_same_path,certain,same_path,no,惘聞 Wang Wen/0.7/03 Lonely God.m4a,Lonely God,惘聞 Wang Wen,惘聞 Wang Wen,0.7,568.053,9554220,9KF_6E7AfJ0,3P4rxMGBQ7E,1LLEH1Pz7TCNyHG6Z5rL27,,惘聞 Wang Wen/0.7/03 Lonely God.m4a,Lonely God,惘聞 Wang Wen,惘聞 Wang Wen,0.7,568.074,9KF_6E7AfJ0,3P4rxMGBQ7E,1LLEH1Pz7TCNyHG6Z5rL27,
present_same_path,certain,same_path,no,HARUKA SUZUKI/Unknown Album/246 ∞(360°).m4a,∞(360°),HARUKA SUZUKI,HARUKA SUZUKI,Unknown Album,320.297,5399805,xzClsWHDvJQ,xzClsWHDvJQ,,,HARUKA SUZUKI/Unknown Album/246 ∞(360°).m4a,∞(360°),HARUKA SUZUKI,HARUKA SUZUKI,Unknown Album,320.317,xzClsWHDvJQ,xzClsWHDvJQ,,
present_same_path,certain,same_path,no,Kana Wakareno/flower shop near the sea/08 ene.m4a,ene,Kana Wakareno,Kana Wakareno,flower shop near the sea,530.000,8712209,d8ixc-iG4jQ,d8ixc-iG4jQ,5aAhnnO6DSjSzceIRMkR7c,,Kana Wakareno/flower shop near the sea/08 ene.m4a,ene,Kana Wakareno,Kana Wakareno,flower shop near the sea,530.021,d8ixc-iG4jQ,d8ixc-iG4jQ,5aAhnnO6DSjSzceIRMkR7c,
present_same_path,certain,same_path,no,paranoid void/Literary Math/986 スロウハイ.m4a,スロウハイ,paranoid void,paranoid void,Literary Math,164.269,2693637,gcZbClXqaXs,gcZbClXqaXs,6l166FgLUabfodERSxj2ba,ed2c1900-9467-44b4-bb7b-e747f57259ab,paranoid void/Literary Math/986 スロウハイ.m4a,スロウハイ,paranoid void,paranoid void,Literary Math,164.289,gcZbClXqaXs,gcZbClXqaXs,6l166FgLUabfodERSxj2ba,ed2c1900-9467-44b4-bb7b-e747f57259ab
present_same_path,certain,same_path,no,paranoid void/POP MUSIC/987 美しい孤独.m4a,美しい孤独,paranoid void,paranoid void,POP MUSIC,201.991,3234578,9D50AOG2lrQ,9D50AOG2lrQ,,849999c6-b6b0-4b10-a239-91b9de4dc579,paranoid void/POP MUSIC/987 美しい孤独.m4a,美しい孤独,paranoid void,paranoid void,POP MUSIC,202.012,9D50AOG2lrQ,9D50AOG2lrQ,,849999c6-b6b0-4b10-a239-91b9de4dc579
present_same_path,certain,same_path,no,Mega Shinnosuke/Honne/01 桃源郷とタクシー - Togenkyo To Taxi.m4a,桃源郷とタクシー - Togenkyo To Taxi,Mega Shinnosuke,Mega Shinnosuke,Honne,298.262,5191120,C2NEyroeugI,GTZE7ytceMI,4iBnDA1PGT07nQYeX8G3qU,b9c09d5e-1c4c-4e04-92ff-104d857351dc,Mega Shinnosuke/Honne/01 桃源郷とタクシー - Togenkyo To Taxi.m4a,桃源郷とタクシー - Togenkyo To Taxi,Mega Shinnosuke,Mega Shinnosuke,Honne,298.275,C2NEyroeugI,GTZE7ytceMI,4iBnDA1PGT07nQYeX8G3qU,b9c09d5e-1c4c-4e04-92ff-104d857351dc
present_same_path,certain,same_path,no,i'm cyborg but that's ok/Unknown Album/902 Cigarettes After Sex - Nothing's Gonna Hurt You Baby.m4a,Cigarettes After Sex - Nothing's Gonna Hurt You Baby,i'm cyborg but that's ok,i'm cyborg but that's ok,Unknown Album,284.921,4827918,qV_lcpLPZ8Q,qV_lcpLPZ8Q,,,i'm cyborg but that's ok/Unknown Album/902 Cigarettes After Sex - Nothing's Gonna Hurt You Baby.m4a,Cigarettes After Sex - Nothing's Gonna Hurt You Baby,i'm cyborg but that's ok,i'm cyborg but that's ok,Unknown Album,284.942,qV_lcpLPZ8Q,qV_lcpLPZ8Q,,
present_same_path,certain,same_path,no,Phoebe Bridgers/Stranger in the Alps (Deluxe Edition)/02 Motion Sickness.m4a,Motion Sickness,Phoebe Bridgers,Phoebe Bridgers,Stranger in the Alps (Deluxe Edition),229.760,4049790,9sfYpolGCu8,iMr69JihnP4,25Syi9wnfn6ZGAmiOBypPq,191b844a-0fd4-4eb6-a901-f5ef95401f2f,Phoebe Bridgers/Stranger in the Alps (Deluxe Edition)/02 Motion Sickness.m4a,Motion Sickness,Phoebe Bridgers,Phoebe Bridgers,Stranger in the Alps (Deluxe Edition),229.781,9sfYpolGCu8,iMr69JihnP4,25Syi9wnfn6ZGAmiOBypPq,191b844a-0fd4-4eb6-a901-f5ef95401f2f
present_same_path,certain,same_path,no,Car Bomb/Meta/04 Gratitude.m4a,Gratitude,Car Bomb,Car Bomb,Meta,262.726,4377442,ncs-Z9eWbYk,8UkjMrBO62k,6egOR0AUWFqq0Vqh3nFjdQ,3e01e952-f7e9-4cdf-b4d2-cc6dda34f13f,Car Bomb/Meta/04 Gratitude.m4a,Gratitude,Car Bomb,Car Bomb,Meta,262.747,ncs-Z9eWbYk,8UkjMrBO62k,6egOR0AUWFqq0Vqh3nFjdQ,3e01e952-f7e9-4cdf-b4d2-cc6dda34f13f
present_same_path,certain,same_path,no,La Dispute/Wildlife/09 King Park.m4a,King Park,La Dispute,La Dispute,Wildlife,420.049,7229770,H8IT-xrQRqk,W141hdkPVMw,1mwvhdWyZruSSMhvOWbfCv,8d8bc08e-1e18-4d8d-b226-821f17174334,La Dispute/Wildlife/09 King Park.m4a,King Park,La Dispute,La Dispute,Wildlife,420.070,H8IT-xrQRqk,W141hdkPVMw,1mwvhdWyZruSSMhvOWbfCv,8d8bc08e-1e18-4d8d-b226-821f17174334
present_same_path,certain,same_path,no,La Dispute/Somewhere at the Bottom of the River Between Vega and Altair (10th Anniversary)/01 Such Small Hands.m4a,Such Small Hands,La Dispute,La Dispute,Somewhere at the Bottom of the River Between Vega and Altair (10th Anniversary),95.595,1729768,TIIzxeBUqug,XlppZKMYNys,,5647b920-ea61-4243-bcc6-e43c73badc37,La Dispute/Somewhere at the Bottom of the River Between Vega and Altair (10th Anniversary)/01 Such Small Hands.m4a,Such Small Hands,La Dispute,La Dispute,Somewhere at the Bottom of the River Between Vega and Altair (10th Anniversary),95.609,TIIzxeBUqug,XlppZKMYNys,,5647b920-ea61-4243-bcc6-e43c73badc37
present_same_path,certain,same_path,no,Hechizeros Band/Sonidito (Remix)/01 El Sonidito (Dance Version).m4a,El Sonidito (Dance Version),Hechizeros Band,Hechizeros Band,Sonidito (Remix),204.600,3589259,x47NYUbtYb0,PReuoA8Jt3A,0xCsIQpd2b3Zf8wXxR2LWg,,Hechizeros Band/Sonidito (Remix)/01 El Sonidito (Dance Version).m4a,El Sonidito (Dance Version),Hechizeros Band,Hechizeros Band,Sonidito (Remix),204.621,x47NYUbtYb0,PReuoA8Jt3A,0xCsIQpd2b3Zf8wXxR2LWg,
present_same_path,certain,same_path,no,Puma Blue/In Praise Of Shadows/544 Already Falling.m4a,Already Falling,Puma Blue,Puma Blue,In Praise Of Shadows,255.973,4300829,CmGjxAguQYI,7BfAcwVfkqs,54xCHls6J8UHf6tLw7q4wc,3fbabc16-e87e-43d0-b355-691c5a964c3a,Puma Blue/In Praise Of Shadows/544 Already Falling.m4a,Already Falling,Puma Blue,Puma Blue,In Praise Of Shadows,255.994,CmGjxAguQYI,7BfAcwVfkqs,54xCHls6J8UHf6tLw7q4wc,3fbabc16-e87e-43d0-b355-691c5a964c3a
present_same_path,certain,same_path,no,Holy Fawn/Dimensional Bleed/02 Death Is A Relief.m4a,Death Is A Relief,Holy Fawn,Holy Fawn,Dimensional Bleed,353.675,6041917,y6XSqmsdjO4,f8iqz2YV0-w,,e5cd8991-3e35-4eed-8f10-96989bf1a1af,Holy Fawn/Dimensional Bleed/02 Death Is A Relief.m4a,Death Is A Relief,Holy Fawn,Holy Fawn,Dimensional Bleed,353.688,y6XSqmsdjO4,f8iqz2YV0-w,,e5cd8991-3e35-4eed-8f10-96989bf1a1af
present_same_path,certain,same_path,no,SharpTone Records/Unknown Album/597 Loathe - Two-Way Mirror (Official Music Video).m4a,Loathe - Two-Way Mirror (Official Music Video),SharpTone Records,SharpTone Records,Unknown Album,301.245,5009615,MSUGmeWqbCY,MSUGmeWqbCY,,,SharpTone Records/Unknown Album/597 Loathe - Two-Way Mirror (Official Music Video).m4a,Loathe - Two-Way Mirror (Official Music Video),SharpTone Records,SharpTone Records,Unknown Album,301.265,MSUGmeWqbCY,MSUGmeWqbCY,,
present_same_path,certain,same_path,no,Kyro/Unknown Album/364 【Mashup】 Everybody's Circulation - TMABird (Lyrics).m4a,【Mashup】 Everybody's Circulation - TMABird (Lyrics),Kyro,Kyro,Unknown Album,223.748,3881659,f3IgwLT_mYc,f3IgwLT_mYc,,,Kyro/Unknown Album/364 【Mashup】 Everybody's Circulation - TMABird (Lyrics).m4a,【Mashup】 Everybody's Circulation - TMABird (Lyrics),Kyro,Kyro,Unknown Album,223.769,f3IgwLT_mYc,f3IgwLT_mYc,,
present_same_path,certain,same_path,no,SCHOOL OF LOCK!/Unknown Album/570 三四少女 シュガースーサイド マイナビ閃光ライオット2023 3次ライブ.m4a,三四少女  シュガースーサイド マイナビ閃光ライオット2023 3次ライブ,SCHOOL OF LOCK!,SCHOOL OF LOCK!,Unknown Album,256.186,4189738,kLzvl7Re87c,kLzvl7Re87c,,,SCHOOL OF LOCK!/Unknown Album/570 三四少女 シュガースーサイド マイナビ閃光ライオット2023 3次ライブ.m4a,三四少女  シュガースーサイド マイナビ閃光ライオット2023 3次ライブ,SCHOOL OF LOCK!,SCHOOL OF LOCK!,Unknown Album,256.207,kLzvl7Re87c,kLzvl7Re87c,,
present_same_path,certain,same_path,no,SCHOOL OF LOCK!/Unknown Album/569 イクラノドン deep マイナビ閃光ライオット2023 3次ライブ.m4a,イクラノドン  deep マイナビ閃光ライオット2023 3次ライブ,SCHOOL OF LOCK!,SCHOOL OF LOCK!,Unknown Album,234.371,3967119,sKn7eA4BJw0,sKn7eA4BJw0,,,SCHOOL OF LOCK!/Unknown Album/569 イクラノドン deep マイナビ閃光ライオット2023 3次ライブ.m4a,イクラノドン  deep マイナビ閃光ライオット2023 3次ライブ,SCHOOL OF LOCK!,SCHOOL OF LOCK!,Unknown Album,234.392,sKn7eA4BJw0,sKn7eA4BJw0,,
present_same_path,certain,same_path,no,SCHOOL OF LOCK!/Unknown Album/571 Gill Snatch Cry B Cry マイナビ閃光ライオット2023 3次ライブ.m4a,Gill Snatch  Cry B Cry マイナビ閃光ライオット2023 3次ライブ,SCHOOL OF LOCK!,SCHOOL OF LOCK!,Unknown Album,278.965,4754154,_6TmeYpqilw,_6TmeYpqilw,,,SCHOOL OF LOCK!/Unknown Album/571 Gill Snatch Cry B Cry マイナビ閃光ライオット2023 3次ライブ.m4a,Gill Snatch  Cry B Cry マイナビ閃光ライオット2023 3次ライブ,SCHOOL OF LOCK!,SCHOOL OF LOCK!,Unknown Album,278.986,_6TmeYpqilw,_6TmeYpqilw,,
present_same_path,certain,same_path,no,tripflag/Unknown Album/1273 ろん -「おちゃめ機能」FUKKIRETA 【HD.256k.Kara】.m4a,ろん -「おちゃめ機能」FUKKIRETA 【HD.256k.Kara】,tripflag,tripflag,Unknown Album,90.709,1680030,kuNixp-wvWM,kuNixp-wvWM,,,tripflag/Unknown Album/1273 ろん -「おちゃめ機能」FUKKIRETA 【HD.256k.Kara】.m4a,ろん -「おちゃめ機能」FUKKIRETA 【HD.256k.Kara】,tripflag,tripflag,Unknown Album,90.730,kuNixp-wvWM,kuNixp-wvWM,,
present_same_path,certain,same_path,no,EVOL RECORDS OFFICIAL CHANNEL/Unknown Album/184 VELTPUNCH【Suicide King】(Official Music Video).m4a,VELTPUNCH【Suicide King】(Official Music Video),EVOL RECORDS OFFICIAL CHANNEL,EVOL RECORDS OFFICIAL CHANNEL,Unknown Album,280.045,4772297,kTHfcep4FNg,kTHfcep4FNg,,,EVOL RECORDS OFFICIAL CHANNEL/Unknown Album/184 VELTPUNCH【Suicide King】(Official Music Video).m4a,VELTPUNCH【Suicide King】(Official Music Video),EVOL RECORDS OFFICIAL CHANNEL,EVOL RECORDS OFFICIAL CHANNEL,Unknown Album,280.066,kTHfcep4FNg,kTHfcep4FNg,,
present_same_path,certain,same_path,no,EVOL RECORDS OFFICIAL CHANNEL/Unknown Album/183 VELTPUNCH【New cinema paradox】(Official Music Video).m4a,VELTPUNCH【New cinema paradox】(Official Music Video),EVOL RECORDS OFFICIAL CHANNEL,EVOL RECORDS OFFICIAL CHANNEL,Unknown Album,263.071,4502383,weqsnJGACz8,weqsnJGACz8,,,EVOL RECORDS OFFICIAL CHANNEL/Unknown Album/183 VELTPUNCH【New cinema paradox】(Official Music Video).m4a,VELTPUNCH【New cinema paradox】(Official Music Video),EVOL RECORDS OFFICIAL CHANNEL,EVOL RECORDS OFFICIAL CHANNEL,Unknown Album,263.092,weqsnJGACz8,weqsnJGACz8,,
present_same_path,certain,same_path,no,"FKJ, Masego/Unknown Album/202 Masego_ NPR Music Tiny Desk Concert.m4a",Masego: NPR Music Tiny Desk Concert,"FKJ, Masego","FKJ, Masego",Unknown Album,1225.318,20647128,K6tzeZLjUNE,K6tzeZLjUNE,,,"FKJ, Masego/Unknown Album/202 Masego_ NPR Music Tiny Desk Concert.m4a",Masego: NPR Music Tiny Desk Concert,"FKJ, Masego","FKJ, Masego",Unknown Album,1225.338,K6tzeZLjUNE,K6tzeZLjUNE,,
present_same_path,certain,same_path,no,IA PROJECT/Unknown Album/285 IA _ 日本橋高架下R計画 (じん) 【MUSIC VIDEO】.m4a,IA / 日本橋高架下R計画 (じん) 【MUSIC VIDEO】,IA PROJECT,IA PROJECT,Unknown Album,90.001,1489222,EqogKMxhpT4,EqogKMxhpT4,,,IA PROJECT/Unknown Album/285 IA _ 日本橋高架下R計画 (じん) 【MUSIC VIDEO】.m4a,IA / 日本橋高架下R計画 (じん) 【MUSIC VIDEO】,IA PROJECT,IA PROJECT,Unknown Album,90.022,EqogKMxhpT4,EqogKMxhpT4,,
present_same_path,certain,same_path,no,9mm Parabellum Bullet/Heart Ni Hi Wo Tsukete/02 Heart Ni Hi Wo Tsukete.m4a,Heart Ni Hi Wo Tsukete,9mm Parabellum Bullet,9mm Parabellum Bullet,Heart Ni Hi Wo Tsukete,241.454,4354301,hIStYb71maM,hIStYb71maM,,3587068d-009f-488e-9e5f-494e07b3fbe7,9mm Parabellum Bullet/Heart Ni Hi Wo Tsukete/02 Heart Ni Hi Wo Tsukete.m4a,Heart Ni Hi Wo Tsukete,9mm Parabellum Bullet,9mm Parabellum Bullet,Heart Ni Hi Wo Tsukete,241.475,hIStYb71maM,hIStYb71maM,,3587068d-009f-488e-9e5f-494e07b3fbe7
present_same_path,certain,same_path,no,Mizgf.C/Unknown Album/441 MIZGF.C x NAYZA Mashup - Write This Down x Dead Wrong.m4a,MIZGF.C x NAYZA Mashup - Write This Down x Dead Wrong,Mizgf.C,Mizgf.C,Unknown Album,161.280,2838459,Z_Y2qIS78II,Z_Y2qIS78II,,,Mizgf.C/Unknown Album/441 MIZGF.C x NAYZA Mashup - Write This Down x Dead Wrong.m4a,MIZGF.C x NAYZA Mashup - Write This Down x Dead Wrong,Mizgf.C,Mizgf.C,Unknown Album,161.301,Z_Y2qIS78II,Z_Y2qIS78II,,
present_same_path,certain,same_path,no,Yuji Ohno & Lupintic Five/LET'S DANCE/09 THEME FROM LUPIN Ⅲ feat. Yoshie Nakano (from EGO-WRAPPIN') (feat. Yoshie Nakano (from EGO-WRAPPIN')).m4a,THEME FROM LUPIN Ⅲ feat. Yoshie Nakano (from EGO-WRAPPIN') (feat. Yoshie Nakano (from EGO-WRAPPIN')),Yuji Ohno & Lupintic Five,Yuji Ohno & Lupintic Five,LET'S DANCE,333.387,5632844,IihMDUbJ_ts,IihMDUbJ_ts,5hil4IxFMoYqGnAytkeq2v,55cd3a3c-cb89-44c2-a3ba-0d335a881e76,Yuji Ohno & Lupintic Five/LET'S DANCE/09 THEME FROM LUPIN Ⅲ feat. Yoshie Nakano (from EGO-WRAPPIN') (feat. Yoshie Nakano (from EGO-WRAPPIN')).m4a,THEME FROM LUPIN Ⅲ feat. Yoshie Nakano (from EGO-WRAPPIN') (feat. Yoshie Nakano (from EGO-WRAPPIN')),Yuji Ohno & Lupintic Five,Yuji Ohno & Lupintic Five,LET'S DANCE,333.408,IihMDUbJ_ts,IihMDUbJ_ts,5hil4IxFMoYqGnAytkeq2v,55cd3a3c-cb89-44c2-a3ba-0d335a881e76
present_same_path,certain,same_path,no,POLYSICS/We ate the machine/03 Rocket.m4a,Rocket,POLYSICS,POLYSICS,We ate the machine,175.574,3096003,aFLMjIIlOI4,qfJhMUf8AyY,0c0gYnML7UAMoBet4oPgt2,c785c9bd-b589-4192-af8a-2006970e699f,POLYSICS/We ate the machine/03 Rocket.m4a,Rocket,POLYSICS,POLYSICS,We ate the machine,175.595,aFLMjIIlOI4,qfJhMUf8AyY,0c0gYnML7UAMoBet4oPgt2,c785c9bd-b589-4192-af8a-2006970e699f
present_same_path,certain,same_path,no,POLYSICS/KARATE HOUSE/02 Electric Surfin' Go Go.m4a,Electric Surfin' Go Go,POLYSICS,POLYSICS,KARATE HOUSE,219.515,3890723,N0q0W9uJzIA,DXm5rNqH1SQ,3P3bY2VXRAKcz9v1GekOLC,c24fa84a-d323-4db1-ad19-d1d8676f2618,POLYSICS/KARATE HOUSE/02 Electric Surfin' Go Go.m4a,Electric Surfin' Go Go,POLYSICS,POLYSICS,KARATE HOUSE,219.529,N0q0W9uJzIA,DXm5rNqH1SQ,3P3bY2VXRAKcz9v1GekOLC,c24fa84a-d323-4db1-ad19-d1d8676f2618
present_same_path,certain,same_path,no,Biteki Keikaku/Hitomini Suikomareteshimau (feat. Nazome)/01 瞳に吸い込まれてしまう - Hitomini Suikomareteshimau (feat. Nazome).m4a,瞳に吸い込まれてしまう - Hitomini Suikomareteshimau (feat. Nazome),Biteki Keikaku,Biteki Keikaku,Hitomini Suikomareteshimau (feat. Nazome),194.969,3381247,ZC0fzg-PIkk,ZC0fzg-PIkk,,,Biteki Keikaku/Hitomini Suikomareteshimau (feat. Nazome)/01 瞳に吸い込まれてしまう - Hitomini Suikomareteshimau (feat. Nazome).m4a,瞳に吸い込まれてしまう - Hitomini Suikomareteshimau (feat. Nazome),Biteki Keikaku,Biteki Keikaku,Hitomini Suikomareteshimau (feat. Nazome),194.990,ZC0fzg-PIkk,ZC0fzg-PIkk,,
present_same_path,certain,same_path,no,Tele/Glass Lines/672 硝子の線 - Glass Lines.m4a,硝子の線 - Glass Lines,Tele,Tele,Glass Lines,256.429,4481814,V2j5lOOn_PU,V2j5lOOn_PU,,145d6747-d81e-4598-b184-ee9d791bffca,Tele/Glass Lines/672 硝子の線 - Glass Lines.m4a,硝子の線 - Glass Lines,Tele,Tele,Glass Lines,256.450,V2j5lOOn_PU,V2j5lOOn_PU,,145d6747-d81e-4598-b184-ee9d791bffca
present_same_path,certain,same_path,no,syutubotusya/Unknown Album/1123 GO!GO!7188-C7.m4a,GO!GO!7188-C7,syutubotusya,syutubotusya,Unknown Album,250.985,4193410,84u5QzDPqMk,84u5QzDPqMk,,,syutubotusya/Unknown Album/1123 GO!GO!7188-C7.m4a,GO!GO!7188-C7,syutubotusya,syutubotusya,Unknown Album,251.006,84u5QzDPqMk,84u5QzDPqMk,,
present_same_path,certain,same_path,no,Shinsei kamattechan/Seinaru Kousaten (International Version)/01 るるちゃんの自殺配信 (2023 Remaster) - Ruru's suicide show on a livestream (2023 Remaster).m4a,るるちゃんの自殺配信 (2023 Remaster) - Ruru's suicide show on a livestream (2023 Remaster),Shinsei kamattechan,Shinsei kamattechan,Seinaru Kousaten (International Version),238.861,4393512,hc0ZDaAZQT0,mU3SFom01jE,,,Shinsei kamattechan/Seinaru Kousaten (International Version)/01 るるちゃんの自殺配信 (2023 Remaster) - Ruru's suicide show on a livestream (2023 Remaster).m4a,るるちゃんの自殺配信 (2023 Remaster) - Ruru's suicide show on a livestream (2023 Remaster),Shinsei kamattechan,Shinsei kamattechan,Seinaru Kousaten (International Version),238.875,hc0ZDaAZQT0,mU3SFom01jE,,
present_same_path,certain,same_path,no,Shinichi Osawa/ラビリンス/403 MONDO GROSSO _ ラビリンス.m4a,MONDO GROSSO / ラビリンス,Shinichi Osawa,Shinichi Osawa,ラビリンス,315.409,4943543,_2quiyHfJQw,_2quiyHfJQw,,99e2297b-333a-4e99-8cf2-bdffd22b0fdb,Shinichi Osawa/ラビリンス/403 MONDO GROSSO _ ラビリンス.m4a,MONDO GROSSO / ラビリンス,Shinichi Osawa,Shinichi Osawa,ラビリンス,315.430,_2quiyHfJQw,_2quiyHfJQw,,99e2297b-333a-4e99-8cf2-bdffd22b0fdb
present_same_path,certain,same_path,no,Nothing But Thieves/Broken Machine (Deluxe)/02 Amsterdam.m4a,Amsterdam,Nothing But Thieves,Nothing But Thieves,Broken Machine (Deluxe),272.240,4634215,X2zcG3bcuMI,R3MuRY7LAg8,454I78HEySdcHE8fcVabTb,ab3c7d38-476c-4261-94cc-0bd386650547,Nothing But Thieves/Broken Machine (Deluxe)/02 Amsterdam.m4a,Amsterdam,Nothing But Thieves,Nothing But Thieves,Broken Machine (Deluxe),272.261,X2zcG3bcuMI,R3MuRY7LAg8,454I78HEySdcHE8fcVabTb,ab3c7d38-476c-4261-94cc-0bd386650547
present_same_path,certain,same_path,no,LING TOSITE SIGURE/Just a Moment/07 Telecastic Fake Show.m4a,Telecastic Fake Show,Ling tosite sigure,Ling tosite sigure,Just a Moment,272.320,4677743,lqYCMxhgeSU,pTrGMfzuYY4,7nX7T2GyB5rzkSOliO2Djm,,LING TOSITE SIGURE/Just a Moment/07 Telecastic Fake Show.m4a,Telecastic Fake Show,Ling tosite sigure,Ling tosite sigure,Just a Moment,272.341,lqYCMxhgeSU,pTrGMfzuYY4,7nX7T2GyB5rzkSOliO2Djm,
present_same_path,certain,same_path,no,LING TOSITE SIGURE/Enigmatic Feeling/366 Enigmatic Feeling.m4a,Enigmatic Feeling,Ling tosite sigure,Ling tosite sigure,Enigmatic Feeling,234.400,4041744,sJggzM90uBI,sJggzM90uBI,0YHTrd78qCsMhzmgBHiZ28,,LING TOSITE SIGURE/Enigmatic Feeling/366 Enigmatic Feeling.m4a,Enigmatic Feeling,Ling tosite sigure,Ling tosite sigure,Enigmatic Feeling,234.421,sJggzM90uBI,sJggzM90uBI,0YHTrd78qCsMhzmgBHiZ28,
present_same_path,certain,same_path,no,LING TOSITE SIGURE/Inspiration is DEAD/367 DISCO FLIGHT.m4a,DISCO FLIGHT,LING TOSITE SIGURE,LING TOSITE SIGURE,Inspiration is DEAD,269.120,4573626,oF_Q1Po82rA,oF_Q1Po82rA,4Uj10BPxKAurqULUGDvM24,,LING TOSITE SIGURE/Inspiration is DEAD/367 DISCO FLIGHT.m4a,DISCO FLIGHT,LING TOSITE SIGURE,LING TOSITE SIGURE,Inspiration is DEAD,269.141,oF_Q1Po82rA,oF_Q1Po82rA,4Uj10BPxKAurqULUGDvM24,
present_same_path,certain,same_path,no,Hozier/Unknown Album/280 Hozier_ NPR Music Tiny Desk Concert.m4a,Hozier: NPR Music Tiny Desk Concert,Hozier,Hozier,Unknown Album,910.455,14859771,oLgZo6Qi3Uo,oLgZo6Qi3Uo,,,Hozier/Unknown Album/280 Hozier_ NPR Music Tiny Desk Concert.m4a,Hozier: NPR Music Tiny Desk Concert,Hozier,Hozier,Unknown Album,910.476,oLgZo6Qi3Uo,oLgZo6Qi3Uo,,
present_same_path,certain,same_path,no,PaleNeØ/PANORAMA/01 PANORAMA.m4a,PANORAMA,PaleNeØ,PaleNeØ,PANORAMA,273.429,4658962,BftJ-G4H1qY,99TcDTxmRb8,7zQf3Xw9tyk4DyYWa0BFhn,268390d8-7068-446e-9055-73545c54ae94,PaleNeØ/PANORAMA/01 PANORAMA.m4a,PANORAMA,PaleNeØ,PaleNeØ,PANORAMA,273.450,BftJ-G4H1qY,99TcDTxmRb8,7zQf3Xw9tyk4DyYWa0BFhn,268390d8-7068-446e-9055-73545c54ae94
present_same_path,certain,same_path,no,Oddisee/The Beauty In All/05 The Gospel.m4a,The Gospel,Oddisee,Oddisee,The Beauty In All,332.115,5733782,f9HSU6P9wxY,1VW5R-hZ8UM,2W5vgMaIealUGEYezNkdzt,a6a0f9f7-cce8-4a36-8b7b-093d822cd90c,Oddisee/The Beauty In All/05 The Gospel.m4a,The Gospel,Oddisee,Oddisee,The Beauty In All,332.129,f9HSU6P9wxY,1VW5R-hZ8UM,2W5vgMaIealUGEYezNkdzt,a6a0f9f7-cce8-4a36-8b7b-093d822cd90c
present_same_path,certain,same_path,no,King Gnu/King Gnu Dome Tour THE GREATEST UNKNOWN at TOKYO DOME/09 白日 (King Gnu Dome Tour THE GREATEST UNKNOWN at TOKYO DOME) - Hakujitsu (King Gnu Dome Tour THE GREATEST UNKNOWN at TOKYO DOME).m4a,白日 (King Gnu Dome Tour THE GREATEST UNKNOWN at TOKYO DOME) - Hakujitsu (King Gnu Dome Tour THE GREATEST UNKNOWN at TOKYO DOME),King Gnu,King Gnu,King Gnu Dome Tour THE GREATEST UNKNOWN at TOKYO DOME,292.417,5134578,ony539T074w,YDmtypavhYc,172fMG26G2OoEzzg0wn26r,,King Gnu/King Gnu Dome Tour THE GREATEST UNKNOWN at TOKYO DOME/09 白日 (King Gnu Dome Tour THE GREATEST UNKNOWN at TOKYO DOME) - Hakujitsu (King Gnu Dome Tour THE GREATEST UNKNOWN at TOKYO DOME).m4a,白日 (King Gnu Dome Tour THE GREATEST UNKNOWN at TOKYO DOME) - Hakujitsu (King Gnu Dome Tour THE GREATEST UNKNOWN at TOKYO DOME),King Gnu,King Gnu,King Gnu Dome Tour THE GREATEST UNKNOWN at TOKYO DOME,292.431,ony539T074w,YDmtypavhYc,172fMG26G2OoEzzg0wn26r,
present_same_path,certain,same_path,no,King Gnu/AIZO/01 AIZO.m4a,AIZO,King Gnu,King Gnu,AIZO,215.859,3857264,wQiz17AKhjM,wQiz17AKhjM,65X2koe1LhDgQmRkNdJFv9,4c819955-e6b3-491a-b951-f9a766db02ac,King Gnu/AIZO/01 AIZO.m4a,AIZO,King Gnu,King Gnu,AIZO,215.879,wQiz17AKhjM,wQiz17AKhjM,65X2koe1LhDgQmRkNdJFv9,4c819955-e6b3-491a-b951-f9a766db02ac
present_same_path,certain,same_path,no,ningenbiyori/nana/01 ナナ - nana.m4a,ナナ - nana,ningenbiyori,ningenbiyori,nana,161.771,2675718,zK9PIrrIEwg,Fuaq8EhqIpI,,,ningenbiyori/nana/01 ナナ - nana.m4a,ナナ - nana,ningenbiyori,ningenbiyori,nana,161.792,zK9PIrrIEwg,Fuaq8EhqIpI,,
present_same_path,certain,same_path,no,ningenbiyori/hengao/01 変顔 - hengao.m4a,変顔 - hengao,ningenbiyori,ningenbiyori,hengao,221.534,3758007,6EPfbTSvkI8,6EPfbTSvkI8,,,ningenbiyori/hengao/01 変顔 - hengao.m4a,変顔 - hengao,ningenbiyori,ningenbiyori,hengao,221.555,6EPfbTSvkI8,6EPfbTSvkI8,,
present_same_path,certain,same_path,yes,ningenbiyori/ima/972 Spring Night.m4a,Spring Night,ningenbiyori,ningenbiyori,ima,247.702,4158440,3nqFA60NR5s,3nqFA60NR5s,1y5tNUzVTJwvPvVjjHFZFg,,ningenbiyori/ima/972 Spring Night.m4a,Spring Night,ningenbiyori,ningenbiyori,ima,247.723,3nqFA60NR5s,3nqFA60NR5s,1y5tNUzVTJwvPvVjjHFZFg,
present_same_path,certain,same_path,yes,ningenbiyori/ima/06 Spring Night.m4a,Spring Night,ningenbiyori,ningenbiyori,ima,247.702,4158440,TDr8RSJsJwU,3nqFA60NR5s,1y5tNUzVTJwvPvVjjHFZFg,,ningenbiyori/ima/06 Spring Night.m4a,Spring Night,ningenbiyori,ningenbiyori,ima,247.723,TDr8RSJsJwU,3nqFA60NR5s,1y5tNUzVTJwvPvVjjHFZFg,
present_same_path,certain,same_path,no,缺省/California Nebula/03 将死之时掩以水门汀.m4a,将死之时掩以水门汀,缺省,缺省,California Nebula,428.017,7334508,g37RXE6stBQ,g37RXE6stBQ,,ea165b05-7813-42cc-ab16-9b327a3806bc,缺省/California Nebula/03 将死之时掩以水门汀.m4a,将死之时掩以水门汀,缺省,缺省,California Nebula,428.038,g37RXE6stBQ,g37RXE6stBQ,,ea165b05-7813-42cc-ab16-9b327a3806bc
present_same_path,certain,same_path,no,PENs+/RULES!/508 PENs+『旅に出たい、と言って』MV.m4a,PENs+『旅に出たい、と言って』MV,PENs+,PENs+,RULES!,295.808,4781137,AbckldG1y-0,AbckldG1y-0,,939f407f-b3e9-4c7d-a3eb-483f0d511891,PENs+/RULES!/508 PENs+『旅に出たい、と言って』MV.m4a,PENs+『旅に出たい、と言って』MV,PENs+,PENs+,RULES!,295.829,AbckldG1y-0,AbckldG1y-0,,939f407f-b3e9-4c7d-a3eb-483f0d511891
present_same_path,certain,same_path,no,Empty old City/From Noir into Clair/195 From Noir.m4a,From Noir,Empty old City,Empty old City,From Noir into Clair,225.067,3798183,k7IgjgYTRM0,k7IgjgYTRM0,1pRTgNZcnHsOOnK4wglCVm,fdbf3103-e3ee-4e43-a798-73264e64e283,Empty old City/From Noir into Clair/195 From Noir.m4a,From Noir,Empty old City,Empty old City,From Noir into Clair,225.088,k7IgjgYTRM0,k7IgjgYTRM0,1pRTgNZcnHsOOnK4wglCVm,fdbf3103-e3ee-4e43-a798-73264e64e283
present_same_path,certain,same_path,no,AAAMYYY/Leeloo/01 Leeloo.m4a,Leeloo,AAAMYYY,AAAMYYY,Leeloo,256.393,4597049,nBJSC0ZDvxA,nBJSC0ZDvxA,0gClZf1PIct2glwGN8LdD2,d96595df-cdb8-4ec9-a746-2d569c404aa4,AAAMYYY/Leeloo/01 Leeloo.m4a,Leeloo,AAAMYYY,AAAMYYY,Leeloo,256.414,nBJSC0ZDvxA,nBJSC0ZDvxA,0gClZf1PIct2glwGN8LdD2,d96595df-cdb8-4ec9-a746-2d569c404aa4
present_same_path,certain,same_path,no,Hoi Yan Tang/Unknown Album/273 Cadence - The Long Faces.m4a,Cadence - The Long Faces,Hoi Yan Tang,Hoi Yan Tang,Unknown Album,299.631,5268298,tawELW0BkrY,tawELW0BkrY,,,Hoi Yan Tang/Unknown Album/273 Cadence - The Long Faces.m4a,Cadence - The Long Faces,Hoi Yan Tang,Hoi Yan Tang,Unknown Album,299.652,tawELW0BkrY,tawELW0BkrY,,
present_same_path,certain,same_path,no,allenwalker1123/Unknown Album/805 あさきasaki 愛のかたち 幸せのかたち.m4a,あさきasaki 愛のかたち　幸せのかたち,allenwalker1123,allenwalker1123,Unknown Album,329.050,5481573,RRwDy0NbTSM,RRwDy0NbTSM,,,allenwalker1123/Unknown Album/805 あさきasaki 愛のかたち 幸せのかたち.m4a,あさきasaki 愛のかたち　幸せのかたち,allenwalker1123,allenwalker1123,Unknown Album,329.071,RRwDy0NbTSM,RRwDy0NbTSM,,
remote_only_no_equivalent,unmatched,no_equivalent_found,no,CRAZY BLUES/light song/01 ライトソング - light song.m4a,ライトソング - light song,CRAZY BLUES,CRAZY BLUES,light song,288.467,5094761,jdxGfQiHBwA,4b_BREvdiWE,00UdCUIH5FXbwvE0bG7Hxg,,,,,,,,,,,
present_same_path,certain,same_path,no,nuthkitta/Storage Is Full/04 ความว่างเปล่า.m4a,ความว่างเปล่า,nuthkitta,nuthkitta,Storage Is Full,254.893,4447517,ELVXrRh9CrY,ScB9OIL98mw,2FvpB6geUQIxWZUqE8jN1z,,nuthkitta/Storage Is Full/04 ความว่างเปล่า.m4a,ความว่างเปล่า,nuthkitta,nuthkitta,Storage Is Full,254.914,ELVXrRh9CrY,ScB9OIL98mw,2FvpB6geUQIxWZUqE8jN1z,
present_same_path,certain,same_path,no,Regallily/17/01 17.m4a,17,Regallily,Regallily,17,175.700,3171674,pB2cQCqO25o,pB2cQCqO25o,3kKSDoq55cKY28cKeoKOIU,,Regallily/17/01 17.m4a,17,Regallily,Regallily,17,175.721,pB2cQCqO25o,pB2cQCqO25o,3kKSDoq55cKY28cKeoKOIU,
present_same_path,certain,same_path,no,Regallily/1997 (Live at Nakano Sunplaza 2022.2.8)/01 1997 (Live at 中野サンプラザ 2022.2.8) - 1997 (Live at Nakano Sunplaza 2022.2.8).m4a,1997 (Live at 中野サンプラザ 2022.2.8) - 1997 (Live at Nakano Sunplaza 2022.2.8),Regallily,Regallily,1997 (Live at Nakano Sunplaza 2022.2.8),296.857,4988901,pGdxti5GIZs,XfxKSiedR7c,4wQ0lDhlxG8mEnaM98FEUq,,Regallily/1997 (Live at Nakano Sunplaza 2022.2.8)/01 1997 (Live at 中野サンプラザ 2022.2.8) - 1997 (Live at Nakano Sunplaza 2022.2.8).m4a,1997 (Live at 中野サンプラザ 2022.2.8) - 1997 (Live at Nakano Sunplaza 2022.2.8),Regallily,Regallily,1997 (Live at Nakano Sunplaza 2022.2.8),296.871,pGdxti5GIZs,XfxKSiedR7c,4wQ0lDhlxG8mEnaM98FEUq,
present_same_path,certain,same_path,no,FRUITPOCHETTE/Shixtupu Jinrai/01 Tyranny-Parasite.m4a,Tyranny-Parasite,FRUITPOCHETTE,FRUITPOCHETTE,Shixtupu Jinrai,246.280,4212658,WytsL8uu-rw,WytsL8uu-rw,,9f22267c-bf72-4b34-b730-bc8d2a947507,FRUITPOCHETTE/Shixtupu Jinrai/01 Tyranny-Parasite.m4a,Tyranny-Parasite,FRUITPOCHETTE,FRUITPOCHETTE,Shixtupu Jinrai,246.301,WytsL8uu-rw,WytsL8uu-rw,,9f22267c-bf72-4b34-b730-bc8d2a947507
present_same_path,certain,same_path,no,FRUITPOCHETTE/Get -Disappear-/02 Dokoku -Extreme-.m4a,Dokoku -Extreme-,FRUITPOCHETTE,FRUITPOCHETTE,Get -Disappear-,264.947,4885230,WqkSuYO_X3U,WqkSuYO_X3U,7cFVn5pomJVdgl8zmRGcNp,b4478b95-73da-40b3-ac56-946614944c8b,FRUITPOCHETTE/Get -Disappear-/02 Dokoku -Extreme-.m4a,Dokoku -Extreme-,FRUITPOCHETTE,FRUITPOCHETTE,Get -Disappear-,264.968,WqkSuYO_X3U,WqkSuYO_X3U,7cFVn5pomJVdgl8zmRGcNp,b4478b95-73da-40b3-ac56-946614944c8b
present_same_path,certain,same_path,no,FRUITPOCHETTE/Get -Disappear-/01 月兎 -Disappear- - GET -Disappear-.m4a,月兎 -Disappear- - GET -Disappear-,FRUITPOCHETTE,FRUITPOCHETTE,Get -Disappear-,238.716,4452098,4mDwFojJ5lI,4mDwFojJ5lI,,d10fd6dc-6baf-49da-a22c-07cad30046a3,FRUITPOCHETTE/Get -Disappear-/01 月兎 -Disappear- - GET -Disappear-.m4a,月兎 -Disappear- - GET -Disappear-,FRUITPOCHETTE,FRUITPOCHETTE,Get -Disappear-,238.737,4mDwFojJ5lI,4mDwFojJ5lI,,d10fd6dc-6baf-49da-a22c-07cad30046a3
present_same_path,certain,same_path,no,FRUITPOCHETTE/Akatsuki -Crisis-/04 蛮風 -Hang in there- - Banpu -Hang in there-.m4a,蛮風 -Hang in there- - Banpu -Hang in there-,FRUITPOCHETTE,FRUITPOCHETTE,Akatsuki -Crisis-,257.770,4588696,5GCWquOYkiE,5GCWquOYkiE,2OOiGsVeF3bPQiyel5pGfF,ee317da9-9b49-4b63-ab3d-2251447d4fe0,FRUITPOCHETTE/Akatsuki -Crisis-/04 蛮風 -Hang in there- - Banpu -Hang in there-.m4a,蛮風 -Hang in there- - Banpu -Hang in there-,FRUITPOCHETTE,FRUITPOCHETTE,Akatsuki -Crisis-,257.791,5GCWquOYkiE,5GCWquOYkiE,2OOiGsVeF3bPQiyel5pGfF,ee317da9-9b49-4b63-ab3d-2251447d4fe0
present_same_path,certain,same_path,no,tokenainamae/Waiting at Time Machine/05 恍惚教室 - Isolated Classroom.m4a,恍惚教室 - Isolated Classroom,tokenainamae,tokenainamae,Waiting at Time Machine,252.000,4302633,OpFC3Xy1J-k,OpFC3Xy1J-k,,,tokenainamae/Waiting at Time Machine/05 恍惚教室 - Isolated Classroom.m4a,恍惚教室 - Isolated Classroom,tokenainamae,tokenainamae,Waiting at Time Machine,252.021,OpFC3Xy1J-k,OpFC3Xy1J-k,,
present_same_path,certain,same_path,yes,omeme tenten/Eternal - EP/01 エターナル - Eternal.m4a,エターナル - Eternal,omeme tenten,omeme tenten,Eternal - EP,250.219,4015973,qHh6q87_4-M,k7FaLG8ehQg,6g8OwGpoKHtQK3cX6l5oBq,7908073e-626d-468e-9e98-63d8bec16364,omeme tenten/Eternal - EP/01 エターナル - Eternal.m4a,エターナル - Eternal,omeme tenten,omeme tenten,Eternal - EP,250.240,qHh6q87_4-M,k7FaLG8ehQg,6g8OwGpoKHtQK3cX6l5oBq,7908073e-626d-468e-9e98-63d8bec16364
present_same_path,certain,same_path,yes,omeme tenten/Eternal - EP/977 エターナル - Eternal.m4a,エターナル - Eternal,omeme tenten,omeme tenten,Eternal - EP,229.661,4008450,k7FaLG8ehQg,k7FaLG8ehQg,6g8OwGpoKHtQK3cX6l5oBq,7908073e-626d-468e-9e98-63d8bec16364,omeme tenten/Eternal - EP/977 エターナル - Eternal.m4a,エターナル - Eternal,omeme tenten,omeme tenten,Eternal - EP,229.682,k7FaLG8ehQg,k7FaLG8ehQg,6g8OwGpoKHtQK3cX6l5oBq,7908073e-626d-468e-9e98-63d8bec16364
present_same_path,certain,same_path,no,natsuki aoya/Unknown Album/967 白紙 _ 初音ミク - music_青屋夏生 movie_ｸﾞﾚﾝｽﾞそう.m4a,白紙 / 初音ミク - music:青屋夏生 movie:ｸﾞﾚﾝｽﾞそう,natsuki aoya,natsuki aoya,Unknown Album,166.294,2775700,QC5IPOe6_9k,QC5IPOe6_9k,,,natsuki aoya/Unknown Album/967 白紙 _ 初音ミク - music_青屋夏生 movie_ｸﾞﾚﾝｽﾞそう.m4a,白紙 / 初音ミク - music:青屋夏生 movie:ｸﾞﾚﾝｽﾞそう,natsuki aoya,natsuki aoya,Unknown Album,166.315,QC5IPOe6_9k,QC5IPOe6_9k,,
present_same_path,certain,same_path,no,"The Mars Volta/Promo Only_ Modern Rock Radio, April 2008/683 Goliath.m4a",Goliath,The Mars Volta,The Mars Volta,"Promo Only: Modern Rock Radio, April 2008",596.777,9587994,lrwMMF2QS14,lrwMMF2QS14,2OIca10vMnqiJyDELHiPJb,10d4cc84-70af-49fc-a403-6569e4e3733a,"The Mars Volta/Promo Only_ Modern Rock Radio, April 2008/683 Goliath.m4a",Goliath,The Mars Volta,The Mars Volta,"Promo Only: Modern Rock Radio, April 2008",596.797,lrwMMF2QS14,lrwMMF2QS14,2OIca10vMnqiJyDELHiPJb,10d4cc84-70af-49fc-a403-6569e4e3733a
present_same_path,certain,same_path,no,The Natsuyasumi Band/PHANTASIA/08 lapis lazuli.m4a,lapis lazuli,The Natsuyasumi Band,The Natsuyasumi Band,PHANTASIA,236.300,4043814,cki2poOw_IA,cki2poOw_IA,3rJDy5oBl9QcUyMoDo5Y4R,,The Natsuyasumi Band/PHANTASIA/08 lapis lazuli.m4a,lapis lazuli,The Natsuyasumi Band,The Natsuyasumi Band,PHANTASIA,236.321,cki2poOw_IA,cki2poOw_IA,3rJDy5oBl9QcUyMoDo5Y4R,
present_same_path,certain,same_path,no,Snor Drake/Unknown Album/616 Cokiyu - Recall.m4a,Cokiyu - Recall,Snor Drake,Snor Drake,Unknown Album,275.029,4856816,lQUmqI2ONl0,lQUmqI2ONl0,,,Snor Drake/Unknown Album/616 Cokiyu - Recall.m4a,Cokiyu - Recall,Snor Drake,Snor Drake,Unknown Album,275.050,lQUmqI2ONl0,lQUmqI2ONl0,,
present_same_path,certain,same_path,no,Electric Young President/Unknown Album/191 Sakana Hosomi - TOKOSHIE [2013.11.06] (Full Album).m4a,Sakana Hosomi - TOKOSHIE [2013.11.06] (Full Album),Electric Young President,Electric Young President,Unknown Album,2820.227,46036953,6xdU1bTQa18,6xdU1bTQa18,,,Electric Young President/Unknown Album/191 Sakana Hosomi - TOKOSHIE [2013.11.06] (Full Album).m4a,Sakana Hosomi - TOKOSHIE [2013.11.06] (Full Album),Electric Young President,Electric Young President,Unknown Album,2820.247,6xdU1bTQa18,6xdU1bTQa18,,
present_same_path,certain,same_path,no,SEAPOOL/Kiss The Element/01 Schizo Flare.m4a,Schizo Flare,SEAPOOL,SEAPOOL,Kiss The Element,290.471,5059068,ykU3qszBkKc,yhJLKShVa7g,4aLulnl3GrOQRDtXdoYejP,503717eb-3832-449e-9c4a-a4f69a8ad9a0,SEAPOOL/Kiss The Element/01 Schizo Flare.m4a,Schizo Flare,SEAPOOL,SEAPOOL,Kiss The Element,290.492,ykU3qszBkKc,yhJLKShVa7g,4aLulnl3GrOQRDtXdoYejP,503717eb-3832-449e-9c4a-a4f69a8ad9a0
present_same_path,certain,same_path,no,you you you all the same/砂の堤防/1293 you you you all the same - 今朝の空は.m4a,you you you all the same - 今朝の空は,you you you all the same,you you you all the same,砂の堤防,108.395,1808155,JU-8Ikw5HL0,JU-8Ikw5HL0,,a927caad-0866-45a4-9ad2-3e4b23344b2a,you you you all the same/砂の堤防/1293 you you you all the same - 今朝の空は.m4a,you you you all the same - 今朝の空は,you you you all the same,you you you all the same,砂の堤防,108.416,JU-8Ikw5HL0,JU-8Ikw5HL0,,a927caad-0866-45a4-9ad2-3e4b23344b2a
present_same_path,certain,same_path,no,citrus fossil/Unknown Album/841 あなたはヒーロー _ citrus ft.罪告ナエ.m4a,あなたはヒーロー / citrus ft.罪告ナエ,citrus fossil,citrus fossil,Unknown Album,387.066,6593556,W9pYRs-6XOE,W9pYRs-6XOE,,,citrus fossil/Unknown Album/841 あなたはヒーロー _ citrus ft.罪告ナエ.m4a,あなたはヒーロー / citrus ft.罪告ナエ,citrus fossil,citrus fossil,Unknown Album,387.086,W9pYRs-6XOE,W9pYRs-6XOE,,
present_same_path,certain,same_path,no,citrus fossil/Unknown Album/840 なんてね _ citrus ft.雪歌ユフ.m4a,なんてね / citrus ft.雪歌ユフ,citrus fossil,citrus fossil,Unknown Album,85.845,1521341,IlWfON5heP4,IlWfON5heP4,,,citrus fossil/Unknown Album/840 なんてね _ citrus ft.雪歌ユフ.m4a,なんてね / citrus ft.雪歌ユフ,citrus fossil,citrus fossil,Unknown Album,85.866,IlWfON5heP4,IlWfON5heP4,,
present_same_path,certain,same_path,no,a picture of her/a fanatic socialist looked up at the stars.../01 owesome.m4a,owesome,a picture of her,a picture of her,a fanatic socialist looked up at the stars...,166.800,2853878,RcdugK1A_jc,RcdugK1A_jc,74aZRl6swrVL7KdcytuwhG,dfd1b69c-287e-43a7-895e-641be2909aaa,a picture of her/a fanatic socialist looked up at the stars.../01 owesome.m4a,owesome,a picture of her,a picture of her,a fanatic socialist looked up at the stars...,166.821,RcdugK1A_jc,RcdugK1A_jc,74aZRl6swrVL7KdcytuwhG,dfd1b69c-287e-43a7-895e-641be2909aaa
present_same_path,certain,same_path,no,a picture of her/C/08 picnic-perfect.m4a,picnic-perfect,a picture of her,a picture of her,C,391.614,6577350,-oUpqD7s2wc,-oUpqD7s2wc,0210VV6Pq7UTljeidVcMxt,f1f8e66d-d71b-45b1-8090-959e57e139fe,a picture of her/C/08 picnic-perfect.m4a,picnic-perfect,a picture of her,a picture of her,C,391.635,-oUpqD7s2wc,-oUpqD7s2wc,0210VV6Pq7UTljeidVcMxt,f1f8e66d-d71b-45b1-8090-959e57e139fe
present_same_path,certain,same_path,no,Itoki Hana/Unknown Album/304 とうしんだい(As You Are)_【糸奇はな_Itoki Hana】.m4a,とうしんだい(As You Are)/【糸奇はな/Itoki Hana】,Itoki Hana,Itoki Hana,Unknown Album,218.152,3628112,XweewvcaIdo,XweewvcaIdo,,,Itoki Hana/Unknown Album/304 とうしんだい(As You Are)_【糸奇はな_Itoki Hana】.m4a,とうしんだい(As You Are)/【糸奇はな/Itoki Hana】,Itoki Hana,Itoki Hana,Unknown Album,218.173,XweewvcaIdo,XweewvcaIdo,,
present_same_path,certain,same_path,no,Itoki Hana/Unknown Album/305 ◆ぼくの死因◇CAUSE of MY DEATH◆.m4a,◆ぼくの死因◇CAUSE of MY DEATH◆,Itoki Hana,Itoki Hana,Unknown Album,311.427,5035916,PGIW4zWQcjI,PGIW4zWQcjI,,,Itoki Hana/Unknown Album/305 ◆ぼくの死因◇CAUSE of MY DEATH◆.m4a,◆ぼくの死因◇CAUSE of MY DEATH◆,Itoki Hana,Itoki Hana,Unknown Album,311.447,PGIW4zWQcjI,PGIW4zWQcjI,,
present_same_path,certain,same_path,no,Itoki Hana/Unknown Album/306 【糸奇はな_Itoki Hana】74【Composed by Toby Fox】.m4a,【糸奇はな/Itoki Hana】74【Composed by Toby Fox】,Itoki Hana,Itoki Hana,Unknown Album,223.713,3774863,poKI_MY0Bkw,poKI_MY0Bkw,,,Itoki Hana/Unknown Album/306 【糸奇はな_Itoki Hana】74【Composed by Toby Fox】.m4a,【糸奇はな/Itoki Hana】74【Composed by Toby Fox】,Itoki Hana,Itoki Hana,Unknown Album,223.734,poKI_MY0Bkw,poKI_MY0Bkw,,
present_same_path,certain,same_path,no,Itoki Hana/Unknown Album/303 Nightmare _ Itoki Hana.m4a,Nightmare / Itoki Hana,Itoki Hana,Itoki Hana,Unknown Album,201.143,3475866,Yg8mCdWgz30,Yg8mCdWgz30,,,Itoki Hana/Unknown Album/303 Nightmare _ Itoki Hana.m4a,Nightmare / Itoki Hana,Itoki Hana,Itoki Hana,Unknown Album,201.164,Yg8mCdWgz30,Yg8mCdWgz30,,
present_same_path,certain,same_path,no,Itoki Hana/Fragments./05 もしもいちばんに - If I Could Be The _ONE_.m4a,"もしもいちばんに - If I Could Be The ""ONE""",Itoki Hana,Itoki Hana,Fragments.,150.248,2605136,bGB6Op1t5fM,O8PkN1i4smc,6Tepz5MGH4zRkGpoyEarrf,,Itoki Hana/Fragments./05 もしもいちばんに - If I Could Be The _ONE_.m4a,"もしもいちばんに - If I Could Be The ""ONE""",Itoki Hana,Itoki Hana,Fragments.,150.262,bGB6Op1t5fM,O8PkN1i4smc,6Tepz5MGH4zRkGpoyEarrf,
present_same_path,certain,same_path,no,Deco VGM/Unknown Album/163 Deco Mixing - Diagonal.m4a,Deco Mixing - Diagonal,Deco VGM,Deco VGM,Unknown Album,257.429,4403546,DrIf5Ad_6Rg,DrIf5Ad_6Rg,,,Deco VGM/Unknown Album/163 Deco Mixing - Diagonal.m4a,Deco Mixing - Diagonal,Deco VGM,Deco VGM,Unknown Album,257.449,DrIf5Ad_6Rg,DrIf5Ad_6Rg,,
present_same_path,certain,same_path,no,Higuchi Ai/Sanju-mannin/06 ココロジェリーフィッシュ - Kokoro jellyfish.m4a,ココロジェリーフィッシュ - Kokoro jellyfish,Higuchi Ai,Higuchi Ai,Sanju-mannin,259.760,4579329,MjPsAsPhE-s,MQKRGZ9QUCk,2puJfcLqrZtujRmzuvuHk4,89e9fccb-3d24-4394-a692-41d26696eed0,Higuchi Ai/Sanju-mannin/06 ココロジェリーフィッシュ - Kokoro jellyfish.m4a,ココロジェリーフィッシュ - Kokoro jellyfish,Higuchi Ai,Higuchi Ai,Sanju-mannin,259.781,MjPsAsPhE-s,MQKRGZ9QUCk,2puJfcLqrZtujRmzuvuHk4,89e9fccb-3d24-4394-a692-41d26696eed0
present_same_path,certain,same_path,no,Tom McEggsDennis/Unknown Album/721 Mouse on the Keys - Sezession (Full EP).m4a,Mouse on the Keys - Sezession (Full EP),Tom McEggsDennis,Tom McEggsDennis,Unknown Album,980.498,16024119,uvEV4kR8mIk,uvEV4kR8mIk,,,Tom McEggsDennis/Unknown Album/721 Mouse on the Keys - Sezession (Full EP).m4a,Mouse on the Keys - Sezession (Full EP),Tom McEggsDennis,Tom McEggsDennis,Unknown Album,980.519,uvEV4kR8mIk,uvEV4kR8mIk,,
present_same_path,certain,same_path,no,NEK!/EXCLAMAT!ON/01 MAZE.m4a,MAZE,NEK!,NEK!,EXCLAMAT!ON,234.580,4015137,EHtWJmMybGY,ZbAFkTJVg0Y,3MrnINvOPoYwI8Q9wxdWGH,97c5e160-b711-4c79-a715-3ac26dcfdde5,NEK!/EXCLAMAT!ON/01 MAZE.m4a,MAZE,NEK!,NEK!,EXCLAMAT!ON,234.601,EHtWJmMybGY,ZbAFkTJVg0Y,3MrnINvOPoYwI8Q9wxdWGH,97c5e160-b711-4c79-a715-3ac26dcfdde5
present_same_path,certain,same_path,no,NEK!/GiMMiCK/01 GiMMiCK.m4a,GiMMiCK,NEK!,NEK!,GiMMiCK,196.557,3625004,js9WXQHa5J0,_R4xdeJdxUk,5C4R4lrS3v9jPttOynOQSw,fd262505-a503-47f4-a029-af37f35e5a9a,NEK!/GiMMiCK/01 GiMMiCK.m4a,GiMMiCK,NEK!,NEK!,GiMMiCK,196.577,js9WXQHa5J0,_R4xdeJdxUk,5C4R4lrS3v9jPttOynOQSw,fd262505-a503-47f4-a029-af37f35e5a9a
present_same_path,certain,same_path,no,Importan Joe/Unknown Album/297 OMEGAH RED feat. MF DOOM and RZA - Books of War.m4a,OMEGAH RED feat. MF DOOM and RZA - Books of War,Importan Joe,Importan Joe,Unknown Album,353.733,6019958,pTCp0kJYF30,pTCp0kJYF30,,,Importan Joe/Unknown Album/297 OMEGAH RED feat. MF DOOM and RZA - Books of War.m4a,OMEGAH RED feat. MF DOOM and RZA - Books of War,Importan Joe,Importan Joe,Unknown Album,353.754,pTCp0kJYF30,pTCp0kJYF30,,
present_same_path,certain,same_path,no,mekakushe/UMARERU - EP/01 想うということ - omoutoiukoto.m4a,想うということ - omoutoiukoto,mekakushe,mekakushe,UMARERU - EP,225.754,4036778,X7S5hlSaFTw,hs55crQLzv8,,428e13ef-5697-42e0-aeb7-a8947245c169,mekakushe/UMARERU - EP/01 想うということ - omoutoiukoto.m4a,想うということ - omoutoiukoto,mekakushe,mekakushe,UMARERU - EP,225.775,X7S5hlSaFTw,hs55crQLzv8,,428e13ef-5697-42e0-aeb7-a8947245c169
present_same_path,certain,same_path,no,mekakushe/I am fiction/01 わたし、フィクション - I am fiction.m4a,わたし、フィクション - I am fiction,mekakushe,mekakushe,I am fiction,181.721,3323359,AtQn7ALYd88,XwJRipPVUWk,082cQcc5Hg01f2vcH8ceTV,6cea8bd2-c436-4007-b439-a5b02ffcf0e1,mekakushe/I am fiction/01 わたし、フィクション - I am fiction.m4a,わたし、フィクション - I am fiction,mekakushe,mekakushe,I am fiction,181.742,AtQn7ALYd88,XwJRipPVUWk,082cQcc5Hg01f2vcH8ceTV,6cea8bd2-c436-4007-b439-a5b02ffcf0e1
present_same_path,certain,same_path,no,mekakushe/In the closet_april/01 箱庭宇宙 - In the closet.m4a,箱庭宇宙 - In the closet,mekakushe,mekakushe,In the closet/april,323.738,5672496,AB6rant44cg,Hq59aYAXFBk,,1c5c8cd2-0f86-4570-9bca-2f9ca9e20f10,mekakushe/In the closet_april/01 箱庭宇宙 - In the closet.m4a,箱庭宇宙 - In the closet,mekakushe,mekakushe,In the closet/april,323.759,AB6rant44cg,Hq59aYAXFBk,,1c5c8cd2-0f86-4570-9bca-2f9ca9e20f10
present_same_path,certain,same_path,no,mekakushe/Retronym of Love/953 恋のレトロニム - Retronym of Love.m4a,恋のレトロニム - Retronym of Love,mekakushe,mekakushe,Retronym of Love,227.930,3943996,zHUB9XF9x_4,zHUB9XF9x_4,5iRSKpqHdFIsMbEme18ZiX,6f78dea7-b80b-45c5-b67f-8462230f99c0,mekakushe/Retronym of Love/953 恋のレトロニム - Retronym of Love.m4a,恋のレトロニム - Retronym of Love,mekakushe,mekakushe,Retronym of Love,227.951,zHUB9XF9x_4,zHUB9XF9x_4,5iRSKpqHdFIsMbEme18ZiX,6f78dea7-b80b-45c5-b67f-8462230f99c0
present_same_path,certain,same_path,no,Flying Lotus/Flamagra Instrumentals/212 More (feat. Anderson .Paak).m4a,More (feat. Anderson .Paak),Flying Lotus,Flying Lotus,Flamagra Instrumentals,194.752,3403238,ylqBPksn36A,ylqBPksn36A,1utPxQhc9Yf0rbQCbF3YD6,fecb462c-5ee3-4afb-8fa8-bceb753ad7ca,Flying Lotus/Flamagra Instrumentals/212 More (feat. Anderson .Paak).m4a,More (feat. Anderson .Paak),Flying Lotus,Flying Lotus,Flamagra Instrumentals,194.773,ylqBPksn36A,ylqBPksn36A,1utPxQhc9Yf0rbQCbF3YD6,fecb462c-5ee3-4afb-8fa8-bceb753ad7ca
remote_only_no_equivalent,unmatched,no_equivalent_found,no,Aizora to Tsuki/Dying in You/01 僕は君の中で死んだ - Dying in You.m4a,僕は君の中で死んだ - Dying in You,Aizora to Tsuki,Aizora to Tsuki,Dying in You,194.941,3460759,elG9c2R2x84,elG9c2R2x84,,,,,,,,,,,,
present_same_path,certain,same_path,no,DEXCORE/DRAGOUT./01 DRAGOUT..m4a,DRAGOUT.,DEXCORE,DEXCORE,DRAGOUT.,236.008,4069016,GercZf-QMYk,65ssg3J2o2w,6Q6iOprcHhOK9y7Ugc1vYb,50b6337f-d625-4b3b-8957-2fbc8d1cdebd,DEXCORE/DRAGOUT./01 DRAGOUT..m4a,DRAGOUT.,DEXCORE,DEXCORE,DRAGOUT.,236.022,GercZf-QMYk,65ssg3J2o2w,6Q6iOprcHhOK9y7Ugc1vYb,50b6337f-d625-4b3b-8957-2fbc8d1cdebd
present_same_path,certain,same_path,no,Sunny Day Service/Unknown Album/650 セツナ - Setsuna.m4a,セツナ - Setsuna,Sunny Day Service,Sunny Day Service,Unknown Album,599.052,8966227,gfmoWR6jQ0M,gfmoWR6jQ0M,3ZS8T80CXCWvMxr2nNejEk,,Sunny Day Service/Unknown Album/650 セツナ - Setsuna.m4a,セツナ - Setsuna,Sunny Day Service,Sunny Day Service,Unknown Album,599.073,gfmoWR6jQ0M,gfmoWR6jQ0M,3ZS8T80CXCWvMxr2nNejEk,
present_same_path,certain,same_path,no,vibe neko/Unknown Album/1276 ねこバイブ「茶トラシマシマコロンブス」-Music Video.m4a,ねこバイブ「茶トラシマシマコロンブス」-Music Video,vibe neko,vibe neko,Unknown Album,178.399,3298153,SMD35Ipi1Zw,SMD35Ipi1Zw,,,vibe neko/Unknown Album/1276 ねこバイブ「茶トラシマシマコロンブス」-Music Video.m4a,ねこバイブ「茶トラシマシマコロンブス」-Music Video,vibe neko,vibe neko,Unknown Album,178.420,SMD35Ipi1Zw,SMD35Ipi1Zw,,
present_same_path,certain,same_path,no,HandsDown3003/Unknown Album/253 Jamiroquai - Canned Heat.m4a,Jamiroquai - Canned Heat,HandsDown3003,HandsDown3003,Unknown Album,331.047,5521864,eNo9TCfk0Jw,eNo9TCfk0Jw,,,HandsDown3003/Unknown Album/253 Jamiroquai - Canned Heat.m4a,Jamiroquai - Canned Heat,HandsDown3003,HandsDown3003,Unknown Album,331.068,eNo9TCfk0Jw,eNo9TCfk0Jw,,
present_same_path,certain,same_path,no,Supercar/HIGHVISION/651 STORYWRITER.m4a,STORYWRITER,Supercar,Supercar,HIGHVISION,263.000,4532831,vy8FjLjMgKI,vy8FjLjMgKI,4sJnSjPD346EYYAN4YZxue,1d2db7a9-4638-4bf2-a960-fd098cb25582,Supercar/HIGHVISION/651 STORYWRITER.m4a,STORYWRITER,Supercar,Supercar,HIGHVISION,263.021,vy8FjLjMgKI,vy8FjLjMgKI,4sJnSjPD346EYYAN4YZxue,1d2db7a9-4638-4bf2-a960-fd098cb25582
present_same_path,certain,same_path,no,SCANDAL/HONEY/568 プラットホームシンドローム - Platform Syndrome.m4a,プラットホームシンドローム - Platform Syndrome,SCANDAL,SCANDAL,HONEY,210.267,3769647,8m3Yk8R2RjI,8m3Yk8R2RjI,,033cf76c-bd57-4005-8c32-758c2fd33d3f,SCANDAL/HONEY/568 プラットホームシンドローム - Platform Syndrome.m4a,プラットホームシンドローム - Platform Syndrome,SCANDAL,SCANDAL,HONEY,210.288,8m3Yk8R2RjI,8m3Yk8R2RjI,,033cf76c-bd57-4005-8c32-758c2fd33d3f
present_same_path,certain,same_path,no,FERN PLANET/Unknown Album/200 FERN PLANET［ソルジャーガールズ］(Official Music Video).m4a,FERN PLANET［ソルジャーガールズ］(Official Music Video),FERN PLANET,FERN PLANET,Unknown Album,250.126,4071296,EnZuLUHEpFs,EnZuLUHEpFs,,,FERN PLANET/Unknown Album/200 FERN PLANET［ソルジャーガールズ］(Official Music Video).m4a,FERN PLANET［ソルジャーガールズ］(Official Music Video),FERN PLANET,FERN PLANET,Unknown Album,250.147,EnZuLUHEpFs,EnZuLUHEpFs,,
present_same_path,certain,same_path,no,Meidogai/Unknown Album/431 東方 Touhou Eurobeat _ Chained Lady.m4a,東方 Touhou Eurobeat / Chained Lady,Meidogai,Meidogai,Unknown Album,342.820,5801506,qXTREKTaMRY,qXTREKTaMRY,,,Meidogai/Unknown Album/431 東方 Touhou Eurobeat _ Chained Lady.m4a,東方 Touhou Eurobeat / Chained Lady,Meidogai,Meidogai,Unknown Album,342.841,qXTREKTaMRY,qXTREKTaMRY,,
present_same_path,certain,same_path,no,千愛Chiaki/Unknown Album/1351 水中スピカ「花言葉」Short MV.m4a,水中スピカ「花言葉」Short MV,千愛Chiaki,千愛Chiaki,Unknown Album,138.101,2366084,KpfnWSvKLzo,KpfnWSvKLzo,,,千愛Chiaki/Unknown Album/1351 水中スピカ「花言葉」Short MV.m4a,水中スピカ「花言葉」Short MV,千愛Chiaki,千愛Chiaki,Unknown Album,138.122,KpfnWSvKLzo,KpfnWSvKLzo,,
present_same_path,certain,same_path,no,Annabel/fall into a lilac slumber/02 wormhole.m4a,wormhole,Annabel,Annabel,fall into a lilac slumber,240.000,4290148,l70b8eauzlE,l70b8eauzlE,07wflo2H0YmbxzzNJAEjzA,1f7f415f-a0fd-4fea-9fb8-2fbb2cef36d0,Annabel/fall into a lilac slumber/02 wormhole.m4a,wormhole,Annabel,Annabel,fall into a lilac slumber,240.021,l70b8eauzlE,l70b8eauzlE,07wflo2H0YmbxzzNJAEjzA,1f7f415f-a0fd-4fea-9fb8-2fbb2cef36d0
present_same_path,certain,same_path,no,Y.Y.L/Unknown Album/785 Chiisana Koi no Uta - Mongol 800 + Lyrics.m4a,Chiisana Koi no Uta - Mongol 800 + Lyrics,Y.Y.L,Y.Y.L,Unknown Album,223.028,3822441,JIuMw2RJ1fc,JIuMw2RJ1fc,,,Y.Y.L/Unknown Album/785 Chiisana Koi no Uta - Mongol 800 + Lyrics.m4a,Chiisana Koi no Uta - Mongol 800 + Lyrics,Y.Y.L,Y.Y.L,Unknown Album,223.049,JIuMw2RJ1fc,JIuMw2RJ1fc,,
present_same_path,certain,same_path,no,The Hu/Live at Glastonbury/680 Yuve Yuve Yu.m4a,Yuve Yuve Yu,The Hu,The Hu,Live at Glastonbury,352.171,5887791,v4xZUr0BEfE,v4xZUr0BEfE,3yBr5dRJAbjppfxZg3OUWZ,3f7a4c37-8c7b-4d02-b81b-dced47c56348,The Hu/Live at Glastonbury/680 Yuve Yuve Yu.m4a,Yuve Yuve Yu,The Hu,The Hu,Live at Glastonbury,352.192,v4xZUr0BEfE,v4xZUr0BEfE,3yBr5dRJAbjppfxZg3OUWZ,3f7a4c37-8c7b-4d02-b81b-dced47c56348
present_same_path,certain,same_path,no,PastelQuartet/Unknown Album/520 PastelQuartet (パステルカルテット) - SOS.m4a,PastelQuartet (パステルカルテット) - SOS,PastelQuartet,PastelQuartet,Unknown Album,225.420,3815325,DM2KjnQurDw,DM2KjnQurDw,,,PastelQuartet/Unknown Album/520 PastelQuartet (パステルカルテット) - SOS.m4a,PastelQuartet (パステルカルテット) - SOS,PastelQuartet,PastelQuartet,Unknown Album,225.441,DM2KjnQurDw,DM2KjnQurDw,,
present_same_path,certain,same_path,no,Matryoshka/Laideronnette/01 Monotonous Purgatory.m4a,Monotonous Purgatory,Matryoshka,Matryoshka,Laideronnette,360.018,6146543,RaVu3IxxavA,qlKh3ptJdtU,,f074327e-ae38-41d4-8b06-facc78cee204,Matryoshka/Laideronnette/01 Monotonous Purgatory.m4a,Monotonous Purgatory,Matryoshka,Matryoshka,Laideronnette,360.032,RaVu3IxxavA,qlKh3ptJdtU,,f074327e-ae38-41d4-8b06-facc78cee204
present_same_path,certain,same_path,no,Skatune Network/SKALLOWEEN/04 Spooky Scary Skeletons.m4a,Spooky Scary Skeletons,Skatune Network,Skatune Network,SKALLOWEEN,136.840,2498574,1uvUzV9jhWE,MC41nPSnuJQ,,6927f94a-23c4-41f3-8989-12918181de22,Skatune Network/SKALLOWEEN/04 Spooky Scary Skeletons.m4a,Spooky Scary Skeletons,Skatune Network,Skatune Network,SKALLOWEEN,136.854,1uvUzV9jhWE,MC41nPSnuJQ,,6927f94a-23c4-41f3-8989-12918181de22
present_same_path,certain,same_path,no,"Skatune Network/Ska Goes Emo, Vol. 1/13 Never Meant.m4a",Never Meant,Skatune Network,Skatune Network,"Ska Goes Emo, Vol. 1",189.663,3570192,BFw7m_xJXkA,6VKEq1TEsZE,3TTP89IMeP9ab015Pdv6RK,f6bd4c36-9330-4825-a180-fe9fc0a23f54,"Skatune Network/Ska Goes Emo, Vol. 1/13 Never Meant.m4a",Never Meant,Skatune Network,Skatune Network,"Ska Goes Emo, Vol. 1",189.677,BFw7m_xJXkA,6VKEq1TEsZE,3TTP89IMeP9ab015Pdv6RK,f6bd4c36-9330-4825-a180-fe9fc0a23f54
present_same_path,certain,same_path,no,"Skatune Network/Ska Goes Emo, Vol. 1/14 Dammit.m4a",Dammit,Skatune Network,Skatune Network,"Ska Goes Emo, Vol. 1",152.700,2939638,edZVJW0pcWo,Wo8_beZDqXM,,02dbfdc3-d77e-4cb0-b58d-39033cd07495,"Skatune Network/Ska Goes Emo, Vol. 1/14 Dammit.m4a",Dammit,Skatune Network,Skatune Network,"Ska Goes Emo, Vol. 1",152.714,edZVJW0pcWo,Wo8_beZDqXM,,02dbfdc3-d77e-4cb0-b58d-39033cd07495
present_same_path,certain,same_path,no,Hyakkei/Standing Still In A Moving Scene/01 Kagefumi.m4a,Kagefumi,Hyakkei,Hyakkei,Standing Still In A Moving Scene,295.033,5132975,h_Gn10GA7ls,3_tMjp-Gal8,4VgGQi9FZMrNG4MuiONldI,,Hyakkei/Standing Still In A Moving Scene/01 Kagefumi.m4a,Kagefumi,Hyakkei,Hyakkei,Standing Still In A Moving Scene,295.054,h_Gn10GA7ls,3_tMjp-Gal8,4VgGQi9FZMrNG4MuiONldI,
present_same_path,certain,same_path,no,TOOL/Lateralus/661 Parabola (Audio).m4a,Parabola (Audio),TOOL,TOOL,Lateralus,363.680,6252539,-DuAAmHpGbw,lKCKn58rTbw,1vxu8vMNshg5J8z3oA7QJZ,346c9ba5-388d-40f0-bd49-d3637fead220,TOOL/Lateralus/661 Parabola (Audio).m4a,Parabola (Audio),TOOL,TOOL,Lateralus,363.701,-DuAAmHpGbw,lKCKn58rTbw,1vxu8vMNshg5J8z3oA7QJZ,346c9ba5-388d-40f0-bd49-d3637fead220
present_same_path,certain,same_path,no,JYOCHO/A Parallel Universe/02 Pure Circle.m4a,Pure Circle,Jyocho,Jyocho,A Parallel Universe,311.054,5182050,lSJrSxGfMgY,GKu93GJQV7M,7B0uIBySzD5soqZGfLl7EA,0fc8a311-216b-42fd-aa3e-d9722e535d6b,JYOCHO/A Parallel Universe/02 Pure Circle.m4a,Pure Circle,Jyocho,Jyocho,A Parallel Universe,311.075,lSJrSxGfMgY,GKu93GJQV7M,7B0uIBySzD5soqZGfLl7EA,0fc8a311-216b-42fd-aa3e-d9722e535d6b
present_same_path,certain,same_path,no,JYOCHO/A Prayer in Vain/05 太陽と暮らしてきた.m4a,太陽と暮らしてきた,Jyocho,Jyocho,A Prayer in Vain,236.187,4136720,U5t2G5K9skA,9E7fSHRg3bI,6m1IMazLwvpjeL24LUIw2g,66b412d6-0d50-43ff-9bfa-8ba16cc493bd,JYOCHO/A Prayer in Vain/05 太陽と暮らしてきた.m4a,太陽と暮らしてきた,Jyocho,Jyocho,A Prayer in Vain,236.208,U5t2G5K9skA,9E7fSHRg3bI,6m1IMazLwvpjeL24LUIw2g,66b412d6-0d50-43ff-9bfa-8ba16cc493bd
present_same_path,certain,same_path,no,WEDNESDAY CAMPANELLA/Galapagos/04 メロス - Melos.m4a,メロス - Melos,WEDNESDAY CAMPANELLA,WEDNESDAY CAMPANELLA,Galapagos,237.508,4065305,4qPSHOTzidw,MUFIBJR-F2Q,0Cz25RhAU2G30TiqDnQWpz,,WEDNESDAY CAMPANELLA/Galapagos/04 メロス - Melos.m4a,メロス - Melos,WEDNESDAY CAMPANELLA,WEDNESDAY CAMPANELLA,Galapagos,237.522,4qPSHOTzidw,MUFIBJR-F2Q,0Cz25RhAU2G30TiqDnQWpz,
present_same_path,certain,same_path,no,Maruja/The Tinker/01 The Tinker.m4a,The Tinker,Maruja,Maruja,The Tinker,314.518,5343789,XeFutptLd7o,XeFutptLd7o,2ag6YV2ruIBMYfoVTKZrOo,dc59205c-4348-4aee-856e-a531c5addf8b,Maruja/The Tinker/01 The Tinker.m4a,The Tinker,Maruja,Maruja,The Tinker,314.538,XeFutptLd7o,XeFutptLd7o,2ag6YV2ruIBMYfoVTKZrOo,dc59205c-4348-4aee-856e-a531c5addf8b
present_same_path,certain,same_path,no,"THE DO DO DO's/MIRACLE/01 Hold me baby,kiss！kiss！kiss！.m4a","Hold me baby,kiss！kiss！kiss！",THE DO DO DO's,THE DO DO DO's,MIRACLE,297.008,5451942,bVFYuCNgM2w,gGZ_zZsije8,5bQHtI4fNj4Nt8koCLk70n,,"THE DO DO DO's/MIRACLE/01 Hold me baby,kiss！kiss！kiss！.m4a","Hold me baby,kiss！kiss！kiss！",THE DO DO DO's,THE DO DO DO's,MIRACLE,297.022,bVFYuCNgM2w,gGZ_zZsije8,5bQHtI4fNj4Nt8koCLk70n,
present_same_path,certain,same_path,no,"THE DO DO DO's/Hold me baby, kiss!kiss!kiss!/02 怪獣になりたい！ - I want to be a monster!.m4a",怪獣になりたい！ - I want to be a monster!,THE DO DO DO's,THE DO DO DO's,"Hold me baby, kiss!kiss!kiss!",257.451,4385935,eFr6gNqN1Zo,qv2wItA0HNs,,,"THE DO DO DO's/Hold me baby, kiss!kiss!kiss!/02 怪獣になりたい！ - I want to be a monster!.m4a",怪獣になりたい！ - I want to be a monster!,THE DO DO DO's,THE DO DO DO's,"Hold me baby, kiss!kiss!kiss!",257.472,eFr6gNqN1Zo,qv2wItA0HNs,,
present_same_path,certain,same_path,no,Hema Label/Unknown Album/264 Annie Hall - The Wall (Official Audio).m4a,Annie Hall - The Wall (Official Audio),Hema Label,Hema Label,Unknown Album,351.063,5927482,8p7UD27WJng,8p7UD27WJng,,,Hema Label/Unknown Album/264 Annie Hall - The Wall (Official Audio).m4a,Annie Hall - The Wall (Official Audio),Hema Label,Hema Label,Unknown Album,351.084,8p7UD27WJng,8p7UD27WJng,,
present_same_path,certain,same_path,no,STEREOGIRL/Pink Fog/08 Let's go to see the desert.m4a,Let's go to see the desert,STEREOGIRL,STEREOGIRL,Pink Fog,228.000,3899403,hD_b8nN-SlA,hD_b8nN-SlA,1F0ZJVrd9bUSfGqyNQk6fE,,STEREOGIRL/Pink Fog/08 Let's go to see the desert.m4a,Let's go to see the desert,STEREOGIRL,STEREOGIRL,Pink Fog,228.021,hD_b8nN-SlA,hD_b8nN-SlA,1F0ZJVrd9bUSfGqyNQk6fE,
present_same_path,certain,same_path,no,littlealittle/Unknown Album/945 世界の終わり _ thee michelle gun elephant.m4a,世界の終わり　/　thee michelle gun elephant,littlealittle,littlealittle,Unknown Album,524.779,22578993,xZCbdpAZFxU,xZCbdpAZFxU,,,littlealittle/Unknown Album/945 世界の終わり _ thee michelle gun elephant.m4a,世界の終わり　/　thee michelle gun elephant,littlealittle,littlealittle,Unknown Album,524.800,xZCbdpAZFxU,xZCbdpAZFxU,,
present_same_path,certain,same_path,no,DADARAY/DADASTATION/146 イキツクシ - Ikitsukushi.m4a,イキツクシ - Ikitsukushi,DADARAY,DADARAY,DADASTATION,254.587,4408927,mpo1527BPG8,mpo1527BPG8,3SQ0CYiSyK3gHkAqXltFZM,3bd09abc-ca04-4307-865d-7b754d2c34d2,DADARAY/DADASTATION/146 イキツクシ - Ikitsukushi.m4a,イキツクシ - Ikitsukushi,DADARAY,DADARAY,DADASTATION,254.608,mpo1527BPG8,mpo1527BPG8,3SQ0CYiSyK3gHkAqXltFZM,3bd09abc-ca04-4307-865d-7b754d2c34d2
present_same_path,certain,same_path,no,by the end of summer/Sunlight/815 He Forgot How To Run (2015 remake) - by the end of summer.m4a,He Forgot How To Run (2015 remake) - by the end of summer,by the end of summer,by the end of summer,Sunlight,172.571,3102048,8bFTu_y4wII,8bFTu_y4wII,1OIMS50LKZ4YmwFMynVXES,a049fddd-5466-45dc-a8a0-9e8b8fca8ad2,by the end of summer/Sunlight/815 He Forgot How To Run (2015 remake) - by the end of summer.m4a,He Forgot How To Run (2015 remake) - by the end of summer,by the end of summer,by the end of summer,Sunlight,172.592,8bFTu_y4wII,8bFTu_y4wII,1OIMS50LKZ4YmwFMynVXES,a049fddd-5466-45dc-a8a0-9e8b8fca8ad2
present_same_path,certain,same_path,no,SHOW-YA/SHOWDOWN/12 I am the storm _ WATASHI WA ARASHI.m4a,I am the storm / WATASHI WA ARASHI,SHOW-YA,SHOW-YA,SHOWDOWN,259.014,4634561,DZ__SGp8qXs,DZ__SGp8qXs,,dc42c662-c3d9-4a1a-91a1-489615a2d783,SHOW-YA/SHOWDOWN/12 I am the storm _ WATASHI WA ARASHI.m4a,I am the storm / WATASHI WA ARASHI,SHOW-YA,SHOW-YA,SHOWDOWN,259.035,DZ__SGp8qXs,DZ__SGp8qXs,,dc42c662-c3d9-4a1a-91a1-489615a2d783
present_same_path,certain,same_path,no,the pillows/Ladybird girl/01 Ladybird girl.m4a,Ladybird girl,the pillows,the pillows,Ladybird girl,235.414,4175638,tWajprtWpf8,zfkybV_rwhM,,aae1cfa9-2fc4-4a79-aa3f-e1a74147927c,the pillows/Ladybird girl/01 Ladybird girl.m4a,Ladybird girl,the pillows,the pillows,Ladybird girl,235.435,tWajprtWpf8,zfkybV_rwhM,,aae1cfa9-2fc4-4a79-aa3f-e1a74147927c
present_same_path,certain,same_path,no,Save Us from the Archon/Thereafter/01 I. You Don't Recall Our House Near the Ocean.m4a,I. You Don't Recall Our House Near the Ocean,Save Us from the Archon,Save Us from the Archon,Thereafter,342.407,5616983,Bq0Knsg521k,Bq0Knsg521k,2hBgTuvLtkZNqVglOYKNWa,25791e63-2a4d-4647-8c85-6fae07cadc46,Save Us from the Archon/Thereafter/01 I. You Don't Recall Our House Near the Ocean.m4a,I. You Don't Recall Our House Near the Ocean,Save Us from the Archon,Save Us from the Archon,Thereafter,342.428,Bq0Knsg521k,Bq0Knsg521k,2hBgTuvLtkZNqVglOYKNWa,25791e63-2a4d-4647-8c85-6fae07cadc46
present_same_path,certain,same_path,no,Laur/Collapse/11 Collapse (Instrumental Ver).m4a,Collapse (Instrumental Ver),Laur,Laur,Collapse,266.230,4630456,_7xjTeLr9p8,utdMzuADhNE,2gNQTGo4JS9xq1ac5tCWxh,0eb7cf3d-3962-43d2-9158-b4258d792535,Laur/Collapse/11 Collapse (Instrumental Ver).m4a,Collapse (Instrumental Ver),Laur,Laur,Collapse,266.244,_7xjTeLr9p8,utdMzuADhNE,2gNQTGo4JS9xq1ac5tCWxh,0eb7cf3d-3962-43d2-9158-b4258d792535
present_same_path,certain,same_path,no,erichawk14/Unknown Album/855 At The Drive In - One Armed Scissor.m4a,At The Drive In - One Armed Scissor,erichawk14,erichawk14,Unknown Album,260.087,4445113,1ge6ttcFrvA,1ge6ttcFrvA,,,erichawk14/Unknown Album/855 At The Drive In - One Armed Scissor.m4a,At The Drive In - One Armed Scissor,erichawk14,erichawk14,Unknown Album,260.108,1ge6ttcFrvA,1ge6ttcFrvA,,
present_same_path,certain,same_path,no,落日飛車 Sunset Rollercoaster/Candlelight (feat. OHHYUK)/01 Candlelight (feat. OHHYUK).m4a,Candlelight (feat. OHHYUK),落日飛車 Sunset Rollercoaster,落日飛車 Sunset Rollercoaster,Candlelight (feat. OHHYUK),197.723,3525281,kb0whVogBkI,UM6FjYaCR2I,70DYNbGc6SWqkUvhchYBo9,,落日飛車 Sunset Rollercoaster/Candlelight (feat. OHHYUK)/01 Candlelight (feat. OHHYUK).m4a,Candlelight (feat. OHHYUK),落日飛車 Sunset Rollercoaster,落日飛車 Sunset Rollercoaster,Candlelight (feat. OHHYUK),197.744,kb0whVogBkI,UM6FjYaCR2I,70DYNbGc6SWqkUvhchYBo9,
present_same_path,certain,same_path,no,rock2cool4you/Unknown Album/994 Jam Project Omoide wa Okkusenman!.m4a,Jam Project   Omoide wa Okkusenman!,rock2cool4you,rock2cool4you,Unknown Album,236.600,3970233,1Nnl0ycLvgU,1Nnl0ycLvgU,,,rock2cool4you/Unknown Album/994 Jam Project Omoide wa Okkusenman!.m4a,Jam Project   Omoide wa Okkusenman!,rock2cool4you,rock2cool4you,Unknown Album,236.621,1Nnl0ycLvgU,1Nnl0ycLvgU,,
present_same_path,certain,same_path,no,High And Mighty Color/PRIDE/01 Pride.m4a,Pride,High & Mighty Color,High And Mighty Color,PRIDE,260.067,4642511,lETqVj-3ux4,lETqVj-3ux4,3S78JYV8atqC3wiRDoFUwW,2b008b56-ac42-4959-94ee-33b6b3f801b2,High And Mighty Color/PRIDE/01 Pride.m4a,Pride,High & Mighty Color,High And Mighty Color,PRIDE,260.088,lETqVj-3ux4,lETqVj-3ux4,3S78JYV8atqC3wiRDoFUwW,2b008b56-ac42-4959-94ee-33b6b3f801b2
present_same_path,certain,same_path,no,Dopamine Cloud/Unknown Album/174 Sajjanu - Marv Merchants + Annie Wilkes.m4a,Sajjanu - Marv Merchants + Annie Wilkes,Dopamine Cloud,Dopamine Cloud,Unknown Album,248.559,4202402,yhOv63VmqKw,yhOv63VmqKw,,,Dopamine Cloud/Unknown Album/174 Sajjanu - Marv Merchants + Annie Wilkes.m4a,Sajjanu - Marv Merchants + Annie Wilkes,Dopamine Cloud,Dopamine Cloud,Unknown Album,248.579,yhOv63VmqKw,yhOv63VmqKw,,
present_same_path,certain,same_path,no,ippo.tsk/seeyalater stratocaster/02 JKTmelts.m4a,JKTmelts,ippo.tsk,ippo.tsk,seeyalater stratocaster,206.082,3732532,sb7ICcn5F3M,sb7ICcn5F3M,2vA6AiJgZLLO2AQ0nicSNW,586507fa-a0fb-4171-a18c-e1658ac05c9b,ippo.tsk/seeyalater stratocaster/02 JKTmelts.m4a,JKTmelts,ippo.tsk,ippo.tsk,seeyalater stratocaster,206.103,sb7ICcn5F3M,sb7ICcn5F3M,2vA6AiJgZLLO2AQ0nicSNW,586507fa-a0fb-4171-a18c-e1658ac05c9b
present_same_path,certain,same_path,no,ippo.tsk/seeyalater stratocaster/06 oyasumination.m4a,oyasumination,ippo.tsk,ippo.tsk,seeyalater stratocaster,306.051,5323980,GyjpqeKqzaQ,hE_4qQEnHFo,7bqjTNvE6lSf3Q8Sc1U9S1,1cfbbc5b-39a4-4c24-b1ae-e7165a7a2ecd,ippo.tsk/seeyalater stratocaster/06 oyasumination.m4a,oyasumination,ippo.tsk,ippo.tsk,seeyalater stratocaster,306.072,GyjpqeKqzaQ,hE_4qQEnHFo,7bqjTNvE6lSf3Q8Sc1U9S1,1cfbbc5b-39a4-4c24-b1ae-e7165a7a2ecd
present_same_path,certain,same_path,no,ippo.tsk/seeyalater stratocaster/03 john frustrante.m4a,john frustrante,ippo.tsk,ippo.tsk,seeyalater stratocaster,233.491,4212567,lHSPJKu9WdU,lHSPJKu9WdU,4t5fPcNw1xd6lRTPZUXrt2,dccc6cdc-a771-4f77-bb83-c5cddfb996ed,ippo.tsk/seeyalater stratocaster/03 john frustrante.m4a,john frustrante,ippo.tsk,ippo.tsk,seeyalater stratocaster,233.512,lHSPJKu9WdU,lHSPJKu9WdU,4t5fPcNw1xd6lRTPZUXrt2,dccc6cdc-a771-4f77-bb83-c5cddfb996ed
present_same_path,certain,same_path,no,"ippo.tsk/seeyalater stratocaster/08 though I fear, I still walk.m4a","though I fear, I still walk",ippo.tsk,ippo.tsk,seeyalater stratocaster,308.838,5326407,7Bnir0BL1S4,du6-JvmGJpI,3wGaBAU5DmVRc18hw4ztBu,412389af-8852-432e-8fb8-1dc5dab91820,"ippo.tsk/seeyalater stratocaster/08 though I fear, I still walk.m4a","though I fear, I still walk",ippo.tsk,ippo.tsk,seeyalater stratocaster,308.858,7Bnir0BL1S4,du6-JvmGJpI,3wGaBAU5DmVRc18hw4ztBu,412389af-8852-432e-8fb8-1dc5dab91820
present_same_path,certain,same_path,no,zaq99931/Unknown Album/1321 Advantage Lucy - Sunny.m4a,Advantage Lucy - Sunny,zaq99931,zaq99931,Unknown Album,392.429,5749669,mCu9-kfaRJQ,mCu9-kfaRJQ,,,zaq99931/Unknown Album/1321 Advantage Lucy - Sunny.m4a,Advantage Lucy - Sunny,zaq99931,zaq99931,Unknown Album,392.450,mCu9-kfaRJQ,mCu9-kfaRJQ,,
present_same_path,certain,same_path,no,iVy/any noise/01 any n○ise - any noise.m4a,any n○ise - any noise,iVy,iVy,any noise,243.500,4102834,6og8lGEMcxw,6og8lGEMcxw,2tNxnW2tdtVXk6h5P4oKRc,45e9ee28-3224-4831-a048-190023cab89e,iVy/any noise/01 any n○ise - any noise.m4a,any n○ise - any noise,iVy,iVy,any noise,243.521,6og8lGEMcxw,6og8lGEMcxw,2tNxnW2tdtVXk6h5P4oKRc,45e9ee28-3224-4831-a048-190023cab89e
present_same_path,certain,same_path,no,Kanye West/The Life Of Pablo/02 Father Stretch My Hands Pt. 1.m4a,Father Stretch My Hands Pt. 1,Kanye West,Kanye West,The Life Of Pablo,135.920,2547158,wuO4_P_8p-Q,wuO4_P_8p-Q,4KW1lqgSr8TKrvBII0Brf8,994262c2-5d1a-4a37-9188-12cb040af0ad,Kanye West/The Life Of Pablo/02 Father Stretch My Hands Pt. 1.m4a,Father Stretch My Hands Pt. 1,Kanye West,Kanye West,The Life Of Pablo,135.941,wuO4_P_8p-Q,wuO4_P_8p-Q,4KW1lqgSr8TKrvBII0Brf8,994262c2-5d1a-4a37-9188-12cb040af0ad
present_same_path,certain,same_path,no,"Ludo/You're Awful, I Love You/01 Love Me Dead.m4a",Love Me Dead,Ludo,Ludo,"You're Awful, I Love You",260.541,4506347,0XH3oMNKApI,MSZqD2zh5is,3IlYkyctlcTqXAZOA4ZPzz,1ef86dd5-f89c-4aa7-966d-30c26f2115f1,"Ludo/You're Awful, I Love You/01 Love Me Dead.m4a",Love Me Dead,Ludo,Ludo,"You're Awful, I Love You",260.555,0XH3oMNKApI,MSZqD2zh5is,3IlYkyctlcTqXAZOA4ZPzz,1ef86dd5-f89c-4aa7-966d-30c26f2115f1
present_same_path,certain,same_path,no,mutyumu/il y a/05 反復する世界の果てで白夜は散る - repetitional existence.m4a,反復する世界の果てで白夜は散る - repetitional existence,mutyumu,mutyumu,il y a,352.128,6033168,LebLcpKaK_A,IQJRdPoFAY8,6L2MxoYcFeNKOJJE2DU4Xa,,mutyumu/il y a/05 反復する世界の果てで白夜は散る - repetitional existence.m4a,反復する世界の果てで白夜は散る - repetitional existence,mutyumu,mutyumu,il y a,352.142,LebLcpKaK_A,IQJRdPoFAY8,6L2MxoYcFeNKOJJE2DU4Xa,
present_same_path,certain,same_path,no,mutyumu/il y a/04 僕たちの距離感 - toi et moi.m4a,僕たちの距離感 - toi et moi,mutyumu,mutyumu,il y a,321.600,5508865,gVv8HrUr2wM,gVv8HrUr2wM,4mSdbro5ePyNDpR23HtKZ7,,mutyumu/il y a/04 僕たちの距離感 - toi et moi.m4a,僕たちの距離感 - toi et moi,mutyumu,mutyumu,il y a,321.621,gVv8HrUr2wM,gVv8HrUr2wM,4mSdbro5ePyNDpR23HtKZ7,
present_same_path,certain,same_path,no,Three Days Grace/One-X/06 Riot.m4a,Riot,Three Days Grace,Three Days Grace,One-X,207.587,3556141,ixZDTiXiHsc,IGlg75esXws,1Q2fYlSdwuutWj3QplhY9q,81ef4e9d-402e-492e-88b5-34763b25cde1,Three Days Grace/One-X/06 Riot.m4a,Riot,Three Days Grace,Three Days Grace,One-X,207.608,ixZDTiXiHsc,IGlg75esXws,1Q2fYlSdwuutWj3QplhY9q,81ef4e9d-402e-492e-88b5-34763b25cde1
present_same_path,certain,same_path,no,Thundercat/Unknown Album/705 Thundercat_ NPR Music Tiny Desk Concert.m4a,Thundercat: NPR Music Tiny Desk Concert,Thundercat,Thundercat,Unknown Album,636.053,10905325,zhVgbZdMdb0,zhVgbZdMdb0,,,Thundercat/Unknown Album/705 Thundercat_ NPR Music Tiny Desk Concert.m4a,Thundercat: NPR Music Tiny Desk Concert,Thundercat,Thundercat,Unknown Album,636.074,zhVgbZdMdb0,zhVgbZdMdb0,,
present_same_path,certain,same_path,no,Shirotsume/reminder/604 アクセルペダル - accelerator pedal.m4a,アクセルペダル - accelerator pedal,Shirotsume,Shirotsume,reminder,210.207,3570667,e15_URboJ6s,e15_URboJ6s,,,Shirotsume/reminder/604 アクセルペダル - accelerator pedal.m4a,アクセルペダル - accelerator pedal,Shirotsume,Shirotsume,reminder,210.228,e15_URboJ6s,e15_URboJ6s,,
present_same_path,certain,same_path,no,"Via Luna/Calm and Clear/04 If You Can't Vibe With the Peter Criss Jazz, You Must Be Dead.m4a","If You Can't Vibe With the Peter Criss Jazz, You Must Be Dead",Via Luna,Via Luna,Calm and Clear,197.654,3556301,u7x5tNnzqMI,bitzDdMm7yM,4NWBKP6OrA8dhpx82f06Jz,93071a08-e165-4d22-93e2-ba06740fd957,"Via Luna/Calm and Clear/04 If You Can't Vibe With the Peter Criss Jazz, You Must Be Dead.m4a","If You Can't Vibe With the Peter Criss Jazz, You Must Be Dead",Via Luna,Via Luna,Calm and Clear,197.675,u7x5tNnzqMI,bitzDdMm7yM,4NWBKP6OrA8dhpx82f06Jz,93071a08-e165-4d22-93e2-ba06740fd957
present_same_path,certain,same_path,no,"sow/to growth, for growth/05 to growth, for growth.m4a","to growth, for growth",sow,sow,"to growth, for growth",360.003,5945515,D0zmnWltdHw,V4KeNQBH5D0,62SQfvLLqm7zcxi5FhRZxF,,"sow/to growth, for growth/05 to growth, for growth.m4a","to growth, for growth",sow,sow,"to growth, for growth",360.024,D0zmnWltdHw,V4KeNQBH5D0,62SQfvLLqm7zcxi5FhRZxF,
present_same_path,certain,same_path,no,hidden.tracks/Unknown Album/898 Shiny Times - Always Fades.m4a,Shiny Times - Always Fades,hidden.tracks,hidden.tracks,Unknown Album,177.099,3079753,owhdQezHSpw,owhdQezHSpw,,,hidden.tracks/Unknown Album/898 Shiny Times - Always Fades.m4a,Shiny Times - Always Fades,hidden.tracks,hidden.tracks,Unknown Album,177.120,owhdQezHSpw,owhdQezHSpw,,
present_same_path,certain,same_path,no,Radiohead/Creep/01 Creep.m4a,Creep,Radiohead,Radiohead,Creep,238.640,4413340,XFkzRNyygfk,9RfVp-GhKfs,70LcF31zb1H0PyJoS1Sx1r,44926f7d-9316-4e15-acd6-5a4a572d0bb2,Radiohead/Creep/01 Creep.m4a,Creep,Radiohead,Radiohead,Creep,238.661,XFkzRNyygfk,9RfVp-GhKfs,70LcF31zb1H0PyJoS1Sx1r,44926f7d-9316-4e15-acd6-5a4a572d0bb2
present_same_path,certain,same_path,no,POLICEMAN110Tube/Unknown Album/509 ポリスマン／GAL男宣言.m4a,ポリスマン／GAL男宣言,POLICEMAN110Tube,POLICEMAN110Tube,Unknown Album,229.367,3882367,1EKTw50Uf8M,1EKTw50Uf8M,,,POLICEMAN110Tube/Unknown Album/509 ポリスマン／GAL男宣言.m4a,ポリスマン／GAL男宣言,POLICEMAN110Tube,POLICEMAN110Tube,Unknown Album,229.388,1EKTw50Uf8M,1EKTw50Uf8M,,
present_same_path,certain,same_path,no,whitedude877/Unknown Album/1278 Hako Yamasaki - Tobimasu_山崎ハコ - 飛・び・ま・す (1975).m4a,Hako Yamasaki - Tobimasu/山崎ハコ - 飛・び・ま・す (1975),whitedude877,whitedude877,Unknown Album,3261.995,53584385,hboXXVfj24M,hboXXVfj24M,,,whitedude877/Unknown Album/1278 Hako Yamasaki - Tobimasu_山崎ハコ - 飛・び・ま・す (1975).m4a,Hako Yamasaki - Tobimasu/山崎ハコ - 飛・び・ま・す (1975),whitedude877,whitedude877,Unknown Album,3262.016,hboXXVfj24M,hboXXVfj24M,,
present_same_path,certain,same_path,no,Soundgarden/Superunknown (Super Deluxe)/13 4th Of July.m4a,4th Of July,Soundgarden,Soundgarden,Superunknown (Super Deluxe),308.875,5172238,_bhfYJGhBuQ,91rHFP0OtTE,,7bf006ea-dabb-4899-8642-13c0f93d46c9,Soundgarden/Superunknown (Super Deluxe)/13 4th Of July.m4a,4th Of July,Soundgarden,Soundgarden,Superunknown (Super Deluxe),308.889,_bhfYJGhBuQ,91rHFP0OtTE,,7bf006ea-dabb-4899-8642-13c0f93d46c9
present_same_path,certain,same_path,no,Tokyo Incidents/Sports/713 能動的三分間 - 3 min..m4a,能動的三分間 - 3 min.,Tokyo Incidents,Tokyo Incidents,Sports,180.000,3272469,WZApFSx7l4I,WZApFSx7l4I,,,Tokyo Incidents/Sports/713 能動的三分間 - 3 min..m4a,能動的三分間 - 3 min.,Tokyo Incidents,Tokyo Incidents,Sports,180.021,WZApFSx7l4I,WZApFSx7l4I,,
present_same_path,certain,same_path,no,Tokyo Incidents/Unknown Album/714 永遠の不在証明 - The Scarlet Alibi.m4a,永遠の不在証明 - The Scarlet Alibi,Tokyo Incidents,Tokyo Incidents,Unknown Album,250.923,4175266,E4M7nb903yI,E4M7nb903yI,,,Tokyo Incidents/Unknown Album/714 永遠の不在証明 - The Scarlet Alibi.m4a,永遠の不在証明 - The Scarlet Alibi,Tokyo Incidents,Tokyo Incidents,Unknown Album,250.944,E4M7nb903yI,E4M7nb903yI,,
present_same_path,certain,same_path,no,Tokyo Incidents/Alianza de sangre/01 赤の同盟 - Alianza de sangre.m4a,赤の同盟 - Alianza de sangre,Tokyo Incidents,Tokyo Incidents,Alianza de sangre,249.776,4385706,t67VbQhh9_A,2NjtxT6uHn4,,,Tokyo Incidents/Alianza de sangre/01 赤の同盟 - Alianza de sangre.m4a,赤の同盟 - Alianza de sangre,Tokyo Incidents,Tokyo Incidents,Alianza de sangre,249.790,t67VbQhh9_A,2NjtxT6uHn4,,
present_same_path,certain,same_path,no,Tokyo Incidents/General/30 永遠の不在証明 - The Scarlet Alibi.m4a,永遠の不在証明 - The Scarlet Alibi,Tokyo Incidents,Tokyo Incidents,General,284.000,4949302,zKBCSBfP9TI,3P9lwZIH7_w,,,Tokyo Incidents/General/30 永遠の不在証明 - The Scarlet Alibi.m4a,永遠の不在証明 - The Scarlet Alibi,Tokyo Incidents,Tokyo Incidents,General,284.021,zKBCSBfP9TI,3P9lwZIH7_w,,
present_same_path,certain,same_path,no,Tokyo Incidents/News/712 永遠の不在証明 - The Scarlet Alibi.m4a,永遠の不在証明 - The Scarlet Alibi,Tokyo Incidents,Tokyo Incidents,News,263.640,4552615,hZuv2K60M8o,hZuv2K60M8o,,,Tokyo Incidents/News/712 永遠の不在証明 - The Scarlet Alibi.m4a,永遠の不在証明 - The Scarlet Alibi,Tokyo Incidents,Tokyo Incidents,News,263.661,hZuv2K60M8o,hZuv2K60M8o,,
present_same_path,certain,same_path,no,Tokyo Incidents/Gunjou Biyori -Ideal Days For Ultramarine-/01 群青日和 - Gunjou Biyori -Ideal Days For Ultramarine-.m4a,群青日和 - Gunjou Biyori -Ideal Days For Ultramarine-,Tokyo Incidents,Tokyo Incidents,Gunjou Biyori -Ideal Days For Ultramarine-,219.819,3774617,j-kyVCBJs3c,9_sL2PtRnOQ,,,Tokyo Incidents/Gunjou Biyori -Ideal Days For Ultramarine-/01 群青日和 - Gunjou Biyori -Ideal Days For Ultramarine-.m4a,群青日和 - Gunjou Biyori -Ideal Days For Ultramarine-,Tokyo Incidents,Tokyo Incidents,Gunjou Biyori -Ideal Days For Ultramarine-,219.840,j-kyVCBJs3c,9_sL2PtRnOQ,,
present_same_path,certain,same_path,no,Manami Kakudo/Oar/410 わたしの金曜日 - Watashino Kinyobi.m4a,わたしの金曜日 - Watashino Kinyobi,Manami Kakudo,Manami Kakudo,Oar,138.747,2632390,W8SNdZoekgo,W8SNdZoekgo,,88cc4dc1-f5d5-429a-aa8b-e363bb42177f,Manami Kakudo/Oar/410 わたしの金曜日 - Watashino Kinyobi.m4a,わたしの金曜日 - Watashino Kinyobi,Manami Kakudo,Manami Kakudo,Oar,138.768,W8SNdZoekgo,W8SNdZoekgo,,88cc4dc1-f5d5-429a-aa8b-e363bb42177f
present_same_path,certain,same_path,no,DALLJUB STEP CLUB/Tower/01 Tower.m4a,Tower,DALLJUB STEP CLUB,DALLJUB STEP CLUB,Tower,202.500,3658581,b60LRZfqYfU,b60LRZfqYfU,73QazXk6nTbrj7suVco7XK,,DALLJUB STEP CLUB/Tower/01 Tower.m4a,Tower,DALLJUB STEP CLUB,DALLJUB STEP CLUB,Tower,202.521,b60LRZfqYfU,b60LRZfqYfU,73QazXk6nTbrj7suVco7XK,
present_same_path,certain,same_path,no,kzsmtmr (NO MEMORIES)/Unknown Album/941 bacho 決意の歌.m4a,bacho 決意の歌,kzsmtmr (NO MEMORIES),kzsmtmr (NO MEMORIES),Unknown Album,295.881,4910855,L06fvlberQA,L06fvlberQA,,,kzsmtmr (NO MEMORIES)/Unknown Album/941 bacho 決意の歌.m4a,bacho 決意の歌,kzsmtmr (NO MEMORIES),kzsmtmr (NO MEMORIES),Unknown Album,295.902,L06fvlberQA,L06fvlberQA,,
remote_only_no_equivalent,unmatched,no_equivalent_found,no,Monthly Shonen Irony/Unknown Album/436 少年 - Shonen.m4a,Bobby,Phoebe Bridgers,Phoebe Bridgers,Lost Weekend,239.016,4057649,A4_Swdyevp4,yLbf1Wgida4,6TSHGfV9E66qCNu4UP6xZu,023ef5d6-5ec7-4974-b9ff-eeab2bba43e8,,,,,,,,,,
present_same_path,certain,same_path,no,KEYTALK/OVERTONE/07 パラレル - PARALLEL.m4a,パラレル - PARALLEL,KEYTALK,KEYTALK,OVERTONE,179.131,3271287,nfzQ75KWGCo,7at8YQsthwc,2AiWmfmhH5NYOVEb4Mq8CK,a23e4095-a4fc-46d5-acab-07843b4da184,KEYTALK/OVERTONE/07 パラレル - PARALLEL.m4a,パラレル - PARALLEL,KEYTALK,KEYTALK,OVERTONE,179.145,nfzQ75KWGCo,7at8YQsthwc,2AiWmfmhH5NYOVEb4Mq8CK,a23e4095-a4fc-46d5-acab-07843b4da184
present_same_path,certain,same_path,no,GO TO THE BEDS/Unknown Album/221 majikami.m4a,majikami,GO TO THE BEDS,GO TO THE BEDS,Unknown Album,251.264,4036378,fUsRG90KKi4,fUsRG90KKi4,,,GO TO THE BEDS/Unknown Album/221 majikami.m4a,majikami,GO TO THE BEDS,GO TO THE BEDS,Unknown Album,251.285,fUsRG90KKi4,fUsRG90KKi4,,
present_same_path,certain,same_path,no,Daisuke Kurosawa/Unknown Album/154 X JAPAN - 紅 Kurenai (Full Band Cover 2019).m4a,X JAPAN - 紅 Kurenai (Full Band Cover 2019),Daisuke Kurosawa,Daisuke Kurosawa,Unknown Album,353.745,6030371,PlY74hr1sKE,PlY74hr1sKE,,,Daisuke Kurosawa/Unknown Album/154 X JAPAN - 紅 Kurenai (Full Band Cover 2019).m4a,X JAPAN - 紅 Kurenai (Full Band Cover 2019),Daisuke Kurosawa,Daisuke Kurosawa,Unknown Album,353.766,PlY74hr1sKE,PlY74hr1sKE,,
present_same_path,certain,same_path,no,afloat storage/Hakumei No Matataki/01 刹那に灯たる - Setsuna Ni Hitaru.m4a,刹那に灯たる - Setsuna Ni Hitaru,afloat storage,afloat storage,Hakumei No Matataki,225.615,3906819,DEZ76FTU9y8,MVFalXPtXwk,79V531pIApKP2ec3mFul7m,a2323979-2979-4df6-b240-7a42912b74e9,afloat storage/Hakumei No Matataki/01 刹那に灯たる - Setsuna Ni Hitaru.m4a,刹那に灯たる - Setsuna Ni Hitaru,afloat storage,afloat storage,Hakumei No Matataki,225.636,DEZ76FTU9y8,MVFalXPtXwk,79V531pIApKP2ec3mFul7m,a2323979-2979-4df6-b240-7a42912b74e9
present_same_path,certain,same_path,no,CLW/9608/01 CLW - 9608 (Music Video).m4a,CLW - 9608 (Music Video),CLW,CLW,9608,204.769,3458439,oQVpDU2CR9E,svpu0KJY2r8,5v1isMGG6K5Z1nFMzi3AlN,e91920ee-9c03-4fd0-b455-e79ebbe1ea7a,CLW/9608/01 CLW - 9608 (Music Video).m4a,CLW - 9608 (Music Video),CLW,CLW,9608,204.790,oQVpDU2CR9E,svpu0KJY2r8,5v1isMGG6K5Z1nFMzi3AlN,e91920ee-9c03-4fd0-b455-e79ebbe1ea7a
present_same_path,certain,same_path,no,ThePEKOTARO/Unknown Album/698 スタースタースター (ピアノ有) ぷちゅまる.m4a,スタースタースター (ピアノ有) 　ぷちゅまる,ThePEKOTARO,ThePEKOTARO,Unknown Album,208.725,3535889,hmBCQ0429Rs,hmBCQ0429Rs,,,ThePEKOTARO/Unknown Album/698 スタースタースター (ピアノ有) ぷちゅまる.m4a,スタースタースター (ピアノ有) 　ぷちゅまる,ThePEKOTARO,ThePEKOTARO,Unknown Album,208.746,hmBCQ0429Rs,hmBCQ0429Rs,,
present_same_path,certain,same_path,no,yonige/Coming Spring/03 アボカド.m4a,アボカド,yonige,yonige,Coming Spring,251.606,4505595,F3tnfgZhJME,mlj94gStn78,3gs4PifGETQ6gKqusamnpl,87b3fc93-8cce-4b92-8485-741de4decabb,yonige/Coming Spring/03 アボカド.m4a,アボカド,yonige,yonige,Coming Spring,251.627,F3tnfgZhJME,mlj94gStn78,3gs4PifGETQ6gKqusamnpl,87b3fc93-8cce-4b92-8485-741de4decabb
present_same_path,certain,same_path,no,zts/Umineko no naku koro ni tiru musicbox Red/12 lastendconductor.m4a,lastendconductor,zts,zts,Umineko no naku koro ni tiru musicbox Red,650.145,11017628,TgpGuB_7cO0,TgpGuB_7cO0,2f0ulhgwknClXIoYpuJ0Z1,ed194928-ff7f-4873-89f9-9e1bf0bf474f,zts/Umineko no naku koro ni tiru musicbox Red/12 lastendconductor.m4a,lastendconductor,zts,zts,Umineko no naku koro ni tiru musicbox Red,650.166,TgpGuB_7cO0,TgpGuB_7cO0,2f0ulhgwknClXIoYpuJ0Z1,ed194928-ff7f-4873-89f9-9e1bf0bf474f
present_same_path,certain,same_path,no,ako/All to Myself/01 あたしの全部を愛せない - All to Myself.m4a,あたしの全部を愛せない - All to Myself,ako,ako,All to Myself,198.003,3512568,LgIoIub6Yuw,LgIoIub6Yuw,4nIy52HZ6omZxRnMs6qB0g,,ako/All to Myself/01 あたしの全部を愛せない - All to Myself.m4a,あたしの全部を愛せない - All to Myself,ako,ako,All to Myself,198.024,LgIoIub6Yuw,LgIoIub6Yuw,4nIy52HZ6omZxRnMs6qB0g,
present_same_path,certain,same_path,no,Eve/Unknown Album/199 ドーナツホール 歌ってみた【Eve】.m4a,ドーナツホール 歌ってみた【Eve】,Eve,Eve,Unknown Album,210.048,3536033,CUcVkIBWM2A,CUcVkIBWM2A,,,Eve/Unknown Album/199 ドーナツホール 歌ってみた【Eve】.m4a,ドーナツホール 歌ってみた【Eve】,Eve,Eve,Unknown Album,210.069,CUcVkIBWM2A,CUcVkIBWM2A,,
present_same_path,certain,same_path,no,MEMAI SIREN/image _____/01 image _____.m4a,image _____,MEMAI SIREN,MEMAI SIREN,image _____,289.301,5308866,ZVCj13vjIig,QHKfAO5bf4s,76nuKd9HuauZgYubRB2AxJ,,MEMAI SIREN/image _____/01 image _____.m4a,image _____,MEMAI SIREN,MEMAI SIREN,image _____,289.315,ZVCj13vjIig,QHKfAO5bf4s,76nuKd9HuauZgYubRB2AxJ,
present_same_path,certain,same_path,no,chibi0115/Unknown Album/828 Long Song _ クラムボン.m4a,Long Song / クラムボン,chibi0115,chibi0115,Unknown Album,772.886,12844640,dukLt4L5m3s,dukLt4L5m3s,,,chibi0115/Unknown Album/828 Long Song _ クラムボン.m4a,Long Song / クラムボン,chibi0115,chibi0115,Unknown Album,772.907,dukLt4L5m3s,dukLt4L5m3s,,
present_same_path,certain,same_path,no,Scott Bradlee's Postmodern Jukebox/Emoji Antique/04 Creep (feat. Haley Reinhart).m4a,Creep (feat. Haley Reinhart),Scott Bradlee's Postmodern Jukebox,Scott Bradlee's Postmodern Jukebox,Emoji Antique,283.260,4930504,m3lF2qEA2cw,MGkn8cWhH3o,,,Scott Bradlee's Postmodern Jukebox/Emoji Antique/04 Creep (feat. Haley Reinhart).m4a,Creep (feat. Haley Reinhart),Scott Bradlee's Postmodern Jukebox,Scott Bradlee's Postmodern Jukebox,Emoji Antique,283.281,m3lF2qEA2cw,MGkn8cWhH3o,,
present_same_path,certain,same_path,no,BRDNST/Unknown Album/73 Luv[sic] VI (JBird Ver.).m4a,Luv[sic] VI (JBird Ver.),BRDNST,BRDNST,Unknown Album,229.774,3981192,sflmdc_8wmU,sflmdc_8wmU,,,BRDNST/Unknown Album/73 Luv[sic] VI (JBird Ver.).m4a,Luv[sic] VI (JBird Ver.),BRDNST,BRDNST,Unknown Album,229.794,sflmdc_8wmU,sflmdc_8wmU,,
present_same_path,certain,same_path,no,BRDNST/Unknown Album/72 JBird - I'm Kool Now [Official Music Video].m4a,JBird - I'm Kool Now [Official Music Video],BRDNST,BRDNST,Unknown Album,149.386,2619733,AfosGY1twl4,AfosGY1twl4,,,BRDNST/Unknown Album/72 JBird - I'm Kool Now [Official Music Video].m4a,JBird - I'm Kool Now [Official Music Video],BRDNST,BRDNST,Unknown Album,149.407,AfosGY1twl4,AfosGY1twl4,,
present_same_path,certain,same_path,no,BRDNST/Aruarian Dance/71 _Samurai Champloo - Shiki No Uta_ (Nujabes) - The Brotet.m4a,"""Samurai Champloo - Shiki No Uta"" (Nujabes) - The Brotet",BRDNST,BRDNST,Aruarian Dance,252.959,4165240,8PsG3ycLx3o,8PsG3ycLx3o,,00e66953-a217-41d5-a1a1-8ad49e3b874c,BRDNST/Aruarian Dance/71 _Samurai Champloo - Shiki No Uta_ (Nujabes) - The Brotet.m4a,"""Samurai Champloo - Shiki No Uta"" (Nujabes) - The Brotet",BRDNST,BRDNST,Aruarian Dance,252.980,8PsG3ycLx3o,8PsG3ycLx3o,,00e66953-a217-41d5-a1a1-8ad49e3b874c
present_same_path,certain,same_path,no,Kelsey Lu/Blood/09 I'm Not In Love.m4a,I'm Not In Love,Kelsey Lu,Kelsey Lu,Blood,414.467,6903906,SxdbSt5mnRs,Nsl4d2nOGg8,7InHgiDyJ0GtvnIVslWNPK,e7239465-d544-4ccd-af96-73f98e370b7e,Kelsey Lu/Blood/09 I'm Not In Love.m4a,I'm Not In Love,Kelsey Lu,Kelsey Lu,Blood,414.488,SxdbSt5mnRs,Nsl4d2nOGg8,7InHgiDyJ0GtvnIVslWNPK,e7239465-d544-4ccd-af96-73f98e370b7e
present_same_path,certain,same_path,no,kirye (キリエ)/Unknown Album/929 キリエ _ kirye 『摩耗』MV.m4a,キリエ / kirye 『摩耗』MV,kirye (キリエ),kirye (キリエ),Unknown Album,158.581,2657298,LJVXz4Dul3s,LJVXz4Dul3s,,,kirye (キリエ)/Unknown Album/929 キリエ _ kirye 『摩耗』MV.m4a,キリエ / kirye 『摩耗』MV,kirye (キリエ),kirye (キリエ),Unknown Album,158.602,LJVXz4Dul3s,LJVXz4Dul3s,,
present_same_path,certain,same_path,no,Develop One's Faculties/ヒューマノイド/01 ねえ.m4a,ねえ,Develop One's Faculties,Develop One's Faculties,ヒューマノイド,236.211,4052122,-SNI2u08OjU,vDysrvEZpJU,4XGhByN5QQ2Sh3cAEsqAFe,19b859ed-f912-45a1-9c75-e4d0238aa42e,Develop One's Faculties/ヒューマノイド/01 ねえ.m4a,ねえ,Develop One's Faculties,Develop One's Faculties,ヒューマノイド,236.225,-SNI2u08OjU,vDysrvEZpJU,4XGhByN5QQ2Sh3cAEsqAFe,19b859ed-f912-45a1-9c75-e4d0238aa42e
present_same_path,certain,same_path,no,TokoyoP/Unknown Album/708 Brainwashing BGM used in Pekora's live streaming -たぬきちの冒険 acoustic ver..m4a,Brainwashing BGM used in Pekora's live streaming -たぬきちの冒険 acoustic ver.,TokoyoP,TokoyoP,Unknown Album,77.311,1491875,b-ZRsPVYPnA,b-ZRsPVYPnA,,,TokoyoP/Unknown Album/708 Brainwashing BGM used in Pekora's live streaming -たぬきちの冒険 acoustic ver..m4a,Brainwashing BGM used in Pekora's live streaming -たぬきちの冒険 acoustic ver.,TokoyoP,TokoyoP,Unknown Album,77.332,b-ZRsPVYPnA,b-ZRsPVYPnA,,
present_same_path,certain,same_path,no,YURiKA/KiRA☆KiRA/05 Kyoumen no Nami.m4a,Kyoumen no Nami,YURiKA,YURiKA,KiRA☆KiRA,267.014,4531704,swi8YKz0fsE,swi8YKz0fsE,2Ya8uVKJK9uFOluBUaVfE5,8b611767-2f4e-4e09-9f38-4e732ae49354,YURiKA/KiRA☆KiRA/05 Kyoumen no Nami.m4a,Kyoumen no Nami,YURiKA,YURiKA,KiRA☆KiRA,267.035,swi8YKz0fsE,swi8YKz0fsE,2Ya8uVKJK9uFOluBUaVfE5,8b611767-2f4e-4e09-9f38-4e732ae49354
present_same_path,certain,same_path,no,AKAIKO-EN/Kienai - Ep/13 Rinrin Ranran.m4a,Rinrin Ranran,AKAIKO-EN,AKAIKO-EN,Kienai - Ep,206.294,3777559,ob-z8ypzaaA,ob-z8ypzaaA,,,AKAIKO-EN/Kienai - Ep/13 Rinrin Ranran.m4a,Rinrin Ranran,AKAIKO-EN,AKAIKO-EN,Kienai - Ep,206.315,ob-z8ypzaaA,ob-z8ypzaaA,,
present_same_path,certain,same_path,no,AKAIKO-EN/Orange _ pray/14 オレンジ - Orange.m4a,オレンジ - Orange,AKAIKO-EN,AKAIKO-EN,Orange / pray,287.720,5128729,YLeyjm36WzM,YLeyjm36WzM,3JVPp8uzlARY1YUceQxyED,,AKAIKO-EN/Orange _ pray/14 オレンジ - Orange.m4a,オレンジ - Orange,AKAIKO-EN,AKAIKO-EN,Orange / pray,287.741,YLeyjm36WzM,YLeyjm36WzM,3JVPp8uzlARY1YUceQxyED,
present_same_path,certain,same_path,no,QUEEN BEE/STARRY NIGHT/01 夜天 - STARRY NIGHT.m4a,夜天 - STARRY NIGHT,QUEEN BEE,QUEEN BEE,STARRY NIGHT,239.901,4239510,8AAPdPRGsK8,off8GKUndUo,,,QUEEN BEE/STARRY NIGHT/01 夜天 - STARRY NIGHT.m4a,夜天 - STARRY NIGHT,QUEEN BEE,QUEEN BEE,STARRY NIGHT,239.915,8AAPdPRGsK8,off8GKUndUo,,
present_same_path,certain,same_path,no,Nate Mercereau/Joy Techniques/475 There You Are.m4a,There You Are,Nate Mercereau,Nate Mercereau,Joy Techniques,360.294,6172148,snLHhB4wX5A,0xDXPiocexE,1N0awl8Fib1yeH5r5Fal3Q,99060d06-2054-4e93-93ad-74369f6e51df,Nate Mercereau/Joy Techniques/475 There You Are.m4a,There You Are,Nate Mercereau,Nate Mercereau,Joy Techniques,360.315,snLHhB4wX5A,0xDXPiocexE,1N0awl8Fib1yeH5r5Fal3Q,99060d06-2054-4e93-93ad-74369f6e51df
present_same_path,certain,same_path,no,Fazerdaze/Morningside/02 Lucky Girl.m4a,Lucky Girl,Fazerdaze,Fazerdaze,Morningside,170.997,3392424,My4j3vgFxbE,CMQ7vjaNtJ8,5eEXenmmeqBnXqVTbdyGNI,324cd1e2-316e-45a8-ac19-c2d90531b999,Fazerdaze/Morningside/02 Lucky Girl.m4a,Lucky Girl,Fazerdaze,Fazerdaze,Morningside,171.018,My4j3vgFxbE,CMQ7vjaNtJ8,5eEXenmmeqBnXqVTbdyGNI,324cd1e2-316e-45a8-ac19-c2d90531b999
present_same_path,certain,same_path,no,AZgkft/Unknown Album/19 Anri-Shyness Boy.m4a,Anri-Shyness Boy,AZgkft,AZgkft,Unknown Album,196.732,3364109,ckRSn2zWt_o,ckRSn2zWt_o,,,AZgkft/Unknown Album/19 Anri-Shyness Boy.m4a,Anri-Shyness Boy,AZgkft,AZgkft,Unknown Album,196.752,ckRSn2zWt_o,ckRSn2zWt_o,,
present_same_path,certain,same_path,no,50 Cent/Get Rich Or Die Tryin'/08 If I Can't.m4a,If I Can't,50 Cent,50 Cent,Get Rich Or Die Tryin',196.648,3697472,W6QmEl9JyuU,JaM83rCSB7k,7JeKXMQKm6GoLGTkNy2jZ0,7717614d-0cc1-4374-a287-9dc812fbc89e,50 Cent/Get Rich Or Die Tryin'/08 If I Can't.m4a,If I Can't,50 Cent,50 Cent,Get Rich Or Die Tryin',196.662,W6QmEl9JyuU,JaM83rCSB7k,7JeKXMQKm6GoLGTkNy2jZ0,7717614d-0cc1-4374-a287-9dc812fbc89e
present_same_path,certain,same_path,no,KOIAI/Come see me/338 Come see me.m4a,Come see me,KOIAI,KOIAI,Come see me,282.657,4733267,1ifkgjGKTng,1ifkgjGKTng,6kSdT7Q0lOu69tGzRqzcza,8f8095a2-f2a9-45d0-a084-f33d9a82dc6a,KOIAI/Come see me/338 Come see me.m4a,Come see me,KOIAI,KOIAI,Come see me,282.678,1ifkgjGKTng,1ifkgjGKTng,6kSdT7Q0lOu69tGzRqzcza,8f8095a2-f2a9-45d0-a084-f33d9a82dc6a
present_same_path,certain,same_path,no,Aiobahn/all connected EP m3 repack/23 宙でおやすみ (demo instrumental).m4a,宙でおやすみ (demo instrumental),Aiobahn,Aiobahn,all connected EP m3 repack,169.553,3027276,3z8y7enYB30,3z8y7enYB30,,1c232ae9-e57c-4bb2-8a72-8c249cc3398a,Aiobahn/all connected EP m3 repack/23 宙でおやすみ (demo instrumental).m4a,宙でおやすみ (demo instrumental),Aiobahn,Aiobahn,all connected EP m3 repack,169.573,3z8y7enYB30,3z8y7enYB30,,1c232ae9-e57c-4bb2-8a72-8c249cc3398a
present_same_path,certain,same_path,no,My Chemical Romance/Number Four/01 Kiss the Ring.m4a,Kiss the Ring,My Chemical Romance,My Chemical Romance,Number Four,188.907,3381001,rYtWnSfdSOc,yQ7lR3uBW90,2I4dgdRRupMhZCusqTsp8W,21349906-283b-44ba-a1b7-b884dc8d00c1,My Chemical Romance/Number Four/01 Kiss the Ring.m4a,Kiss the Ring,My Chemical Romance,My Chemical Romance,Number Four,188.928,rYtWnSfdSOc,yQ7lR3uBW90,2I4dgdRRupMhZCusqTsp8W,21349906-283b-44ba-a1b7-b884dc8d00c1
present_same_path,certain,same_path,no,Houshou Marine/Dead Ma’am’s Chest/01 幽霊船戦 - Dead Ma’am’s Chest.m4a,幽霊船戦 - Dead Ma’am’s Chest,Houshou Marine,Houshou Marine,Dead Ma’am’s Chest,264.000,4529230,QfGuQELt1Tk,zlBhPrMRPtQ,,,Houshou Marine/Dead Ma’am’s Chest/01 幽霊船戦 - Dead Ma’am’s Chest.m4a,幽霊船戦 - Dead Ma’am’s Chest,Houshou Marine,Houshou Marine,Dead Ma’am’s Chest,264.021,QfGuQELt1Tk,zlBhPrMRPtQ,,
present_same_path,certain,same_path,no,rob official/Unknown Album/993 rob 「said」 Music Video.m4a,rob 「said」 Music Video,rob official,rob official,Unknown Album,228.800,3884454,52cKLa_LuPs,52cKLa_LuPs,,,rob official/Unknown Album/993 rob 「said」 Music Video.m4a,rob 「said」 Music Video,rob official,rob official,Unknown Album,228.821,52cKLa_LuPs,52cKLa_LuPs,,
present_same_path,certain,same_path,no,Carpenter Brut/Maniac (feat. Yann Ligner)/01 Maniac (feat. Yann Ligner).m4a,Maniac (feat. Yann Ligner),Carpenter Brut,Carpenter Brut,Maniac (feat. Yann Ligner),278.360,5000724,LcI8sfwxvIs,LcI8sfwxvIs,,,Carpenter Brut/Maniac (feat. Yann Ligner)/01 Maniac (feat. Yann Ligner).m4a,Maniac (feat. Yann Ligner),Carpenter Brut,Carpenter Brut,Maniac (feat. Yann Ligner),278.381,LcI8sfwxvIs,LcI8sfwxvIs,,
present_same_path,certain,same_path,no,SiM/THE BEAUTiFUL PEOPLE/606 SiM - EXiSTENCE (OFFICIAL VIDEO).m4a,SiM - EXiSTENCE (OFFICIAL VIDEO),SiM,SiM,THE BEAUTiFUL PEOPLE,325.370,5305462,UG0WMZmkbm4,UG0WMZmkbm4,,cd653441-0688-4d0f-8c49-79258952245f,SiM/THE BEAUTiFUL PEOPLE/606 SiM - EXiSTENCE (OFFICIAL VIDEO).m4a,SiM - EXiSTENCE (OFFICIAL VIDEO),SiM,SiM,THE BEAUTiFUL PEOPLE,325.391,UG0WMZmkbm4,UG0WMZmkbm4,,cd653441-0688-4d0f-8c49-79258952245f
present_same_path,certain,same_path,no,XXX/KYOMI/07 Flight Attendant.m4a,Flight Attendant,XXX,XXX,KYOMI,226.661,3938979,QtIepGM7USU,y70Afl28X0w,,288d787f-1efc-4340-bf8b-68f528754e04,XXX/KYOMI/07 Flight Attendant.m4a,Flight Attendant,XXX,XXX,KYOMI,226.675,QtIepGM7USU,y70Afl28X0w,,288d787f-1efc-4340-bf8b-68f528754e04
present_same_path,certain,same_path,no,Clammbon/Unknown Album/121 THE NEW SONG _ clammbon(クラムボン).m4a,THE NEW SONG / clammbon(クラムボン),clammbon,clammbon,Unknown Album,276.260,4381331,t-6q4RQ7czs,t-6q4RQ7czs,4skh5hbJzYZqmdP8nWk1wg,,Clammbon/Unknown Album/121 THE NEW SONG _ clammbon(クラムボン).m4a,THE NEW SONG / clammbon(クラムボン),clammbon,clammbon,Unknown Album,276.281,t-6q4RQ7czs,t-6q4RQ7czs,4skh5hbJzYZqmdP8nWk1wg,
present_same_path,certain,same_path,no,Clammbon/Unknown Album/122 バイタルサイン (stereo) - Vital Signs (Stereo).m4a,バイタルサイン (stereo) - Vital Signs (Stereo),Clammbon,Clammbon,Unknown Album,280.300,4574586,6uNcoc6L87g,6uNcoc6L87g,6zAzShb4q79wESq0CxMaHY,,Clammbon/Unknown Album/122 バイタルサイン (stereo) - Vital Signs (Stereo).m4a,バイタルサイン (stereo) - Vital Signs (Stereo),Clammbon,Clammbon,Unknown Album,280.321,6uNcoc6L87g,6uNcoc6L87g,6zAzShb4q79wESq0CxMaHY,
present_same_path,certain,same_path,no,Clammbon/2010/12 あかり from HERE (clammbon side).m4a,あかり from HERE (clammbon side),clammbon,clammbon,2010,548.214,9147804,8sSoixQ4zb8,xQbB0ZFdF-M,6Gtfb8BhwHl6jUqBD0LJmG,,Clammbon/2010/12 あかり from HERE (clammbon side).m4a,あかり from HERE (clammbon side),clammbon,clammbon,2010,548.235,8sSoixQ4zb8,xQbB0ZFdF-M,6Gtfb8BhwHl6jUqBD0LJmG,
present_same_path,certain,same_path,no,Insurgent/Sentient/04 Colours Bleed.m4a,Colours Bleed,Insurgent,Insurgent,Sentient,245.008,4354044,j75zsKrV6iU,FG5KJm_2idE,1T1oqUBgifeK22dGt9k9t5,c1e5548a-135a-4c86-bda7-7fd573c51361,Insurgent/Sentient/04 Colours Bleed.m4a,Colours Bleed,Insurgent,Insurgent,Sentient,245.022,j75zsKrV6iU,FG5KJm_2idE,1T1oqUBgifeK22dGt9k9t5,c1e5548a-135a-4c86-bda7-7fd573c51361
present_same_path,certain,same_path,no,Insurgent/Sentient/02 Counterpart.m4a,Counterpart,Insurgent,Insurgent,Sentient,228.008,4072079,6ZfQEKzWGqA,kvUlsXt5AM8,2ZpWtIsvThoX5bUwhlO5vz,85f846bb-02c8-45df-97d2-c1c82d8262b0,Insurgent/Sentient/02 Counterpart.m4a,Counterpart,Insurgent,Insurgent,Sentient,228.022,6ZfQEKzWGqA,kvUlsXt5AM8,2ZpWtIsvThoX5bUwhlO5vz,85f846bb-02c8-45df-97d2-c1c82d8262b0
present_same_path,certain,same_path,no,Wisteria/ピース/01 ピース.m4a,ピース,Wisteria,Wisteria,ピース,220.208,3921231,Bj0BTuwpW20,sJlX4_D1HtA,71NxBSjs9EU70wBZ4eaRSA,037e8e5f-295f-45e5-94ef-611a64c4716f,Wisteria/ピース/01 ピース.m4a,ピース,Wisteria,Wisteria,ピース,220.222,Bj0BTuwpW20,sJlX4_D1HtA,71NxBSjs9EU70wBZ4eaRSA,037e8e5f-295f-45e5-94ef-611a64c4716f
present_same_path,certain,same_path,no,ame_no_parade/sense/06 その夜の謳歌 - Sono Yoruno Oka.m4a,その夜の謳歌 - Sono Yoruno Oka,ame_no_parade,ame_no_parade,sense,272.000,4651893,ac14AaFw12w,ac14AaFw12w,,,ame_no_parade/sense/06 その夜の謳歌 - Sono Yoruno Oka.m4a,その夜の謳歌 - Sono Yoruno Oka,ame_no_parade,ame_no_parade,sense,272.021,ac14AaFw12w,ac14AaFw12w,,
present_same_path,certain,same_path,no,Netako Nekota/Strange Bouquet/03 Minimize.m4a,Minimize,Netako Nekota,Netako Nekota,Strange Bouquet,228.848,3951751,pVsMHtj_B8E,wGs4YmRcEOI,1ZUwHOz4vqtffjcehFXhkT,,Netako Nekota/Strange Bouquet/03 Minimize.m4a,Minimize,Netako Nekota,Netako Nekota,Strange Bouquet,228.862,pVsMHtj_B8E,wGs4YmRcEOI,1ZUwHOz4vqtffjcehFXhkT,
present_same_path,certain,same_path,no,a crowd of rebellion/Ill/01 Ill.m4a,Ill,a crowd of rebellion,a crowd of rebellion,Ill,235.932,3926303,r0Wuc09tZ-A,7SrJ87Fmplg,1YarhAkZcl1GNimgXyPvET,6f843f1f-a571-4679-be59-bb3648bfee09,a crowd of rebellion/Ill/01 Ill.m4a,Ill,a crowd of rebellion,a crowd of rebellion,Ill,235.953,r0Wuc09tZ-A,7SrJ87Fmplg,1YarhAkZcl1GNimgXyPvET,6f843f1f-a571-4679-be59-bb3648bfee09
present_same_path,certain,same_path,no,Hello Sleepwalkers/Planless Perfection/04 神話崩壊 - Shinwa Houkai.m4a,神話崩壊 - Shinwa Houkai,Hello Sleepwalkers,Hello Sleepwalkers,Planless Perfection,220.848,3881301,Zxwe-nfZJyM,OWygrr0pJSU,,baf2b2cd-b490-4dac-bf5e-362996a619ba,Hello Sleepwalkers/Planless Perfection/04 神話崩壊 - Shinwa Houkai.m4a,神話崩壊 - Shinwa Houkai,Hello Sleepwalkers,Hello Sleepwalkers,Planless Perfection,220.862,Zxwe-nfZJyM,OWygrr0pJSU,,baf2b2cd-b490-4dac-bf5e-362996a619ba
present_same_path,certain,same_path,no,Hello Sleepwalkers/Shin Sekai/263 新世界 - Shin Sekai.m4a,新世界 - Shin Sekai,Hello Sleepwalkers,Hello Sleepwalkers,Shin Sekai,218.587,4069842,NyTV0NiD7no,NyTV0NiD7no,0AxsjHWWTpTbjAvDLJfzvJ,1538ffd4-729e-4710-8d93-eac9822552b2,Hello Sleepwalkers/Shin Sekai/263 新世界 - Shin Sekai.m4a,新世界 - Shin Sekai,Hello Sleepwalkers,Hello Sleepwalkers,Shin Sekai,218.608,NyTV0NiD7no,NyTV0NiD7no,0AxsjHWWTpTbjAvDLJfzvJ,1538ffd4-729e-4710-8d93-eac9822552b2
present_same_path,certain,same_path,no,toe/NOW I SEE THE LIGHT/1137 LONELINESS WILL SHINE.m4a,LONELINESS WILL SHINE,toe,toe,NOW I SEE THE LIGHT,375.003,6063804,ZcS6ix-cIYQ,ZcS6ix-cIYQ,3Vz7rPtKueXG50yCFOwYOw,641a0081-384e-4073-be1e-ecb6e37e0c4a,toe/NOW I SEE THE LIGHT/1137 LONELINESS WILL SHINE.m4a,LONELINESS WILL SHINE,toe,toe,NOW I SEE THE LIGHT,375.024,ZcS6ix-cIYQ,ZcS6ix-cIYQ,3Vz7rPtKueXG50yCFOwYOw,641a0081-384e-4073-be1e-ecb6e37e0c4a
present_same_path,certain,same_path,no,toe/Unknown Album/1139 “Distance Sessions 2020”.m4a,“Distance Sessions 2020”,toe,toe,Unknown Album,728.979,12013423,jDHmg8Mb9wo,jDHmg8Mb9wo,,,toe/Unknown Album/1139 “Distance Sessions 2020”.m4a,“Distance Sessions 2020”,toe,toe,Unknown Album,729.000,jDHmg8Mb9wo,jDHmg8Mb9wo,,
present_same_path,certain,same_path,no,toe/Our Latest Number/04 F_A_R.m4a,F_A_R,toe,toe,Our Latest Number,340.389,5669734,84MzhDVYu98,mlKMVmVGepU,0DIZfxOZGNGr2pzuppwUvv,c28b9b5a-422c-4ac1-9bf3-1b2bb2e2fb30,toe/Our Latest Number/04 F_A_R.m4a,F_A_R,toe,toe,Our Latest Number,340.409,84MzhDVYu98,mlKMVmVGepU,0DIZfxOZGNGr2pzuppwUvv,c28b9b5a-422c-4ac1-9bf3-1b2bb2e2fb30
present_same_path,certain,same_path,no,BUTAOTOME/Trauma Recorder/74 トラウマレコーダー - Trauma Recorder.m4a,トラウマレコーダー - Trauma Recorder,Butaotome,Butaotome,Trauma Recorder,216.640,3833910,NbrDgG5D3wo,NbrDgG5D3wo,,,BUTAOTOME/Trauma Recorder/74 トラウマレコーダー - Trauma Recorder.m4a,トラウマレコーダー - Trauma Recorder,Butaotome,Butaotome,Trauma Recorder,216.661,NbrDgG5D3wo,NbrDgG5D3wo,,
present_same_path,certain,same_path,no,Foo Fighters/Concrete and Gold/02 Run.m4a,Run,Foo Fighters,Foo Fighters,Concrete and Gold,323.381,5573227,ifwc5xgI3QM,wWWz_YxFqT4,1wLQwg0mloy3yXjL0jPE0N,7a8e4c13-76a0-4e68-8eae-64448d2c7160,Foo Fighters/Concrete and Gold/02 Run.m4a,Run,Foo Fighters,Foo Fighters,Concrete and Gold,323.395,ifwc5xgI3QM,wWWz_YxFqT4,1wLQwg0mloy3yXjL0jPE0N,7a8e4c13-76a0-4e68-8eae-64448d2c7160
present_same_path,certain,same_path,no,Shaun Ambu/Unknown Album/598 Ichikoro - Enemy (Short Cover) Feat. Rema and Mapuia.m4a,Ichikoro - Enemy (Short Cover) Feat. Rema and Mapuia,Shaun Ambu,Shaun Ambu,Unknown Album,66.944,1276480,RSQFyrCpAws,RSQFyrCpAws,,,Shaun Ambu/Unknown Album/598 Ichikoro - Enemy (Short Cover) Feat. Rema and Mapuia.m4a,Ichikoro - Enemy (Short Cover) Feat. Rema and Mapuia,Shaun Ambu,Shaun Ambu,Unknown Album,66.964,RSQFyrCpAws,RSQFyrCpAws,,
present_same_path,certain,same_path,no,Dna Volkov Lohan Kikuchi/Unknown Album/173 Yuuwaku no Akai Kiss💋 MutanT👹 mOnsteR.m4a,Yuuwaku no Akai Kiss💋 MutanT👹 mOnsteR,Dna Volkov Lohan Kikuchi,Dna Volkov Lohan Kikuchi,Unknown Album,238.168,3432537,nCbXWFnZIzw,nCbXWFnZIzw,,,Dna Volkov Lohan Kikuchi/Unknown Album/173 Yuuwaku no Akai Kiss💋 MutanT👹 mOnsteR.m4a,Yuuwaku no Akai Kiss💋 MutanT👹 mOnsteR,Dna Volkov Lohan Kikuchi,Dna Volkov Lohan Kikuchi,Unknown Album,238.188,nCbXWFnZIzw,nCbXWFnZIzw,,
present_same_path,certain,same_path,no,PANICROOMTAKESHIT/Unknown Album/506 八十八ヶ所巡礼「仏滅トリシュナー」.m4a,八十八ヶ所巡礼「仏滅トリシュナー」,PANICROOMTAKESHIT,PANICROOMTAKESHIT,Unknown Album,308.443,5258678,c7apuNjIRe0,c7apuNjIRe0,,,PANICROOMTAKESHIT/Unknown Album/506 八十八ヶ所巡礼「仏滅トリシュナー」.m4a,八十八ヶ所巡礼「仏滅トリシュナー」,PANICROOMTAKESHIT,PANICROOMTAKESHIT,Unknown Album,308.464,c7apuNjIRe0,c7apuNjIRe0,,
present_same_path,certain,same_path,no,SPACE SHOWER TV/Unknown Album/580 DRIP TOKYO #21 羊文学.m4a,DRIP TOKYO #21 羊文学,SPACE SHOWER TV,SPACE SHOWER TV,Unknown Album,1457.831,23962642,p6uYq0_4ct8,p6uYq0_4ct8,,,SPACE SHOWER TV/Unknown Album/580 DRIP TOKYO #21 羊文学.m4a,DRIP TOKYO #21 羊文学,SPACE SHOWER TV,SPACE SHOWER TV,Unknown Album,1457.851,p6uYq0_4ct8,p6uYq0_4ct8,,
present_same_path,certain,same_path,no,POSITIVE+/The Thought of Losing You/513 Lost Youth.m4a,Lost Youth,POSITIVE+,POSITIVE+,The Thought of Losing You,194.824,3759163,IAJ6LJjCI-M,IAJ6LJjCI-M,6cxuOlmq8lcHw3B03DDKIy,c8f76459-e058-4e53-87d1-2ee29864e60f,POSITIVE+/The Thought of Losing You/513 Lost Youth.m4a,Lost Youth,POSITIVE+,POSITIVE+,The Thought of Losing You,194.845,IAJ6LJjCI-M,IAJ6LJjCI-M,6cxuOlmq8lcHw3B03DDKIy,c8f76459-e058-4e53-87d1-2ee29864e60f
present_same_path,certain,same_path,no,People In The Box/聖者たち/01 聖者たち.m4a,聖者たち,People In The Box,People In The Box,聖者たち,235.307,4012055,ZJgXyaENGwg,ZJgXyaENGwg,4KqsLRDsHTHCMhH5ktgc6K,2750472b-7a9a-4356-8ffb-14f1f490cdf5,People In The Box/聖者たち/01 聖者たち.m4a,聖者たち,People In The Box,People In The Box,聖者たち,235.328,ZJgXyaENGwg,ZJgXyaENGwg,4KqsLRDsHTHCMhH5ktgc6K,2750472b-7a9a-4356-8ffb-14f1f490cdf5
present_same_path,certain,same_path,no,Christone _Kingfish_ Ingram/662/01 662.m4a,662,"Christone ""Kingfish"" Ingram","Christone ""Kingfish"" Ingram",662,197.789,3537299,QdC99sQRd1s,IgQsV0reSQw,0Fuv0Sf9UJba2PISbLZxCe,4e5f2729-b3db-4a26-ac90-1ea34d1cedae,Christone _Kingfish_ Ingram/662/01 662.m4a,662,"Christone ""Kingfish"" Ingram","Christone ""Kingfish"" Ingram",662,197.803,QdC99sQRd1s,IgQsV0reSQw,0Fuv0Sf9UJba2PISbLZxCe,4e5f2729-b3db-4a26-ac90-1ea34d1cedae
present_same_path,certain,same_path,no,Joji/In Tongues/01 Will He.m4a,Will He,Joji,Joji,In Tongues,202.103,3673209,R2zXxQHBpd8,CO0-a3O0G7g,3O2BsbHOMRtMgDdCoBp1pj,9303eed7-cda3-44af-9fb2-5d783cbee210,Joji/In Tongues/01 Will He.m4a,Will He,Joji,Joji,In Tongues,202.124,R2zXxQHBpd8,CO0-a3O0G7g,3O2BsbHOMRtMgDdCoBp1pj,9303eed7-cda3-44af-9fb2-5d783cbee210
present_same_path,certain,same_path,no,bud music/Unknown Album/813 jizue｢sun｣.m4a,jizue｢sun｣,bud music,bud music,Unknown Album,361.792,5989692,Khsl3mzEJjg,Khsl3mzEJjg,,,bud music/Unknown Album/813 jizue｢sun｣.m4a,jizue｢sun｣,bud music,bud music,Unknown Album,361.813,Khsl3mzEJjg,Khsl3mzEJjg,,
